Date,Open,High,Low,Close,Volume
2021-04-07 04:00:00,122.55788011147936,124.5935275475856,121.88582070386656,124.57405090332033,83466700
2021-04-08 04:00:00,125.59674758502776,126.99930382725644,125.17793655097104,126.97008514404295,88844600
2021-04-09 04:00:00,126.42462946477704,129.5803656375029,126.1032091394081,129.54141235351562,106686700
2021-04-12 04:00:00,129.07386893551856,129.395289186928,127.23301830434796,127.82715606689452,91420000
2021-04-13 04:00:00,128.99597765783932,131.15824904554103,128.49923039780398,130.93421936035156,91266500
2021-04-14 04:00:00,131.43096458655666,131.4894019428346,128.2362603060902,128.5966339111328,87222800
2021-04-15 04:00:00,130.3400554559003,131.4893627521274,130.16472857733012,131.0023651123047,89347100
2021-04-16 04:00:00,130.8076081751269,131.16798178060714,129.81412853121648,130.67124938964844,84922400
2021-04-19 04:00:00,130.0381412567294,131.9471790846723,129.87256379574342,131.33355712890625,94264200
2021-04-20 04:00:00,131.5088638445784,132.00559615119002,128.3823320528723,129.64852905273438,94812300
2021-04-21 04:00:00,128.91807261047788,130.27192605122198,127.88563953707524,130.02842712402344,68847100
2021-04-22 04:00:00,129.58038910212525,130.66152498796075,127.99278612277816,128.50900268554688,84566500
2021-04-23 04:00:00,128.7232835065709,131.6063026401296,128.7232835065709,130.82711791992188,78657500
2021-04-26 04:00:00,131.32383017529745,131.5478450047434,130.08685158645528,131.21669006347656,66905100
2021-04-27 04:00:00,131.49918215520873,131.8887894355082,130.62259178303162,130.8953094482422,66015800
2021-04-28 04:00:00,130.81735115204378,131.50889459107745,129.61934068424674,130.10633850097656,107760100
2021-04-29 04:00:00,132.92116293750138,133.5055661641117,129.0056969879915,130.0089111328125,151101000
2021-04-30 04:00:00,128.35315956120257,130.0868708182536,127.66163089702832,128.04148864746094,109839500
2021-05-03 04:00:00,128.6063403344398,130.5835645811877,128.40180963228673,129.0933380126953,75135100
2021-05-04 04:00:00,127.77848641989289,128.070688075214,123.40524078183633,124.52533721923828,137564700
2021-05-05 04:00:00,125.84021547722772,127.05770985077288,124.64220517501704,124.76882934570312,84000900
2021-05-06 04:00:00,124.56429785702493,126.37593028448455,123.8240591134078,126.36619567871094,78128300
2021-05-07 04:00:00,127.66379828936026,128.06380344320834,126.32714777247271,127.03938293457033,78973300
2021-05-10 04:00:00,126.25886120807225,126.38568557584613,123.72216543128324,123.76119232177734,88071200
2021-05-11 04:00:00,120.4927732833166,123.19532046962064,119.78054551827158,122.8440933227539,126142800
2021-05-12 04:00:00,120.39519702699737,121.60500079746392,119.27319817304677,119.78053283691406,112172300
2021-05-13 04:00:00,121.54646856304096,123.07823863645709,121.23426088704588,121.92697143554688,105861300
2021-05-14 04:00:00,123.17581112527976,124.77587651193252,122.78554964091155,124.34658813476562,81918000
2021-05-17 04:00:00,123.7319305977149,123.83925269137896,122.12210663637244,123.19532012939452,74244600
2021-05-18 04:00:00,123.47825121325307,123.89778097564653,121.7415955505699,121.80989074707033,63342900
2021-05-19 04:00:00,120.16105765432344,121.87819629608094,119.86835967667768,121.65380096435548,92612000
2021-05-20 04:00:00,122.18063773268084,124.61000384937137,122.05379848438088,124.2099838256836,76857100
2021-05-21 04:00:00,124.70758884704348,124.88320615344152,122.16114162608145,122.37578582763672,79295400
2021-05-24 04:00:00,122.94163409095792,124.82463851355791,122.87333890230887,124.00508880615234,63092900
2021-05-25 04:00:00,124.70757079826136,125.19540319531396,123.24409593795777,123.80997467041016,72009500
2021-05-26 04:00:00,123.86851440973156,124.28804417802036,123.34166255348856,123.76119232177734,56575900
2021-05-27 04:00:00,123.3611810284224,124.5319579811851,122.03429651202822,122.22942352294922,94625600
2021-05-28 04:00:00,122.51236771666936,122.73677048730885,121.51720801205188,121.57574462890624,71311100
2021-06-01 04:00:00,122.03433021434952,122.29775249620424,120.92208956897102,121.2538070678711,67637100
2021-06-02 04:00:00,121.25377238108098,122.19039542274524,121.02937706510446,122.01477813720705,59278900
2021-06-03 04:00:00,121.64403969713835,121.80989840712398,120.1317792520212,120.53179931640624,76229200
2021-06-04 04:00:00,121.04890215666704,123.0880146444984,120.83425795335646,122.8245849609375,75169300
2021-06-07 04:00:00,123.09774990370911,123.24409888195902,121.7903825702114,122.8343276977539,71057600
2021-06-08 04:00:00,123.5172792346542,125.33199613747028,123.13677635872094,123.65386962890624,74403800
2021-06-09 04:00:00,124.1124318358548,124.63928371308172,123.43923097435068,124.0343780517578,56877900
2021-06-10 04:00:00,123.92705266664278,125.06856875877892,122.87335638380549,123.03921508789062,71186400
2021-06-11 04:00:00,123.44899833208645,124.33684344114933,123.02946851727128,124.24903106689452,53522400
2021-06-14 04:00:00,124.70758548178374,127.36134728829198,123.9758479654745,127.30281066894533,96906500
2021-06-15 04:00:00,126.7759437818044,127.41987625518644,126.23933338731938,126.48324584960938,62746300
2021-06-16 04:00:00,127.19547149849583,127.70281361013316,125.33199152138448,126.98082733154295,91815000
2021-06-17 04:00:00,126.6393832290609,129.3224209462561,126.49302678487064,128.58091735839844,96721700
2021-06-18 04:00:00,127.52723008894328,128.30773825283313,127.06867335467656,127.28331756591795,108953300
2021-06-21 04:00:00,127.12720634134745,129.18582857227696,126.06375134431808,129.07850646972656,79663300
2021-06-22 04:00:00,128.912661708904,130.8151765627034,128.41507059443637,130.7176055908203,74783600
2021-06-23 04:00:00,130.51269961588608,131.04931007255976,129.98584029942936,130.44439697265625,60214200
2021-06-24 04:00:00,131.17616869873564,131.3615446219249,129.69317620046218,130.1614990234375,68711000
2021-06-25 04:00:00,130.2102425761428,130.6297648884673,129.57606120699057,129.86875915527344,70783700
2021-06-28 04:00:00,130.1614721527149,131.9566646084623,130.1029355337376,131.49810791015625,62111300
2021-06-29 04:00:00,131.51761747124857,133.16646828417475,131.07857796707717,133.01036071777344,64556100
2021-06-30 04:00:00,132.85428902246187,134.06410065786974,132.56159097823922,133.62506103515625,63261400
2021-07-01 04:00:00,133.27377610064684,133.98599632611845,132.45421890843855,133.92745971679688,52485800
2021-07-02 04:00:00,134.54207496182084,136.59094509311012,134.39573347554227,136.5519256591797,78852600
2021-07-06 04:00:00,136.65929888430668,139.66428770082487,136.65929888430668,138.5618133544922,108181800
2021-07-07 04:00:00,140.04479519196917,141.3619286538461,139.1862333107396,141.0497283935547,104911600
2021-07-08 04:00:00,138.13250812343543,140.5521155930635,137.2446631833098,139.75209045410156,105575500
2021-07-09 04:00:00,139.2740040435633,142.1033824089943,139.1764331121068,141.5765380859375,99890800
2021-07-12 04:00:00,142.64979816390084,142.75712026323748,140.49360503622404,140.98143005371094,76299700
2021-07-13 04:00:00,140.52287651879445,143.8693639556699,140.1326224508896,142.0936737060547,100827100
2021-07-14 04:00:00,144.49375275658443,145.92795926693185,144.083966707426,145.51817321777344,127050800
2021-07-15 04:00:00,145.6059747770822,146.3474632313837,143.50831887175875,144.86447143554688,106820300
2021-07-16 04:00:00,144.84501166670194,146.11334481046933,142.32783277394142,142.82540893554688,93251400
2021-07-19 04:00:00,140.2496710710599,140.56188618036083,138.22031752231123,138.9813232421875,121434600
2021-07-20 04:00:00,139.96676145319103,143.518127007473,139.47893643261804,142.59124755859375,96350000
2021-07-21 04:00:00,141.98638214528893,142.57177826030212,141.10830286001075,141.8595428466797,74993500
2021-07-22 04:00:00,142.3863736933565,144.59133749363102,142.25953442025497,143.22543334960938,77338200
2021-07-23 04:00:00,143.9571344380385,145.09864294509043,143.3424702853048,144.94253540039062,71447400
2021-07-26 04:00:00,144.6595915410431,146.18160275793434,144.10346404174553,145.362060546875,72434100
2021-07-27 04:00:00,145.48893575716545,145.57675557902394,142.00587269876928,143.1961669921875,104818600
2021-07-28 04:00:00,141.28387882976534,143.391286472983,139.06914908747908,141.44973754882812,118931200
2021-07-29 04:00:00,141.16680912935195,142.9815188308623,141.05948702759235,142.0936737060547,56699500
2021-07-30 04:00:00,140.8643309559415,142.7668451974614,140.60090132642787,142.30828857421875,70440600
2021-08-02 04:00:00,142.79613544954273,143.37176538004852,141.71316334757606,141.97659301757812,62880000
2021-08-03 04:00:00,142.25949882463198,144.43519376937195,141.64483467000184,143.77175903320312,64786600
2021-08-04 04:00:00,143.68399557594776,144.19132291330385,142.71809660960577,143.3717803955078,56368300
2021-08-05 04:00:00,143.40098066575368,144.24003995601365,142.61070683519426,143.47903442382812,46397700
2021-08-06 04:00:00,143.0002897194494,143.74288917370467,142.296768169296,142.7950897216797,54126800
2021-08-09 04:00:00,142.853744492803,143.34230040071924,142.18931561461758,142.7462615966797,48908700
2021-08-10 04:00:00,143.0882262269222,144.3291621434574,141.97431959044945,142.2674560546875,69023100
2021-08-11 04:00:00,142.70716850336376,143.36183156118472,142.19906623850963,142.52151489257812,48493500
2021-08-12 04:00:00,142.84397881224007,145.63851920327534,142.5019837127135,145.482177734375,72282600
2021-08-13 04:00:00,145.56033337689462,146.01957707570978,144.8763581583002,145.68736267089844,59375000
2021-08-16 04:00:00,145.1401675406519,147.72952253031957,143.1175540441941,147.66111755371094,103296000
2021-08-17 04:00:00,146.79148879708086,148.20829780218608,145.67758203815535,146.75241088867188,92229700
2021-08-18 04:00:00,146.37133747643588,147.2702784625577,142.8048707810112,143.01007080078125,86326000
2021-08-19 04:00:00,141.71051038649435,144.61253336364982,141.1926423719419,143.34228515625,86960300
2021-08-20 04:00:00,144.06535347049768,145.10108950161558,143.42045616108942,144.79818725585938,60549600
2021-08-23 04:00:00,144.91546637401214,146.75244155345382,144.5050811570284,146.28343200683594,60131800
2021-08-24 04:00:00,146.0293121440176,147.40704295099573,145.7361757091974,146.19541931152344,48606400
2021-08-25 04:00:00,146.3811342523207,146.87947087329786,144.41714466186295,144.96432495117188,58991300
2021-08-26 04:00:00,144.95454377317253,145.70690913613237,144.13375851701343,144.16307067871094,48597200
2021-08-27 04:00:00,144.10444664756716,145.34538283026907,143.46932993010927,145.19882202148438,55802400
2021-08-30 04:00:00,145.58966053577964,149.97689795560206,145.20858752404757,149.6153564453125,90956700
2021-08-31 04:00:00,149.1658935130071,149.30268857096087,147.82724018566304,148.35488891601562,86453100
2021-09-01 04:00:00,149.3319699829077,151.43275399237308,148.85317992388826,149.019287109375,80313700
2021-09-02 04:00:00,150.3482055601146,151.17875665151738,148.9118498525865,150.13323974609375,71115500
2021-09-03 04:00:00,150.24069238740682,151.09078972052774,149.5860293255129,150.76834106445312,57808700
2021-09-07 04:00:00,151.4230043452141,153.66058362239795,150.8562777588282,153.1036376953125,82278300
2021-09-08 04:00:00,153.38699333617137,153.44561765373206,150.4556581818044,151.55979919433594,74420200
2021-09-09 04:00:00,151.9310910707807,152.5368955037672,150.42633082753412,150.54359436035156,57305700
2021-09-10 04:00:00,151.45229981917254,151.92130921813492,145.296493683324,145.56031799316406,140893200
2021-09-13 04:00:00,147.18229627074842,147.95420772346304,145.34532205125055,146.12701416015625,102404300
2021-09-14 04:00:00,146.9087519585389,147.61227358439965,143.5474852815467,144.7297821044922,109296300
2021-09-15 04:00:00,145.15972903193406,146.01959220126037,143.01985176888803,145.6189727783203,83281300
2021-09-16 04:00:00,145.04244981377065,145.56031777444971,143.85037245648,145.38442993164062,68034100
2021-09-17 04:00:00,145.41377207009813,145.41377207009813,142.42379770872697,142.71693420410156,129868800
2021-09-20 04:00:00,140.50865153615536,141.5248410433877,138.03656037257468,139.6683349609375,123478900
2021-09-21 04:00:00,140.6356810985669,141.29035906389458,139.51200859720305,140.14712524414062,75834000
2021-09-22 04:00:00,141.1438141486521,143.07849157950753,140.41098020716424,142.51177978515625,76404300
2021-09-23 04:00:00,143.29339623377032,143.713561933849,142.30651898122758,143.4692840576172,64838200
2021-09-24 04:00:00,142.32609558654582,144.09466540021555,142.2283784515029,143.5572509765625,53477900
2021-09-27 04:00:00,142.1404264749726,142.61921652920344,140.52819828937186,142.04270935058594,74150700
2021-09-28 04:00:00,139.97125238193445,141.43691994614318,138.446960500684,138.66192626953125,108972300
2021-09-29 04:00:00,139.2090912773067,141.1437680766469,138.77915978644447,139.56085205078125,74602000
2021-09-30 04:00:00,140.37184064806678,141.07536211571664,138.0463105239165,138.2612762451172,89056700
2021-10-01 04:00:00,138.65213028813756,139.64878829633227,135.9259954801677,139.3849639892578,94639600
2021-10-04 04:00:00,138.51535016597074,138.95506236159227,135.1052398519007,135.955322265625,98322000
2021-10-05 04:00:00,136.29730248452776,138.9843593851802,136.1702732054442,137.88021850585938,80861100
2021-10-06 04:00:00,136.27778622694314,138.8964387383312,135.20295726507902,138.7498779296875,83221100
2021-10-07 04:00:00,139.7855986818326,140.9190518423827,139.45338427911526,140.0103302001953,61732700
2021-10-08 04:00:00,140.73339820397527,140.87995899645605,139.2970427994977,139.62925720214844,58773200
2021-10-11 04:00:00,139.01367183693614,141.49552874663496,138.5641939396708,139.5413055419922,64452200
2021-10-12 04:00:00,139.9517211619384,139.97126757292082,137.8118439004276,138.27108764648438,73035900
2021-10-13 04:00:00,138.00727840066958,138.163604960137,136.01396194464323,137.68482971191406,78762700
2021-10-14 04:00:00,138.8573456179309,140.58683751822448,138.27107262847971,140.46957397460938,69907100
2021-10-15 04:00:00,140.4793699361988,141.58349614959462,140.22531132197605,141.52487182617188,67940300
2021-10-18 04:00:00,140.16671702197235,143.47912619075714,139.88336109488705,143.19577026367188,85589200
2021-10-19 04:00:00,143.64520263819782,145.75576773810008,143.19573955238386,145.3551483154297,76378900
2021-10-20 04:00:00,145.29649358936246,146.3224637629304,144.7297670657769,145.8436737060547,58418800
2021-10-21 04:00:00,145.40400691653662,146.21501151275598,144.48551942420278,146.0586700439453,61421000
2021-10-22 04:00:00,146.26385487822307,146.74263007605518,145.23788459644618,145.2867431640625,58883400
2021-10-25 04:00:00,145.27696242983234,145.95117189778182,144.24122639888336,145.23788452148438,50720600
2021-10-26 04:00:00,145.91209424092938,147.38752756365847,145.5994113354405,145.90232849121094,60893400
2021-10-27 04:00:00,145.94137570178864,146.3029021893665,145.09129345930518,145.44305419921875,56094900
2021-10-28 04:00:00,146.39091463893837,149.66423061689264,146.29319748336883,149.07797241210938,100077900
2021-10-29 04:00:00,143.85037288076313,146.5081176612954,143.05891485963772,146.37132263183594,124953200
2021-11-01 04:00:00,145.57987978563986,146.2736207539483,144.4171144592604,145.55056762695312,74588300
2021-11-02 04:00:00,145.25744630214584,148.10084526807523,145.24766564186768,146.58631896972656,69122000
2021-11-03 04:00:00,146.9478153017873,148.49165344387518,146.39086943374969,148.02264404296875,54511500
2021-11-04 04:00:00,148.11062639576105,148.9411625807614,147.1921388068415,147.50482177734375,60394600
2021-11-05 04:00:00,148.6300811635526,148.9334254421716,146.83935549516048,148.03317260742188,65463900
2021-11-08 05:00:00,148.16042562432813,148.3169952703634,146.93725326087116,147.21124267578125,55020900
2021-11-09 05:00:00,146.97637928946335,148.17997664131613,146.83938459031998,147.5732879638672,56787900
2021-11-10 05:00:00,146.8002509889988,146.9078907486886,144.67682566721112,144.7453155517578,65187100
2021-11-11 05:00:00,145.76299817171153,146.22289720379737,144.51045604306032,144.69638061523438,41000000
2021-11-12 05:00:00,145.24435777936998,147.1720784304826,144.31474986015922,146.77088928222656,63804000
2021-11-15 05:00:00,147.1427090779816,148.6203105600799,146.22288125155492,146.78065490722656,59222800
2021-11-16 05:00:00,146.72195341819835,148.23868992516853,146.13482479249984,147.7592010498047,59256200
2021-11-17 05:00:00,147.75916076563746,151.6733107196941,147.7493807660193,150.1957244873047,88807000
2021-11-18 05:00:00,150.411059635024,155.2645990140686,149.7652210699027,154.4817657470703,137827700
2021-11-19 05:00:00,154.2664794451428,157.5641620110988,153.1705218782956,157.104248046875,117305600
2021-11-22 05:00:00,158.20998681834752,162.14371301680876,157.54458827093626,157.5641632080078,117467900
2021-11-23 05:00:00,157.66203166951047,158.3274452479913,155.6462458566702,157.94581604003906,96041900
2021-11-24 05:00:00,157.29993896578694,158.660105803449,156.21376149604953,158.4644012451172,69463600
2021-11-26 05:00:00,156.1452930856568,157.00639624695634,153.00417999336176,153.44451904296875,76959800
2021-11-29 05:00:00,155.94958045222978,157.73052659848017,155.3820266780831,156.80091857910156,88748200
2021-11-30 05:00:00,156.55625589116394,161.96756831221649,156.48775108343634,161.75228881835938,174048100
2021-12-01 05:00:00,163.88551760970591,166.64500155872992,160.99883389139347,161.2336883544922,152052500
2021-12-02 05:00:00,155.3331118145511,160.6759203936693,154.41328379839803,160.245361328125,136739200
2021-12-03 05:00:00,160.4997976289517,161.41962568459428,156.29208148681235,158.3665771484375,118023100
2021-12-06 05:00:00,160.7639885662799,164.27695105253582,160.75420856233345,161.7718963623047,107497000
2021-12-07 05:00:00,165.45113775596909,167.8974817346214,164.72701456302048,167.5060577392578,120405400
2021-12-08 05:00:00,168.43574938085715,172.1835516828611,167.03643228768738,171.3224334716797,116998900
2021-12-09 05:00:00,171.15606234208923,172.95656843850207,170.18730447599066,170.81356811523438,108923700
2021-12-10 05:00:00,171.4496116481563,175.77474686026093,170.9407678198788,175.59860229492188,115402700
2021-12-13 05:00:00,177.2327699190323,178.22110269969062,171.76274694249355,171.96824645996094,153237000
2021-12-14 05:00:00,171.48875398461132,173.92531854630914,168.51400556372403,170.5885009765625,139380400
2021-12-15 05:00:00,171.35175229088827,175.6475325738547,168.611843504033,175.4518280029297,131063300
2021-12-16 05:00:00,175.43225135839342,177.2523322197485,167.08532532021002,168.5629119873047,150185800
2021-12-17 05:00:00,166.2829122189755,169.74694420568176,166.0480727156741,167.46694946289062,195432700
2021-12-20 05:00:00,164.66834446331637,166.91898445345717,163.8659512088188,166.10679626464844,107499100
2021-12-21 05:00:00,167.8779505711604,169.48275204230814,165.49031583648394,169.2772674560547,91185900
2021-12-22 05:00:00,169.32618739702795,172.08567137280502,168.45528928513505,171.87039184570312,92135300
2021-12-23 05:00:00,172.07586375572322,173.0544014741378,171.50831008728667,172.4966278076172,68356600
2021-12-27 05:00:00,173.2892490658333,176.54778161213417,173.26968906108772,176.459716796875,74919600
2021-12-28 05:00:00,176.29336988152778,177.43825729141835,174.69834852343934,175.44203186035156,79144300
2021-12-29 05:00:00,175.48120622634931,176.75330850310786,174.31674371757737,175.53013610839844,62348900
2021-12-30 05:00:00,175.6181743920382,176.69457190920295,174.26778749437727,174.37542724609375,59773000
2021-12-31 05:00:00,174.2677857929612,175.38331824017646,173.45559766181222,173.7589569091797,64062300
2022-01-03 05:00:00,174.01337226981713,178.95499096160628,173.895952516217,178.10365295410156,104487900
2022-01-04 05:00:00,178.71037008888723,179.01371442958575,175.27569272230144,175.84324645996094,99310400
2022-01-05 05:00:00,175.75519292106577,176.30317175638402,170.8918583606612,171.1658477783203,94537600
2022-01-06 05:00:00,168.99347567343597,171.53767993498516,167.95622799076347,168.30850219726562,96904000
2022-01-07 05:00:00,169.17940193566972,170.40257420223315,167.35932100577125,168.474853515625,86709100
2022-01-10 05:00:00,165.4511773077938,168.79777487885306,164.56070430318124,168.4944305419922,106765600
2022-01-11 05:00:00,168.62167398838997,171.42027831211996,167.15386700004245,171.3224334716797,76138300
2022-01-12 05:00:00,172.3400748149154,173.37732250749067,171.0679876032979,171.7627410888672,74805200
2022-01-13 05:00:00,172.00737775161056,172.82934594142114,168.10300645305696,168.4944305419922,84505800
2022-01-14 05:00:00,167.66264878484014,170.0502832024392,167.4180143556812,169.35552978515625,80440800
2022-01-18 05:00:00,167.82900716362772,168.83689986985863,165.77408681023036,166.1557159423828,90956700
2022-01-19 05:00:00,166.35146124273905,167.4082840823907,162.3785993220683,162.66236877441406,94815000
2022-01-20 05:00:00,163.3962376065405,166.03828667936338,160.65632878123083,160.979248046875,91420500
2022-01-21 05:00:00,160.89120276470334,162.76021377251277,158.81670715554318,158.92434692382812,122848900
2022-01-24 05:00:00,156.58562410189697,158.81668910799385,151.37979580013618,158.15127563476562,162294600
2022-01-25 05:00:00,155.5679206315474,159.26679197315192,153.64999508546384,156.3507537841797,115798400
2022-01-26 05:00:00,159.99093736491258,160.8618354481178,154.43284958250229,156.26271057128906,108275300
2022-01-27 05:00:00,158.9634528706825,160.3236197319786,154.88295228679408,155.8027801513672,121954600
2022-01-28 05:00:00,162.15350702087153,166.69392186078738,159.30595841103175,166.67434692382812,179935700
2022-01-31 05:00:00,166.5079991576081,171.24411862639118,165.87194061535732,171.02883911132812,115541600
2022-02-01 05:00:00,170.2753591337895,171.08754730875657,168.61184784118433,170.86248779296875,86213900
2022-02-02 05:00:00,170.99949834473722,172.10525095182186,169.6099763158955,172.06610107421875,84914300
2022-02-03 05:00:00,170.73526997176376,172.45750604377838,168.4259201826274,169.18917846679688,89418100
2022-02-04 05:00:00,168.20940619823992,170.580497991328,167.22962163757825,168.90505981445312,82465400
2022-02-07 05:00:00,169.36555780513737,170.43351937589156,167.49416572772904,168.1898193359375,77251200
2022-02-08 05:00:00,168.25837758980256,171.80520742660315,167.96443926792173,171.29571533203125,74829200
2022-02-09 05:00:00,172.49106914991745,173.07893089654075,171.36430797248656,172.71641540527344,71285000
2022-02-10 05:00:00,170.61965636290995,171.9325638827204,168.08201833200982,168.64048767089844,90865900
2022-02-11 05:00:00,168.8462728505392,169.58111126110254,164.64298876993468,165.23086547851562,98670700
2022-02-14 05:00:00,163.98653444619794,166.15186486791518,163.19291135712115,165.4660186767578,86185500
2022-02-15 05:00:00,167.5137815362162,169.45375094241317,166.80833539753965,169.29698181152344,62527400
2022-02-16 05:00:00,168.3759824121772,169.83585183660028,166.6123672162483,169.06182861328125,61177400
2022-02-17 05:00:00,167.57254946752525,168.43476465088062,165.06430342539218,165.4660186767578,69589300
2022-02-18 05:00:00,166.38698369504047,167.09241466512012,162.83036175887298,163.9179229736328,82772700
2022-02-22 05:00:00,161.64481524353263,163.32025303287986,158.8720237841658,160.9981689453125,91162800
2022-02-23 05:00:00,162.19351371308113,162.79118283457873,156.5205682404435,156.8341064453125,90009200
2022-02-24 05:00:00,149.4955488212337,159.5579417081335,148.92727191069304,159.45016479492188,141147500
2022-02-25 05:00:00,160.52789462372328,161.78201763247694,157.61793335879435,161.51748657226562,91974200
2022-02-28 05:00:00,159.76365924798694,162.07595128148682,159.14639022474867,161.78201293945312,95056600
2022-03-01 05:00:00,161.37052533149114,163.23212509592508,158.6957174816516,159.90084838867188,83474400
2022-03-02 05:00:00,161.0667710705488,163.97673219026618,159.65587901852524,163.19290161132812,79724800
2022-03-03 05:00:00,165.06432138955572,165.4954290281514,162.20335200198932,162.86959838867188,76678400
2022-03-04 05:00:00,161.16475211398938,162.2033212553789,158.82306783943153,159.87142944335938,83737200
2022-03-07 05:00:00,160.05761991470098,161.68406601052743,155.8249430798264,156.07969665527344,96418800
2022-03-08 05:00:00,155.60938587479396,159.58730866544224,152.65043241487157,154.2572784423828,131148300
2022-03-09 05:00:00,158.2156144765831,160.10660654613918,156.1874681101056,159.65589904785156,91454900
2022-03-10 05:00:00,156.96149116992498,157.1476526374479,152.82679892923494,155.31546020507812,105342000
2022-03-11 05:00:00,155.71717401765326,156.060104640192,151.37673500562354,151.60208129882812,96970100
2022-03-14 04:00:00,148.38837253642478,151.00439558659642,147.06567231572745,147.5751495361328,108732100
2022-03-15 04:00:00,147.84947354452075,152.42508026860065,147.33999637401098,151.95477294921875,92964300
2022-03-16 04:00:00,153.8751690879972,156.76553056777536,151.3375306500096,156.3638153076172,102300200
2022-03-17 04:00:00,155.4035941882953,157.74527815418617,154.44340972475143,157.37295532226562,75615400
2022-03-18 04:00:00,157.2652159266267,161.15496186500974,156.53037749922927,160.66506958007812,123511700
2022-03-21 04:00:00,160.2045664067095,162.9871658912754,159.71467413165345,162.03677368164062,95811400
2022-03-22 04:00:00,162.164127307338,165.9950882926474,161.5762655771906,165.4072265625,81532000
2022-03-23 04:00:00,164.5940116285297,169.15000379737148,164.2608735199057,166.76913452148438,98062700
2022-03-24 04:00:00,167.60197064721902,170.61970935790146,166.76916261119956,170.55113220214844,90131400
2022-03-25 04:00:00,170.36495751522006,171.7366500272882,169.25779609098333,171.18797302246094,80546200
2022-03-28 04:00:00,168.68948719730128,172.17751745210523,168.52292563460833,172.05015563964844,90371900
2022-03-29 04:00:00,173.11813946075333,175.39123190730578,172.77520887835874,175.34225463867188,100589400
2022-03-30 04:00:00,174.9405154603071,175.97908457885987,173.12790825883917,174.17628479003906,92633200
2022-03-31 04:00:00,174.24483829893703,174.43099971009863,170.87437787668233,171.08013916015625,103049300
2022-04-01 04:00:00,170.51188591642045,171.34470867552832,168.46414001265768,170.78622436523438,78751300
2022-04-04 04:00:00,171.04100211349504,174.88175589117134,170.91362533338986,174.832763671875,76468400
2022-04-05 04:00:00,173.9117489626708,174.6955795536943,170.8940109049415,171.5210723876953,73401800
2022-04-06 04:00:00,168.87568420871693,170.12001491015783,166.69076860801428,168.3563995361328,89058800
2022-04-07 04:00:00,167.69992580849703,169.85544881098227,166.41641045043957,168.6601104736328,77594700
2022-04-08 04:00:00,168.30737316185164,168.30737316185164,165.77952746373003,166.6515350341797,76575500
2022-04-11 04:00:00,165.29944535757966,165.612968615415,162.1543306146452,162.39927673339844,72246700
2022-04-12 04:00:00,164.62339868320723,166.4359910689201,163.27129126604743,164.2706756591797,79265200
2022-04-13 04:00:00,164.00614545081112,167.58235330112555,163.39868377604554,166.95529174804688,70618900
2022-04-14 04:00:00,167.1707997018646,167.8076684945636,161.70360127770223,161.94854736328125,75329400
2022-04-18 04:00:00,160.60624079287277,163.23207049318052,160.26332525778645,161.73300170898438,69023900
2022-04-19 04:00:00,161.6840380358106,164.4274375522312,160.59647667199232,164.0159149169922,67723800
2022-04-20 04:00:00,165.34844979022682,165.46603411276996,162.7422340206999,163.84938049316406,67929800
2022-04-21 04:00:00,165.4953937411617,168.062424195949,162.5560404141873,163.05572509765625,87227800
2022-04-22 04:00:00,163.09492410815207,164.47640880332085,158.23518671810965,158.51931762695312,84882400
2022-04-25 04:00:00,157.8628955248933,159.87145701566283,155.25667975939896,159.5873260498047,96046400
2022-04-26 04:00:00,158.9700254572649,159.05820246882445,153.55181869779824,153.6302032470703,95623200
2022-04-27 04:00:00,152.7582001127346,156.55975368530983,152.2389155403168,153.4048614501953,88063200
2022-04-28 04:00:00,156.03070106321982,161.194170207573,155.7171628080034,160.3319549560547,130216800
2022-04-29 04:00:00,158.5683119363977,162.84017274008735,154.0711048951049,154.4630126953125,131747600
2022-05-02 04:00:00,153.5420538968097,155.0313157503038,150.17159242252777,154.76678466796875,123055300
2022-05-03 04:00:00,154.9529271796167,157.46118829235783,153.15993453329665,156.25604248046875,88966500
2022-05-04 04:00:00,156.44219580516028,163.1145261346623,156.04048055543203,162.66383361816406,108256500
2022-05-05 04:00:00,160.53770657596968,160.76305283929582,151.8176149978829,153.600830078125,130525300
2022-05-06 04:00:00,153.0807608024048,156.44636712680793,151.2851189689877,154.32691955566406,116124600
2022-05-09 04:00:00,152.0210648420898,152.90417564451926,148.64566602154656,149.2049560546875,131577900
2022-05-10 04:00:00,152.59997843272657,153.79707304983472,150.05859659800515,151.6089324951172,115366700
2022-05-11 04:00:00,150.61789721596364,152.53128118939546,143.07228159830737,143.74932861328125,142689800
2022-05-12 04:00:00,140.08933386086713,143.4549244941829,136.1938739617852,139.88327026367188,182602000
2022-05-13 04:00:00,141.87518108716213,145.3192870677171,140.42297369266063,144.34786987304688,113990900
2022-05-16 04:00:00,142.817149092285,144.75016147394118,141.472862097978,142.8073272705078,86643800
2022-05-17 04:00:00,146.06502676243824,146.95794432736452,143.92595034164182,146.43789672851562,78336300
2022-05-18 04:00:00,144.09275951105042,144.59317839270622,137.27324030149254,138.1759796142578,109742900
2022-05-19 04:00:00,137.25364468817165,139.00022255113117,134.03523053806913,134.77114868164062,136095600
2022-05-20 04:00:00,136.47847391127468,138.05824551298795,130.12014512321653,135.0066375732422,137426100
2022-05-23 04:00:00,135.20286921997902,140.5701665253798,135.06549843768855,140.42298889160156,117726300
2022-05-24 04:00:00,138.1661878220446,139.30441157484717,134.75153153593112,137.72463989257812,104132700
2022-05-25 04:00:00,135.83083742178036,139.12775081330722,135.7425308510417,137.88160705566406,92482700
2022-05-26 04:00:00,134.81037721904417,141.62988165478208,134.56507119637524,141.0803985595703,90601500
2022-05-27 04:00:00,142.6601657784012,146.869610416665,142.5326018592053,146.8303680419922,90978500
2022-05-31 04:00:00,146.27105666109873,147.83119909756292,144.08291654363944,146.0453643798828,103718400
2022-06-01 04:00:00,147.08544467274558,148.89090788101987,144.907126593916,145.9178009033203,74286600
2022-06-02 04:00:00,145.05436821890447,148.42978169809749,144.10257959347064,148.37091064453125,72348100
2022-06-03 04:00:00,144.14182533230215,145.19174238635256,141.74765092180013,142.65037536621094,88570300
2022-06-06 04:00:00,144.2693611343495,145.78045445382116,142.17934925780943,143.3960723876953,71598400
2022-06-07 04:00:00,141.6396644479589,146.20234922339836,141.39435849288608,145.9178009033203,67808200
2022-06-08 04:00:00,145.79023875031248,147.05601090574325,144.69127284964156,145.181884765625,53950200
2022-06-09 04:00:00,144.3184132523197,145.17207325562853,139.85384150532468,139.96177673339844,69473000
2022-06-10 04:00:00,137.6461172993445,138.11710068108783,134.48657445941151,134.55526733398438,91437900
2022-06-13 04:00:00,130.37522601482007,132.6614796951245,128.9720829038409,129.40382385253906,122207100
2022-06-14 04:00:00,130.63036655754385,131.3760914682962,129.01133784221852,130.26730346679688,84784300
2022-06-15 04:00:00,131.76858160626196,134.7613181921413,129.67858439406757,132.88717651367188,91533000
2022-06-16 04:00:00,129.60008846415832,129.90426555728718,126.61715864214314,127.61801147460938,108123900
2022-06-17 04:00:00,127.6278293830658,130.58130861525223,127.37270152778396,129.08984375,134520300
2022-06-21 04:00:00,130.91492771438774,134.48658311474856,130.8168142802015,133.3189239501953,81000500
2022-06-22 04:00:00,132.25917204519908,135.17340842764006,131.3957051346055,132.8086700439453,73409200
2022-06-23 04:00:00,134.25108671150673,135.9878425646897,133.0834276529192,135.67385864257812,72433800
2022-06-24 04:00:00,137.273219436367,139.24548908371264,137.14567050883647,139.00018310546875,89116800
2022-06-27 04:00:00,140.0206493871563,140.7958246628887,138.3231362099494,139.00018310546875,70207900
2022-06-28 04:00:00,139.46136345282662,140.7271357482501,134.74167869464102,134.8594207763672,67083400
2022-06-29 04:00:00,134.87907356263912,138.02879459026985,134.1038981265762,136.61582946777344,66242400
2022-06-30 04:00:00,134.67300165333307,135.77196780465343,131.2583461315228,134.1529541015625,98964500
2022-07-01 04:00:00,133.48571986150768,136.4293921589786,133.1128648849863,136.3214569091797,71051600
2022-07-05 04:00:00,135.18323666479031,138.95113328697806,134.35899711370092,138.90206909179688,73353800
2022-07-06 04:00:00,138.6960126584971,141.41399224615117,138.43107799720204,140.2365264892578,74064300
2022-07-07 04:00:00,140.59956929502877,143.79836886527636,140.5897624458258,143.6021270751953,66253700
2022-07-08 04:00:00,142.53259722881296,144.77960864232728,142.27748437099987,144.2791748046875,64547800
2022-07-11 04:00:00,142.93489980535588,143.88668829327412,141.08038702449986,142.14991760253906,63141600
2022-07-12 04:00:00,143.0232094985196,145.66270453987497,142.32654882035914,143.121337890625,77588800
2022-07-13 04:00:00,140.30525550924634,143.70028289937923,139.45158026337106,142.75831604003906,71185600
2022-07-14 04:00:00,141.37478416032295,146.1533412106034,140.5603662797928,145.68235778808594,78140700
2022-07-15 04:00:00,146.96775651820843,148.0274804295402,145.41742051675783,147.35043334960938,76259900
2022-07-18 04:00:00,147.90971463576915,148.7241323716371,143.9455611978647,144.30862426757812,81420900
2022-07-19 04:00:00,145.1426536934173,148.39050276940443,144.1516228338136,148.16482543945312,82982400
2022-07-20 04:00:00,148.28258588894056,150.83377461851506,147.5466677906739,150.16653442382812,64823400
2022-07-21 04:00:00,151.59915039930192,152.64906755964233,149.0872186523304,152.43319702148438,65086600
2022-07-22 04:00:00,152.47240210045547,153.3456908921451,150.52958270466215,151.19680786132812,66675400
2022-07-25 04:00:00,151.1183116577891,152.12897123891142,149.42079823109208,150.07821655273438,53623900
2022-07-26 04:00:00,149.4011517193333,150.21556938623502,147.96857315136768,148.75355529785156,55138700
2022-07-27 04:00:00,149.71517016840275,154.37598449377768,149.3030578563077,153.8461151123047,78620700
2022-07-28 04:00:00,154.0325363111874,154.68014773185416,151.5107984661639,154.39559936523438,81378700
2022-07-29 04:00:00,158.21255085489784,160.55767543376024,156.50521583755506,159.4586944580078,101786900
2022-08-01 04:00:00,157.98688125382472,160.51844113720935,157.8691391572039,158.4774932861328,67829400
2022-08-02 04:00:00,157.0939978250213,159.36062329417274,156.6328212608233,157.00567626953125,59907000
2022-08-03 04:00:00,157.82008857109244,163.46212742924678,157.73178199101062,163.01077270507812,82507500
2022-08-04 04:00:00,162.89298862903826,164.05084071884252,161.34265293350123,162.69674682617188,55474100
2022-08-05 04:00:00,160.36804367078585,162.96207295817032,160.1616937873522,162.4707794189453,56697000
2022-08-08 04:00:00,163.47302629545368,164.88795425048374,161.34081388850365,161.9991455078125,60276900
2022-08-09 04:00:00,161.16394115258203,162.9326009401167,160.40734488370262,162.0482635498047,63135500
2022-08-10 04:00:00,164.76019658442047,166.39129475740782,163.99377985120265,166.2930450439453,70170500
2022-08-11 04:00:00,167.0987297224726,168.01254335724568,165.26129697429445,165.5560760498047,57149200
2022-08-12 04:00:00,166.86294364369544,169.1720142653812,166.45024387983412,169.10324096679688,68039400
2022-08-15 04:00:00,168.53330655626456,170.37073923171536,168.3662685851405,170.17422485351562,54091700
2022-08-16 04:00:00,169.77139729331645,170.6852110892498,168.67090454328755,170.0170440673828,56377100
2022-08-17 04:00:00,169.76155547008622,173.08268924248625,169.56504107416526,171.51055908203125,79542000
2022-08-18 04:00:00,170.72449438338106,171.85446345688476,170.10545976423154,171.11752319335938,62290100
2022-08-19 04:00:00,170.0170261568602,170.71466951867444,168.3269753298755,168.5333251953125,70346300
2022-08-22 04:00:00,166.73521001384654,166.9022480242965,164.22960987091767,164.65213012695312,69026800
2022-08-23 04:00:00,164.17065687050786,165.77227866474297,163.74813661491604,164.3180389404297,54147100
2022-08-24 04:00:00,164.40645810232692,165.18269520734955,163.3550828535949,164.61279296875,53841500
2022-08-25 04:00:00,165.84102594330326,167.1773448089003,165.4185207470986,167.0692596435547,51218200
2022-08-26 04:00:00,167.59986540800332,168.07150295198872,160.71192120457525,160.7708740234375,78961000
2022-08-29 04:00:00,158.3439099366534,160.0634374134409,157.03708224821386,158.56991577148438,73314000
2022-08-30 04:00:00,159.30686092942906,159.72936621122977,154.9736479587286,156.14292907714844,77906200
2022-08-31 04:00:00,157.51852057324083,157.78382326299328,154.403721562595,154.48233032226562,87991100
2022-09-01 04:00:00,153.91245042285962,155.66145434866905,151.97675253984187,155.20947265625,74229900
2022-09-02 04:00:00,156.9682888748041,157.56766760419046,152.2715237467297,153.09689331054688,76957800
2022-09-06 04:00:00,153.74542449877808,154.35462378129557,151.01383320910836,151.83920288085938,73714800
2022-09-07 04:00:00,152.1241293530868,153.9419063408882,150.93519246411637,153.24427795410156,87449600
2022-09-08 04:00:00,151.9472441951636,153.63729493578492,150.0213671908206,151.7703857421875,84923800
2022-09-09 04:00:00,152.76279054534643,155.07187581808674,152.0553267593616,154.62969970703125,68028800
2022-09-12 04:00:00,156.81105233922636,161.39973173078485,156.5261087123494,160.5841827392578,104956000
2022-09-13 04:00:00,157.11565333541313,157.7445084078153,150.6993615052029,151.1611785888672,122656600
2022-09-14 04:00:00,152.0946413613245,154.3644300184662,150.9351958505273,152.6055908203125,87965400
2022-09-15 04:00:00,151.9570788549336,152.5368165999088,148.74403004784534,149.71678161621094,90481100
2022-09-16 04:00:00,148.57701100499813,148.7145726076231,145.78645207689314,148.0758819580078,162278800
2022-09-19 04:00:00,146.7100512063952,151.86863255679214,146.50371634850782,151.79002380371094,81474200
2022-09-20 04:00:00,150.72883799724963,155.32735289857166,150.41441795742156,154.1678924560547,107689800
2022-09-21 04:00:00,154.60024966459952,155.97588059110078,150.92538353116046,151.0432891845703,101696800
2022-09-22 04:00:00,149.7266360650785,151.78023962875704,148.28223174210513,150.0803680419922,86652500
2022-09-23 04:00:00,148.55735322020942,148.83247642204518,145.97314422465584,147.81057739257812,96029900
2022-09-26 04:00:00,147.0539508051786,151.0923833374164,147.03429487021685,148.14462280273438,93339400
2022-09-27 04:00:00,150.08036255735442,152.02588086273627,147.3389360881853,149.11741638183594,84442700
2022-09-28 04:00:00,145.06916155790836,148.01692291304855,142.31791462782627,147.23085021972656,146691400
2022-09-29 04:00:00,143.55596808972413,144.16516723784525,138.2303333041484,139.99899291992188,128138200
2022-09-30 04:00:00,138.819918971248,140.60823487907734,135.59703414181732,135.79354858398438,124925300
2022-10-03 04:00:00,135.8033685254817,140.57874239032802,135.29241903979042,139.9695281982422,114311700
2022-10-04 04:00:00,142.504593932989,143.67387488258018,141.7479977315321,143.55596923828125,87830100
2022-10-05 04:00:00,141.5613389023429,144.81369999304195,140.51978392175167,143.8507537841797,79471000
2022-10-06 04:00:00,143.27101666436323,144.97088807825529,142.69129389793306,142.8976287841797,68402200
2022-10-07 04:00:00,140.05793931227225,140.60820060654387,137.02174919053795,137.65060424804688,85925600
2022-10-10 04:00:00,137.97488403320312,139.41928832461434,136.15710682488464,137.97488403320312,74899000
2022-10-11 04:00:00,137.4639147607023,138.88867789955424,135.8131758038938,136.5599365234375,77033700
2022-10-12 04:00:00,136.70735883391194,137.91593686444165,135.7542480720767,135.9311065673828,70433700
2022-10-13 04:00:00,132.63941157890508,141.08964995811803,132.03019750307843,140.50010681152344,113224000
2022-10-14 04:00:00,141.79713183786654,142.00348171103434,135.78370401470698,135.97039794921875,88598000
2022-10-17 04:00:00,138.61355854500806,140.41167960335844,137.82748592791265,139.9302215576172,85250900
2022-10-18 04:00:00,142.95657861316172,144.14550040873658,138.1615495711484,141.2468719482422,99136600
2022-10-19 04:00:00,139.22276826600364,142.42599680685538,139.03607431855443,141.35498046875,61758300
2022-10-20 04:00:00,140.52960554450746,143.34962560942563,140.16603813694184,140.89315795898438,64522000
2022-10-21 04:00:00,140.38220497154572,145.27549920361895,140.1660346242772,144.70559692382812,86548600
2022-10-24 04:00:00,144.62698448602487,147.6140424012265,143.45770354454174,146.84762573242188,75981900
2022-10-25 04:00:00,147.476495894735,149.83471395703802,146.75921150175503,149.68731689453125,74732300
2022-10-26 04:00:00,148.33135548203074,149.3434189974195,145.46218795090752,146.7493896484375,88194300
2022-10-27 04:00:00,145.49165853167307,146.45458955551916,141.62026350591435,142.27859497070312,109180200
2022-10-28 04:00:00,145.6193922207591,154.75745443354808,145.24601935139384,153.02810668945312,164762400
2022-10-31 04:00:00,150.4930176480896,151.55421333060897,149.27460445858512,150.6698760986328,97943200
2022-11-01 04:00:00,152.3796018355527,152.74315424703352,146.5332118743015,148.0267333984375,80379300
2022-11-02 04:00:00,146.35633217647393,149.5202635488904,142.47511648464766,142.5045928955078,93604600
2022-11-03 04:00:00,139.58632020230726,140.31344004952294,136.33395931941936,136.46170043945312,97918500
2022-11-04 04:00:00,139.84743703549464,140.41828488994884,132.25912981931157,136.1959991455078,140814800
2022-11-07 05:00:00,134.9460318941975,136.9538285379796,133.52875660778008,136.7274627685547,83374600
2022-11-08 05:00:00,138.19391993058036,139.19781051108808,135.32000793975288,137.29827880859375,89908500
2022-11-09 05:00:00,136.31404528196006,136.363259132224,132.46575346788492,132.7413330078125,74917800
2022-11-10 05:00:00,139.0108242882595,144.5519561767578,137.2982811810409,144.5519561767578,118854000
2022-11-11 05:00:00,143.51854343102002,147.64240042758996,142.09141663457416,147.33729553222656,93979700
2022-11-14 05:00:00,146.61882473623606,147.90814675324938,145.10312196997452,145.93971252441406,73374100
2022-11-15 05:00:00,149.81750629168317,151.16587871608763,146.21526862726066,147.67190551757812,89868300
2022-11-16 05:00:00,146.77628031248196,147.50459125268796,144.96530968920132,146.44163513183594,64218300
2022-11-17 05:00:00,144.11888720950952,149.0891860323431,143.8433076526517,148.3411865234375,80389400
2022-11-18 05:00:00,149.9061428449894,150.28998701248474,147.60307784001728,148.90223693847656,74829600
2022-11-21 05:00:00,147.790025718782,147.99670287508093,145.3885338782466,145.6739501953125,58724100
2022-11-22 05:00:00,145.79205967642807,148.04590985414606,144.6109873377189,147.8096923828125,51804100
2022-11-23 05:00:00,147.09122719796105,149.43366845656658,146.98296272757275,148.6856689453125,58301400
2022-11-25 05:00:00,145.9692403249909,146.5302512983949,144.7980195359923,145.77239990234375,35195900
2022-11-28 05:00:00,142.84927987681326,144.32560563619245,141.1170630589414,141.9438018798828,69246000
2022-11-29 05:00:00,142.01267756953146,142.52447466230237,138.13487484288268,138.94192504882812,83763800
2022-11-30 05:00:00,139.16828541868128,146.37276146207836,138.33170993361605,145.6936492919922,111380900
2022-12-01 05:00:00,145.870795083282,146.77627283984336,144.29604201746156,145.96920776367188,71250400
2022-12-02 05:00:00,143.65630431626485,145.66410017016838,143.35118446433725,145.4770965576172,65447400
2022-12-05 05:00:00,145.43777233013495,148.5380503426706,143.46933803189978,144.31576538085938,68826400
2022-12-06 05:00:00,144.74881132681773,144.97517704731527,139.68008441838234,140.6544647216797,64727200
2022-12-07 05:00:00,139.9458168978351,141.10718574311466,137.7903792762826,138.71554565429688,69721100
2022-12-08 05:00:00,140.11317368235228,141.25486934043363,138.87306530627606,140.39859008789062,62128300
2022-12-09 05:00:00,140.09345741010685,143.2724894333561,138.6761823933455,139.9163055419922,76097000
2022-12-12 05:00:00,140.44777667846864,142.21937045590607,138.8336612407948,142.20953369140625,70462700
2022-12-13 05:00:00,147.14043487810696,147.6030180487257,141.9634590975565,143.17404174804688,93886200
2022-12-14 05:00:00,143.05596154285573,144.34528354143862,138.93208948952125,140.94973754882812,82291200
2022-12-15 05:00:00,138.8828995638363,139.56201188297834,133.88307403031763,134.3456573486328,98931900
2022-12-16 05:00:00,134.53264031194206,135.47748033551235,131.6193510336839,132.3870391845703,160156900
2022-12-19 05:00:00,132.97755207276447,133.0661279935264,129.24737645818792,130.28079223632812,79592600
2022-12-20 05:00:00,129.31628812854967,131.146932591331,127.8399624333377,130.21192932128906,77432800
2022-12-21 05:00:00,130.881192518899,134.6507460089221,130.65482677922608,133.3122100830078,85928000
2022-12-22 05:00:00,132.22957105725172,132.43624823454394,128.24348886904642,130.1430206298828,77852100
2022-12-23 05:00:00,128.85370313619094,130.3300288114699,127.5939064280565,129.77886962890625,63814900
2022-12-27 05:00:00,129.30644411453827,129.33596942535033,126.68842309082302,127.97774505615234,69007800
2022-12-28 05:00:00,127.62341762114276,128.96195335269854,123.88339749624971,124.05071258544922,85438400
2022-12-29 05:00:00,125.9699273840094,128.42062552699434,125.71403637929804,127.56436157226562,75703700
2022-12-30 05:00:00,126.38333416609474,127.89902204510923,125.41879800683148,127.87933349609376,77034200
2023-01-03 05:00:00,128.2238013285794,128.83401111884518,122.21023430585916,123.09603118896484,112117500
2023-01-04 05:00:00,124.88729543343348,126.62936374107429,123.10586505340991,124.36566162109376,89113600
2023-01-05 05:00:00,125.12350481122068,125.75340309203496,122.79091532129203,123.04680633544922,80962700
2023-01-06 05:00:00,124.0211647576564,128.23360407647718,122.91883920565212,127.57418060302734,87754700
2023-01-09 05:00:00,128.41078181603234,131.30438194257326,127.83993420444634,128.0958251953125,70790800
2023-01-10 05:00:00,128.20411901412172,129.18833615231142,126.09789493911428,128.6667022705078,63896200
2023-01-11 05:00:00,129.17846644203894,131.40279120059512,128.40094170907022,131.38311767578125,69458900
2023-01-12 05:00:00,131.76696547602162,132.14095769176564,129.36547379890666,131.30438232421875,71379600
2023-01-13 05:00:00,129.94617875784812,132.79056549396478,129.58202324711493,132.63308715820312,57809700
2023-01-17 05:00:00,132.70195234994011,135.12311725700644,132.01300359662682,133.79443359375,63646600
2023-01-18 05:00:00,134.6605941996835,136.42233624485746,132.898837136548,133.0760040283203,69672800
2023-01-19 05:00:00,131.96381962844052,134.0995687562006,131.65871475561192,133.13504028320312,58280400
2023-01-20 05:00:00,133.14486670992753,135.84162653742413,132.1015991542997,135.69398498535156,80223600
2023-01-23 05:00:00,135.94004410758745,141.0579844042408,135.72351517113088,138.8828582763672,81760300
2023-01-24 05:00:00,138.0954784443646,140.90050277108796,138.08564168128757,140.2804412841797,66435100
2023-01-25 05:00:00,138.6663258108729,140.18201330953534,136.61915274790366,139.6210174560547,65799300
2023-01-26 05:00:00,140.9103416541343,141.9732977828438,139.6603818984353,141.68788146972656,54105100
2023-01-27 05:00:00,140.90051489349364,144.9062704324847,140.82177572822627,143.6267852783203,70555800
2023-01-30 05:00:00,142.67209860282117,143.2527830109075,140.59540019505755,140.74302673339844,64015300
2023-01-31 05:00:00,140.4477633640219,142.06187864867766,140.03439402480078,142.01266479492188,65874500
2023-02-01 05:00:00,141.69774073810188,144.29607334830789,139.08957136310852,143.1346893310547,77663600
2023-02-02 05:00:00,146.5498959772077,148.7939093931277,145.831421817907,148.43960571289062,118339000
2023-02-03 05:00:00,145.6936676139042,154.89610423261004,145.49682718195612,152.06155395507812,154357300
2023-02-06 05:00:00,150.16197391503306,150.68360765070338,148.400217321163,149.33522033691406,69858300
2023-02-07 05:00:00,148.2624920688464,152.78004582880286,148.2624920688464,152.20919799804688,83322600
2023-02-08 05:00:00,151.45130381865607,152.14025265616812,148.78406936876726,149.52223205566406,64120100
2023-02-09 05:00:00,151.35289040745275,151.89421276586904,148.04592065726197,148.4888153076172,56007100
2023-02-10 05:00:00,147.32567733632254,149.17882019931434,147.08909918660703,148.85353088378906,57450700
2023-02-13 05:00:00,148.79438841262413,152.0571182724141,148.7648180243575,151.65298461914062,62199000
2023-02-14 05:00:00,149.9476888936107,151.5741355635304,148.7056873791277,151.01226806640625,61707600
2023-02-15 05:00:00,150.92354792770303,153.27941747242824,150.69683660205456,153.11184692382812,65573800
2023-02-16 05:00:00,151.3178281549916,154.09756497312395,151.16012443154224,151.51498413085938,68167900
2023-02-17 05:00:00,150.17444104857563,150.81515300249052,148.69586111717868,150.37158203125,59144100
2023-02-21 05:00:00,148.05507322667935,149.13937074675135,146.29064185225675,146.35963439941406,58867200
2023-02-22 05:00:00,146.74410160351695,147.8086807909047,145.0585291708209,146.78353881835938,51011300
2023-02-23 05:00:00,147.946689634791,148.19311959888688,145.13739706863274,147.26654052734375,48394200
2023-02-24 05:00:00,145.00924162382364,145.0881010134071,143.6390916917033,144.61495971679688,55469600
2023-02-27 05:00:00,145.60065500306268,147.0397972581303,145.34435826985944,145.80764770507812,44998500
2023-02-28 05:00:00,144.95007197860627,146.9510815880518,144.7332124606566,145.304931640625,50547000
2023-03-01 05:00:00,144.73320702328428,145.12748883698703,142.9391901768966,143.2349090576172,55479000
2023-03-02 05:00:00,142.31822024697658,144.61494903595985,141.84506394442167,143.8263702392578,52238100
2023-03-03 05:00:00,145.9259379185379,148.95210462024477,145.2260853537234,148.8732452392578,70732300
2023-03-06 05:00:00,151.59383305095145,154.06799923846452,151.26855877090114,151.63327026367188,87558000
2023-03-07 05:00:00,151.50512207262017,151.83041139396585,148.9718301446463,149.43511962890625,56182000
2023-03-08 05:00:00,150.6278251668401,151.27840377958802,149.6618240709013,150.6869659423828,47204800
2023-03-09 05:00:00,151.3671181983863,152.33311931510104,148.08466971716794,148.4395294189453,53833600
2023-03-10 05:00:00,148.0649974904625,148.78456882882224,145.5021196528658,146.37940979003906,68572400
2023-03-13 04:00:00,145.69924028415588,150.9531285889032,145.59081050522525,148.32125854492188,84457100
2023-03-14 04:00:00,149.11967456920323,151.2093955139033,147.95653254628945,150.4109649658203,73695900
2023-03-15 04:00:00,149.03096880678774,151.06154904978908,147.7791005346977,150.80526733398438,77167900
2023-03-16 04:00:00,149.98714188743216,154.22574041738864,149.47456333381393,153.62445068359375,76161100
2023-03-17 04:00:00,153.85115455030763,154.50173325502132,152.07685582876627,152.7865753173828,98944600
2023-03-20 04:00:00,152.85558396503848,155.56631354554972,151.94870846939224,155.1522979736328,73641400
2023-03-21 04:00:00,155.07344501678244,157.1237289497417,154.3045697408097,157.0054473876953,73938300
2023-03-22 04:00:00,157.02519671590775,159.82463786522675,155.55646852262672,155.57618713378906,75701800
2023-03-23 04:00:00,156.56186795883147,159.24302685232914,155.4282812343858,156.66043090820312,67622100
2023-03-24 04:00:00,156.59147399792508,158.05033533240547,155.5959022495454,157.9616241455078,59196500
2023-03-27 04:00:00,157.6560281012329,158.47417734472043,155.61558088418133,156.0197296142578,52390300
2023-03-28 04:00:00,155.714149696992,156.22672817707905,153.7525619849842,155.39871215820312,45992200
2023-03-29 04:00:00,157.09415020907082,158.75016719414856,157.074446643704,158.4741668701172,51305700
2023-03-30 04:00:00,159.22332411879057,160.14990317241256,158.96704237580855,160.04147338867188,49501700
2023-03-31 04:00:00,160.12033413577524,162.64377453412575,159.597903820846,162.54519653320312,68749800
2023-04-03 04:00:00,161.92418140899423,163.91532439911353,161.87489241518372,163.7970428466797,56976200
2023-04-04 04:00:00,164.22093523724538,164.4574983782598,162.75220722625122,163.26478576660156,46278300
2023-04-05 04:00:00,162.38747921010668,162.69304993016723,159.48946069965243,161.4214630126953,51511700
2023-04-06 04:00:00,160.11047335808198,162.60435849941234,159.6866210280676,162.3086395263672,45390100
2023-04-10 04:00:00,159.11488161033475,159.71617126464844,157.7940207437735,159.71617126464844,47716900
2023-04-11 04:00:00,160.03162242596915,160.0414742096721,158.21788648492154,158.50375366210938,47644200
2023-04-12 04:00:00,158.9177372546322,159.7457382241708,157.49829842634344,157.81373596191406,50133100
2023-04-13 04:00:00,159.32188371142138,163.4323331532267,159.11487595150933,163.1957550048828,68445600
2023-04-14 04:00:00,162.23961256067847,163.94491858408577,161.48061917083933,162.85076904296875,49386500
2023-04-17 04:00:00,162.73246797792896,163.02818690758198,161.68760746192598,162.87046813964844,41516200
2023-04-18 04:00:00,163.72806193096773,165.01935243982652,163.2844759960185,164.0927734375,49923000
2023-04-19 04:00:00,163.43235220441335,165.75865162452376,163.1760554202755,165.23622131347656,47720200
2023-04-20 04:00:00,163.71820194187683,165.47278202514906,163.19577163848064,164.27020263671875,52456400
2023-04-21 04:00:00,162.69305305620966,164.07305473489896,162.14105238473394,162.66348266601562,58337300
2023-04-24 04:00:00,162.643765839196,163.23520373133107,161.54961626736943,162.96905517578125,41949600
2023-04-25 04:00:00,162.8310711478655,163.93507261234095,161.3919134894812,161.4313507080078,48714100
2023-04-26 04:00:00,160.73146218660858,162.91976126426218,160.47518046288778,161.4214630126953,45498800
2023-04-27 04:00:00,162.8310621018307,166.15293313578908,162.8310621018307,166.0050811767578,64902300
2023-04-28 04:00:00,166.08391841749662,167.42449781718415,165.48262879614657,167.2569122314453,55275900
2023-05-01 04:00:00,166.86264216717663,168.01593249804148,166.2317821133474,167.168212890625,52472900
2023-05-02 04:00:00,167.66109333275145,167.91739013162538,165.14750459229282,166.1332244873047,48425700
2023-05-03 04:00:00,167.07950544573387,168.4792257513459,164.77292473257992,165.05877685546875,65136000
2023-05-04 04:00:00,162.53534351356944,164.6546351492701,161.9636242025262,163.4224853515625,81235400
2023-05-05 04:00:00,168.53838935645695,171.81098674245246,168.32152976866723,171.09141540527344,113453200
2023-05-08 04:00:00,170.0169614090474,171.36740787815765,169.65224986499234,171.02239990234375,55962800
2023-05-09 04:00:00,170.57881302608763,171.06180609803263,169.14952233576255,169.3170928955078,45326900
2023-05-10 04:00:00,170.54924563088602,171.54481722364216,169.4452292165715,171.08152770996094,53724500
2023-05-11 04:00:00,171.3673768150292,172.09679977091955,169.71135988855104,171.268798828125,49514700
2023-05-12 04:00:00,171.3773983196224,171.81171738299747,168.79124488441096,170.34097290039062,45533100
2023-05-15 04:00:00,170.92334452950067,170.97270170588305,169.25517137496644,169.84742736816406,37266700
2023-05-16 04:00:00,169.76845889829133,170.9035986466086,169.58091066505557,169.84742736816406,42110300
2023-05-17 04:00:00,169.492059065459,170.69628668546216,168.21871333171157,170.4593963623047,57951600
2023-05-18 04:00:00,170.7653713447007,172.97644284674885,170.350798262134,172.7888946533203,65496700
2023-05-19 04:00:00,174.11161490131877,174.11161490131877,172.68034719263906,172.8975067138672,55809500
2023-05-22 04:00:00,171.73273062815065,172.45331220735133,171.2095777379714,171.94989013671875,43570900
2023-05-23 04:00:00,170.89370662105455,171.1404774028389,169.0675968111729,169.34397888183594,50747300
2023-05-24 04:00:00,168.88006417332414,170.19288666082696,168.317434571077,169.62037658691406,45143500
2023-05-25 04:00:00,170.1830440486123,171.6537886011476,169.47234283142473,170.75555419921875,56058300
2023-05-26 04:00:00,171.08127033696854,173.49962120538788,170.87397623432938,173.16400146484375,54835000
2023-05-30 04:00:00,174.6742524991613,176.67803022234617,174.28929064745816,175.00985717773438,55964400
2023-05-31 04:00:00,175.03947872320146,177.03339115324283,174.47683402760893,174.96051025390625,99625300
2023-06-01 04:00:00,175.40469602373648,177.79343575638538,174.64463768008144,177.76382446289062,68901800
2023-06-02 04:00:00,178.69166987914852,179.43198227661338,176.94452840385708,178.61270141601562,61996900
2023-06-05 04:00:00,180.2709978101985,182.5610228518948,175.7402747725204,177.26039123535156,121946500
2023-06-06 04:00:00,177.64538051324874,177.79343698174293,175.13818052764557,176.89520263671875,64848400
2023-06-07 04:00:00,176.13511905525095,178.8693435880805,175.0295907510138,175.52313232421875,61944600
2023-06-08 04:00:00,175.6021146908698,178.5041420299357,175.1678106866245,178.23764038085938,50214900
2023-06-09 04:00:00,179.1556227362357,179.87618934318917,178.29686506682958,178.6226043701172,48900000
2023-06-12 04:00:00,178.92856174317663,181.5147147030888,178.6324337942364,181.4160003662109,54274900
2023-06-13 04:00:00,180.4388079672042,181.7713612206094,180.08345742062403,180.9422149658203,54929100
2023-06-14 04:00:00,181.00144926283195,182.00827838693,179.66889592317074,181.573959350586,57462900
2023-06-15 04:00:00,181.58382192499832,184.11075236554325,181.40613912687283,183.6073303222656,65433200
2023-06-16 04:00:00,184.31806678939995,184.57471809579368,181.8898502216663,182.5314483642578,101256200
2023-06-20 04:00:00,182.0279984336963,183.69617128575536,182.0279984336963,182.6202392578125,49799100
2023-06-21 04:00:00,182.5116773416917,183.015099412311,180.23151756348105,181.5838317871093,49515700
2023-06-22 04:00:00,181.36664831236425,184.6338908571381,181.2975452680012,184.58453369140625,51245300
2023-06-23 04:00:00,183.1532830309096,185.1373147568396,182.6202496908907,184.2686767578125,53117000
2023-06-26 04:00:00,184.4167854940808,185.6210283951989,182.8374460973597,182.8769378662109,48088700
2023-06-27 04:00:00,183.48890577659213,185.95661391553264,183.2717462554297,185.63087463378903,50730800
2023-06-28 04:00:00,185.50255431027165,187.4471095844542,185.17683008088284,186.8055114746093,51216800
2023-06-29 04:00:00,186.6376910187253,187.61490879718235,186.49949997485515,187.1410980224609,46347300
2023-06-30 04:00:00,189.1547673916645,191.96794560784363,188.7895363484197,191.46453857421875,85213200
2023-07-03 04:00:00,191.277002192892,191.37571654835668,189.2830896937324,189.9740600585937,31458200
2023-07-05 04:00:00,189.09553270560195,190.4873085475444,188.1577916318577,188.858627319336,46920300
2023-07-06 04:00:00,187.3878577490578,189.5397068041325,186.75612514844465,189.33241271972656,45094300
2023-07-07 04:00:00,188.93757673504143,190.18129599874976,187.78269133409245,188.2169952392578,46815000
2023-07-10 04:00:00,186.8153651594175,187.5359467558433,184.6240392018072,186.1737670898437,59922200
2023-07-11 04:00:00,186.71665587805697,186.85484691926047,184.18972537508213,185.65060424804688,46638100
2023-07-12 04:00:00,187.2299224329756,189.2238345895076,186.0355602702456,187.3187713623047,60750200
2023-07-13 04:00:00,188.0393502033157,188.72044002337208,187.3286490921,188.07882690429688,41342300
2023-07-14 04:00:00,187.77278762736847,188.7105134288473,187.1805468872353,188.2268524169922,41616200
2023-07-17 04:00:00,189.42122274239145,191.8099768701364,189.3323888866969,191.48423767089844,50520200
2023-07-18 04:00:00,190.8525644573039,191.8199018860801,189.9345691447857,191.22764587402344,48288200
2023-07-19 04:00:00,190.60575926840173,195.6694855056854,190.1615598085878,192.5799255371093,80507300
2023-07-20 04:00:00,192.57008136763105,193.93226116956544,190.0135391825277,190.63540649414065,59581200
2023-07-21 04:00:00,191.59284231983003,192.4515998266043,188.75990348350925,189.4607391357422,71951700
2023-07-24 04:00:00,190.9117629424984,192.3923877240068,189.766742829992,190.26028442382807,45377800
2023-07-25 04:00:00,190.83281680029503,191.9284798692301,190.42810903120733,191.1190643310547,37283200
2023-07-26 04:00:00,191.1684052777898,193.11296042478057,190.8229351880455,191.98768615722656,47471900
2023-07-27 04:00:00,193.4880330742484,194.65278390019768,190.06285351948284,190.7241973876953,47460200
2023-07-28 04:00:00,192.1554712863488,194.0901608500724,191.6323184319033,193.3004913330078,48291400
2023-07-31 04:00:00,193.52755945774223,193.9520131309092,192.737889764315,193.9125213623047,38824100
2023-08-01 04:00:00,193.70522604358104,194.1888872056883,192.7576194786216,193.08335876464844,35175100
2023-08-02 04:00:00,192.52069974591456,192.6588907907613,189.3719170053564,190.0924835205078,50389300
2023-08-03 04:00:00,189.09552588996192,189.8851803589987,188.22688789998924,188.70068359375,61235200
2023-08-04 04:00:00,183.12366926443607,184.9596445164711,179.57016391801557,179.63926696777344,115956800
2023-08-07 04:00:00,179.77748800777417,180.76457131743229,175.0592309925441,176.53985595703125,97576100
2023-08-08 04:00:00,177.3689898212007,177.94149990785485,175.2862435821482,177.47756958007812,67823000
2023-08-09 04:00:00,178.53372709089916,178.59294967088076,174.72358547458126,175.8883514404297,60378500
2023-08-10 04:00:00,177.1616784798233,178.41527829006225,175.30597241092943,175.6711883544922,54686900
2023-08-11 04:00:00,175.26597277471524,176.55090180538758,174.50488805624465,175.7305145263672,52036700
2023-08-14 04:00:00,175.90840396188517,177.60848075837384,175.2560457553654,177.3811492919922,43675600
2023-08-15 04:00:00,176.8078826094104,177.40092323969566,174.99907927707545,175.39443969726562,43622600
2023-08-16 04:00:00,175.07815356283987,176.47180884084688,174.45544657600635,174.52464294433594,46964900
2023-08-17 04:00:00,175.08804707675128,175.4537562487029,171.47044012349116,171.9844207763672,66062900
2023-08-18 04:00:00,170.30411608587545,173.0716844916875,169.96805819399307,172.46875,61172200
2023-08-21 04:00:00,173.0420157807921,174.08973444525807,171.7274205434044,173.80308532714844,46311900
2023-08-22 04:00:00,175.00895776189057,175.62177093693052,174.2083431088137,175.17698669433594,42038900
2023-08-23 04:00:00,176.45205395893973,179.44695366375947,176.264252478764,179.0219268798828,52722800
2023-08-24 04:00:00,178.57713623123834,179.0021629998802,173.97111355320405,174.3368377685547,54945800
2023-08-25 04:00:00,175.3252527852027,177.0747384245456,173.78332608108835,176.54100036621094,51449600
2023-08-28 04:00:00,178.003859262239,178.49806733287568,176.48170504077262,178.1027069091797,43820700
2023-08-29 04:00:00,177.61838490226515,182.7581460326424,177.4207046822572,181.9871826171875,53003900
2023-08-30 04:00:00,182.79767343476072,185.6739678659169,182.5999932338842,185.4762725830078,60813900
2023-08-31 04:00:00,185.6640743098665,186.9292456956689,185.30824391498265,185.6937255859375,60794500
2023-09-01 04:00:00,187.2949711004792,187.7199827815663,186.09898099052413,187.26531982421875,45766500
2023-09-05 04:00:00,186.0989990378836,187.7793035443977,185.43676200045883,187.50254821777344,45280000
2023-09-06 04:00:00,186.2175936548533,186.6623929808804,179.3678770840619,180.79119873046875,81755800
2023-09-07 04:00:00,173.1507234483217,176.14563807720947,171.5297216636145,175.50315856933594,112488800
2023-09-08 04:00:00,176.2840260730559,178.15213198996554,175.7305003611282,176.11598205566406,65551300
2023-09-11 04:00:00,177.9841155245434,178.21144703159865,175.2857283917044,177.28233337402344,58953100
2023-09-12 04:00:00,177.4108165912451,178.043402311121,172.79491507430097,174.2577667236328,90370200
2023-09-13 04:00:00,174.46531572894506,175.24617287306006,171.96462426919445,172.1919708251953,84267900
2023-09-14 04:00:00,171.98441978182902,174.06009984649242,171.5692867853032,173.7042694091797,60895800
2023-09-15 04:00:00,174.43568479625586,174.45545734300367,171.80650919609533,172.9827117919922,109259500
2023-09-18 04:00:00,174.43567131089117,177.30208708635865,174.1292647291417,175.90841674804688,67257600
2023-09-19 04:00:00,175.46363376102514,177.54919237650395,175.07815207769175,176.9956817626953,51826900
2023-09-20 04:00:00,177.18347129792434,177.61837681135137,173.36818440563272,173.4571533203125,58436200
2023-09-21 04:00:00,172.52801984046553,174.25774788080986,171.84601037143327,171.91519165039062,63149100
2023-09-22 04:00:00,172.6466384244914,175.0287248458324,172.03382526857388,172.76524353027344,56725400
2023-09-25 04:00:00,172.1820865728236,174.9200034718099,172.13266274999066,174.04031372070312,46172700
2023-09-26 04:00:00,172.79493440563715,173.17052232124786,169.6715354659317,169.9680633544922,64588900
2023-09-27 04:00:00,170.62039864934732,171.03553164114703,167.0917606780329,168.4557647705078,66921800
2023-09-28 04:00:00,167.3783703364052,170.03721192481018,165.678293523344,168.71273803710938,56294400
2023-09-29 04:00:00,170.027329658855,171.06516950648842,168.3667828862352,169.22671508789062,51861100
2023-10-02 04:00:00,169.2365980179806,172.28092127496365,168.94994891630552,171.73728942871094,52164500
2023-10-03 04:00:00,170.2645306917589,171.61867083541966,168.84122435442626,170.4029083251953,49594600
2023-10-04 04:00:00,169.10809426237566,172.19196251916273,168.9894891655102,171.64833068847656,53020300
2023-10-05 04:00:00,171.77684421895017,173.41761872545223,170.67970163713667,172.88388061523438,48527900
2023-10-06 04:00:00,171.78673241813826,175.92819856079907,171.17390414032383,175.43399047851562,57266700
2023-10-09 04:00:00,174.7618406122257,176.97589800927489,173.76354582426052,176.91659545898438,42390800
2023-10-10 04:00:00,176.03691333055846,177.6381425852869,175.88864186643335,176.32354736328125,43698000
2023-10-11 04:00:00,176.13575227199846,177.76664794425923,175.54271164011269,177.71722412109375,47551100
2023-10-12 04:00:00,177.98408304070654,180.2277765858699,176.96600064702005,178.61666870117188,56743100
2023-10-13 04:00:00,179.31845034069394,179.82253713140665,176.07644667980117,176.77822875976562,51427100
2023-10-16 04:00:00,174.7025383958498,177.00554962273654,174.46531311220224,176.64971923828125,52517000
2023-10-17 04:00:00,174.60372278813253,176.35322375615226,172.77516179309222,175.09793090820312,57549400
2023-10-18 04:00:00,173.54610256783715,175.52293478970745,173.08154578913502,173.80308532714844,54764400
2023-10-19 04:00:00,174.00078890109597,175.77994115612455,173.1606441431901,173.42752075195312,59302900
2023-10-20 04:00:00,173.2792242572037,173.38795063159753,170.64015507731645,170.87738037109375,64244000
2023-10-23 04:00:00,168.93020088937016,171.99428177951037,167.96154224302492,170.99598693847656,55980100
2023-10-24 04:00:00,171.04539603931104,171.65820914819068,169.46392436745393,171.43087768554688,43816600
2023-10-25 04:00:00,169.88899020331988,171.05531414118843,168.67322735441405,169.11802673339844,57157000
2023-10-26 04:00:00,168.39647143119544,169.39478149468584,163.7509180796386,164.956787109375,70625300
2023-10-27 04:00:00,164.9765698697002,167.00282632096764,164.89749475508086,166.27139282226562,58499100
2023-10-30 04:00:00,167.06210513671374,169.18719386762373,166.91383366211736,168.3173828125,51131000
2023-10-31 04:00:00,167.38826013413149,168.92029290970513,165.9550448299652,168.79180908203125,44846000
2023-11-01 04:00:00,169.01914553939386,172.2117251766134,168.14933458405196,171.95474243164062,56934900
2023-11-02 04:00:00,173.4868054165182,175.7206204672586,173.42750286114074,175.5130615234375,77334800
2023-11-03 04:00:00,172.22162738228718,174.77174274032964,171.34193765305042,174.60369873046875,79829200
2023-11-06 05:00:00,174.33684685023218,177.35150406781844,174.16881791314302,177.15382385253906,63841300
2023-11-07 05:00:00,177.1043884447924,180.32663456302825,176.89682951103612,179.7138214111328,70530000
2023-11-08 05:00:00,180.23768527185777,181.32493395317235,179.4864793691692,180.7714233398437,49340300
2023-11-09 05:00:00,180.8406289798602,181.98718027395728,179.70394133589065,180.2969970703125,53763500
2023-11-10 05:00:00,182.07848170612576,184.65175539538808,181.6430032262288,184.4834899902344,66133400
2023-11-13 05:00:00,183.9094496896321,184.1172820619318,182.31600272709323,182.89993286132807,43627500
2023-11-14 05:00:00,185.7701081675421,186.17589626502485,184.38450869065176,185.5127868652344,60108400
2023-11-15 05:00:00,185.9185913616288,187.55162053928348,185.849303830722,186.07693481445312,53790500
2023-11-16 05:00:00,187.6209004949025,188.99660829200764,186.7103463929358,187.75946044921875,54412900
2023-11-17 05:00:00,188.2939096405236,188.42257785422723,186.63119011836693,187.7396697998047,50922700
2023-11-20 05:00:00,187.93760923589429,189.93684445013847,187.9277174894817,189.4815673828125,46505100
2023-11-21 05:00:00,189.442003783256,189.5508734120303,187.7891758568857,188.679916381836,38134500
2023-11-22 05:00:00,189.52114419013287,190.94632571731435,188.8679265514864,189.34298706054688,39617700
2023-11-24 05:00:00,188.9075250877743,188.93721542830764,187.3041862913633,188.01678466796875,24048300
2023-11-27 05:00:00,187.9673065232965,188.70959528304604,186.957789581504,187.8386383056641,40552600
2023-11-28 05:00:00,187.8287470101196,189.11538388382388,187.45264920500043,188.4423675537109,38415400
2023-11-29 05:00:00,188.93722623545,190.11499348364924,187.02707707633283,187.42295837402344,43014200
2023-11-30 05:00:00,187.88812439803064,188.36320007044645,186.2550951920731,187.9969940185547,48794400
2023-12-01 05:00:00,188.3730953528953,189.5904446947665,187.28439912721964,189.27374267578125,45704800
2023-12-04 05:00:00,188.0266937107449,188.0959812462982,185.5227074160739,187.4823455810547,43389500
2023-12-05 05:00:00,188.254317759258,192.40122460244103,188.22461231756915,191.43130493164065,66628400
2023-12-06 05:00:00,192.4507413057332,192.757551595734,190.1348038567878,190.3426513671875,41089700
2023-12-07 05:00:00,191.6391638846084,192.99507315570867,191.5995666945876,192.2725830078125,47477700
2023-12-08 05:00:00,192.20333033608216,193.97493491420028,191.67878073744305,193.69781494140625,53406400
2023-12-11 05:00:00,191.12451418849048,191.5006120000344,189.4518877342921,191.1937866210937,60943700
2023-12-12 05:00:00,191.09480795445688,192.71794533501543,189.748790485074,192.7080535888672,52696900
2023-12-13 05:00:00,193.08413511536145,195.96421892707963,192.8466123940007,195.9246368408203,70404200
2023-12-14 05:00:00,195.98406433419063,197.5676048951511,194.1431872944184,196.07313537597656,66831600
2023-12-15 05:00:00,195.4990533238864,196.36010340669733,194.97450383643803,195.5386505126953,128538400
2023-12-18 05:00:00,194.0738561652729,194.6083124997745,192.39133809002112,193.8759155273437,55751900
2023-12-19 05:00:00,194.1431667231984,194.9250376214273,193.87593852424985,194.91514587402344,40714100
2023-12-20 05:00:00,194.87553713507947,195.6475162401682,192.8268280029297,192.8268280029297,52242800
2023-12-21 05:00:00,194.0837579535961,195.0536776254948,191.51048442189503,192.6783447265625,46482500
2023-12-22 05:00:00,193.17322354105164,193.4008696387368,190.985954407966,191.60948181152344,37149600
2023-12-26 05:00:00,191.6193796571302,191.8964996004414,190.8474005147769,191.0651397705078,28919300
2023-12-27 05:00:00,190.5108903848591,191.5105004803971,189.1252756354868,191.16409301757807,48087700
2023-12-28 05:00:00,192.1438851452887,192.6585428228251,191.1838573111096,191.5896453857422,34049900
2023-12-29 05:00:00,191.9063700376295,192.40122918172025,189.758683164504,190.5504608154297,42672100
2024-01-02 05:00:00,185.2257772071696,186.5025222946912,181.9993009265784,183.73130798339844,82488700
2024-01-03 05:00:00,182.3259157367389,183.96885182302103,181.5440297827802,182.3556060791016,58414500
2024-01-04 05:00:00,180.2771803169373,181.2075179249861,179.0202489631632,180.03965759277344,71983600
2024-01-05 05:00:00,180.1188384374096,180.8809106532784,178.31754388665928,179.31715393066406,62379700
2024-01-08 05:00:00,180.21780632812883,183.6917273170526,179.63387614033877,183.65213012695312,59144500
2024-01-09 05:00:00,182.0289926299427,183.2463419418833,180.85122540618832,183.2364501953125,42841800
2024-01-10 05:00:00,182.45455689524945,184.48346713134,182.02897021466416,184.275634765625,46792900
2024-01-11 05:00:00,184.62205313633504,185.1268191566964,181.73207738578324,183.68182373046875,49128400
2024-01-12 05:00:00,184.1469828082272,184.8199990991005,183.28593272766105,184.0084228515625,40477800
2024-01-16 05:00:00,180.28708678689063,182.36548612847807,179.0697224204938,181.74197387695312,65603000
2024-01-17 05:00:00,179.40625114511818,181.04917214343425,178.44622312883942,180.8017425537109,47317400
2024-01-18 05:00:00,184.17665903424705,187.1953026108584,183.9193377349905,186.6905517578125,78005800
2024-01-19 05:00:00,187.38337121910467,189.9764283832528,186.8786203129096,189.59043884277344,68903000
2024-01-22 05:00:00,190.3228510050189,193.32169654358245,190.2832538120224,191.89649963378903,60133900
2024-01-23 05:00:00,193.01485907067703,193.7373491711095,191.83709192633376,193.17320251464844,42355600
2024-01-24 05:00:00,193.4107373360661,194.3608734946804,192.3418398208385,192.5001983642578,53631300
2024-01-25 05:00:00,193.212821813058,194.2520291241628,191.1245154438125,192.17361450195312,54822100
2024-01-26 05:00:00,192.2725896171282,192.75754194727924,189.9665440310004,190.4416046142578,44594000
2024-01-29 05:00:00,190.03581744325376,190.22386634852867,187.63080907007364,189.7586975097656,47145600
2024-01-30 05:00:00,188.97682064057707,189.8279790097777,185.54249682198056,186.10662841796875,55859400
2024-01-31 05:00:00,185.11689921687164,185.1762949988752,182.45456974695213,182.5040435791016,55467800
2024-02-01 05:00:00,182.0982797244824,185.02783750412453,181.9300294217648,184.9387664794922,64885400
2024-02-02 05:00:00,178.01073002917815,185.40392677166545,177.4070012757119,183.93914794921875,102551700
2024-02-05 05:00:00,186.21550453356025,187.3042007769885,183.92925752426456,185.7503356933593,69668800
2024-02-06 05:00:00,184.9387381984509,187.3635446991359,184.84966718743948,187.3536529541016,43490800
2024-02-07 05:00:00,188.67988890685805,189.0856770188276,186.6707620426896,187.4625396728516,53439000
2024-02-08 05:00:00,187.44274927884152,187.5912009839088,185.42373058041275,186.38375854492188,40962000
2024-02-09 05:00:00,186.9486117161699,188.27653811843788,186.30447993507684,187.1468200683593,45155200
2024-02-12 05:00:00,186.7206780580925,186.96842336096995,185.1053738445565,185.46212768554688,41781900
2024-02-13 05:00:00,184.094566630165,184.53060074172208,181.85493962465304,183.3711395263672,56529500
2024-02-14 05:00:00,183.6486735380374,183.8567711565096,180.79464237244247,182.4892120361328,54630500
2024-02-15 05:00:00,181.8946262099093,182.826151079826,179.71447030737514,182.2018280029297,65434500
2024-02-16 05:00:00,181.7657918718305,183.1829030222229,180.03157456209792,180.66580200195312,49752500
2024-02-20 05:00:00,180.15046783149373,180.7846952021696,178.3766181157698,179.92254638671875,53665600
2024-02-21 05:00:00,180.2991424771893,181.24057170015067,179.0306876064502,180.6757202148437,41371400
2024-02-22 05:00:00,181.82524161821627,183.29190480468336,180.81445159653885,182.70721435546875,52292200
2024-02-23 05:00:00,183.3414504606763,183.3711786908889,180.58652357235425,180.87391662597656,45119700
2024-02-26 05:00:00,180.59641504961763,181.11171437415507,179.0207434868858,179.52615356445312,40867400
2024-02-27 05:00:00,179.46671005654383,182.26126931281985,177.94059046680667,180.98291015625,54318900
2024-02-28 05:00:00,180.8639793914523,181.46847854843008,178.50545433930714,179.7838134765625,48953900
2024-02-29 05:00:00,179.63518756564144,180.9234663019701,177.9108746304469,179.119873046875,136682600
2024-03-01 05:00:00,177.93069482167198,178.90185225837237,175.78026722267666,178.03970336914062,73563100
2024-03-04 05:00:00,174.56131579397731,175.3045516235648,172.22259977869518,173.5207977294922,81510100
2024-03-05 05:00:00,169.21995126633416,170.48840604509627,168.0902332564625,168.58572387695312,95132400
2024-03-06 05:00:00,169.5172478388351,169.69563232435493,167.15870765798908,167.59474182128906,68587700
2024-03-07 05:00:00,167.6244864884472,169.19023880968834,166.9704503005263,167.47584533691406,71765100
2024-03-08 05:00:00,167.4758228221548,172.13343143853632,167.4163663695346,169.19021606445312,76267000
2024-03-11 04:00:00,171.3802901891083,172.8073055285168,170.49831753088682,171.19200134277344,60139500
2024-03-12 04:00:00,171.58838326620315,172.46045153320196,169.4676841705973,171.66766357421875,59825400
2024-03-13 04:00:00,171.21183277143888,171.62804307697533,169.21995080494636,169.5866241455078,52488700
2024-03-14 04:00:00,171.35058886714742,172.73795670875472,170.49834430125284,171.4397735595703,72913500
2024-03-15 04:00:00,169.6262365278927,171.0631561279297,168.75416830335303,171.0631561279297,121752700
2024-03-18 04:00:00,173.98656516716397,176.10726419166866,171.9550508157469,172.1532440185547,75604200
2024-03-19 04:00:00,172.76766112194616,175.01719271038215,171.46947815172825,174.49197387695312,55215200
2024-03-20 04:00:00,174.1352174960067,177.05860900878906,173.51089450186836,177.05860900878906,53423100
2024-03-21 04:00:00,175.45324461547284,175.88927881289044,169.29924400405602,169.824462890625,106181300
2024-03-22 04:00:00,170.21092760104457,171.48930183291895,168.52626256417108,170.7262420654297,71160100
2024-03-25 04:00:00,169.03166954174233,170.3893089389317,167.92176032191367,169.30914306640625,54288300
2024-03-26 04:00:00,168.4668059986792,169.87399750483326,168.0505957042821,168.17942810058594,57388400
2024-03-27 04:00:00,168.87312383270142,172.0343565405087,168.57582642397568,171.74696350097656,60273300
2024-03-28 04:00:00,170.20102558587905,170.67669234048742,168.97220342186947,169.93345642089844,65672700
2024-04-01 04:00:00,169.64610882922833,169.70556529403075,167.95152397647846,168.49656677246094,46240500
2024-04-02 04:00:00,167.5551169522469,167.81276664190898,166.71277681419204,167.31727600097656,49329500
2024-04-03 04:00:00,167.2677201117247,169.14067408704202,167.05962251511946,168.11996459960938,47691700
2024-04-04 04:00:00,168.75416790697062,170.36947196785653,167.2974395751953,167.2974395751953,53704400
2024-04-05 04:00:00,168.06050251317026,168.85329051832247,167.42627513328318,168.05059814453125,42104800
2024-04-08 04:00:00,167.50555706407098,167.67402205960258,166.72268854116854,166.9307861328125,37425500
2024-04-09 04:00:00,167.17853275073267,168.5460917055098,166.83169838821917,168.13978576660156,42373800
2024-04-10 04:00:00,167.27765088979615,167.56502882108228,165.60289002910008,166.266845703125,49709300
2024-04-11 04:00:00,166.8217782077108,173.87757491447604,166.64340884278624,173.4613494873047,91070300
2024-04-12 04:00:00,172.68834762616953,176.7513758689803,172.63881067195533,174.95770263671875,101670900
2024-04-15 04:00:00,173.77847120218846,175.0370216134587,170.94426424521788,171.13255310058594,73531800
2024-04-16 04:00:00,170.20100688366134,172.19287348566485,166.75239682964104,167.85238647460938,73711200
2024-04-17 04:00:00,168.08031301583728,169.1109267558204,166.48483276367188,166.48483276367188,50901200
2024-04-18 04:00:00,166.5145852231191,167.11908441586118,165.04793714543356,165.53350830078125,43122900
2024-04-19 04:00:00,164.7109957890585,164.89926951971245,162.6002009445124,163.51190185546875,68149400
2024-04-22 04:00:00,164.0272084619306,165.75150603037284,163.28397258003716,164.3443145751953,48116400
2024-04-23 04:00:00,163.85875133255257,165.54341638804536,163.43262154349364,165.39476013183594,49537800
2024-04-24 04:00:00,165.03800691456527,167.77312477902248,164.71099641624178,167.4956512451172,48251800
2024-04-25 04:00:00,168.00103426472305,169.07129572836638,166.63347542987228,168.3577880859375,50558300
2024-04-26 04:00:00,168.3478879652858,169.79471202253325,167.6541890412428,167.7731170654297,44838400
2024-04-29 04:00:00,171.80643979653243,174.44245393914022,171.53888570684242,171.93527221679688,68169400
2024-04-30 04:00:00,171.76678225756265,173.41181476528868,168.46681287321124,168.79383850097656,65934800
2024-05-01 04:00:00,168.05059058657778,171.15236652369296,167.58482822154218,167.7731170654297,50383100
2024-05-02 04:00:00,170.95415273119292,171.85594920671264,169.34876810707777,171.46946716308594,94214900
2024-05-03 04:00:00,184.9666328542693,185.31348231884328,181.01262758822543,181.72613525390625,163224100
2024-05-06 04:00:00,180.7054248623681,182.53873097916653,178.79282331517493,180.07119750976562,78569700
2024-05-07 04:00:00,181.7954923577229,183.2324120279765,179.68471275097576,180.7549591064453,77305800
2024-05-08 04:00:00,181.2009427555593,181.4189598584749,179.813559816899,181.0919342041016,45057100
2024-05-09 04:00:00,180.91352883975787,182.99459544718977,180.4675903156434,182.9054107666016,48983000
2024-05-10 04:00:00,183.4809650708303,183.66950932429603,180.7322345449188,181.64517211914065,50759500
2024-05-13 04:00:00,184.01682262141367,185.6640864017181,183.2031085341488,184.85037231445312,72044800
2024-05-14 04:00:00,186.0709344816443,186.8548800445926,184.8602962551219,185.9915466308593,52393600
2024-05-15 04:00:00,186.46785537715888,189.1868170758504,185.93199122253947,188.2639617919922,70400000
2024-05-16 04:00:00,189.00819589014523,189.6333656572436,188.2044148419799,188.38302612304688,52845200
2024-05-17 04:00:00,188.0555735439889,189.3455995404724,187.72810435814964,188.41281127929688,41282900
2024-05-20 04:00:00,187.8769390854372,190.44705781727768,187.55938774134123,189.5738067626953,44361300
2024-05-21 04:00:00,189.62342455766927,191.25083732912464,189.4547310855792,190.873764038086,42309400
2024-05-22 04:00:00,190.79440205142183,191.3401840301744,188.8097513226368,189.4349060058593,34648500
2024-05-23 04:00:00,189.51426401453708,189.5341147583709,185.197658444054,185.4457397460937,51005900
2024-05-24 04:00:00,187.37087155015985,189.11735863774425,186.59684388111853,188.5219573974609,36327000
2024-05-28 04:00:00,190.0402298173639,191.5188000981433,187.6487371372896,188.5319061279297,52280100
2024-05-29 04:00:00,188.15481585355155,190.7745542503335,188.05557725890648,188.82958984375,53068000
2024-05-30 04:00:00,189.2959682179504,190.70506832278696,189.1669762256753,189.8218994140625,49889100
2024-05-31 04:00:00,189.9707854632458,191.09211806054816,188.4525287449312,190.77456665039065,75158300
2024-06-03 04:00:00,191.4195610224673,193.49353258818425,191.0424876718964,192.5408935546875,50080500
2024-06-04 04:00:00,193.14618134943933,193.82097037667648,191.54853713018943,192.85841369628903,47471400
2024-06-05 04:00:00,193.9003813531384,195.3888694857624,193.37445009094603,194.3667755126953,54156800
2024-06-06 04:00:00,194.1881470745491,194.9919281725913,192.67980832687616,192.9874267578125,41181800
2024-06-07 04:00:00,193.15613762673084,195.4285713258788,192.65005711175448,195.3789520263672,53103900
2024-06-10 04:00:00,195.388836143172,195.7857753291456,190.67529119421684,191.63784790039065,97010200
2024-06-11 04:00:00,192.1638175889916,205.570144126832,192.14398198197847,205.56021118164065,172373300
2024-06-12 04:00:00,205.7785020929093,218.51003809526927,205.3121079690946,211.4347686767578,198134300
2024-06-13 04:00:00,213.0919420729033,215.08651049080893,209.9760412117141,212.5957794189453,97862700
2024-06-14 04:00:00,212.2087548022513,213.5186162217459,209.67832245756608,210.85919189453125,70122700
2024-06-17 04:00:00,211.7324642876032,217.26964179829145,211.08745883873985,215.00714111328125,93728300
2024-06-18 04:00:00,215.9200778138528,216.9521046980201,211.3653079111793,212.64540100097656,79943300
2024-06-20 04:00:00,212.28816853161533,212.59580212894485,207.2471687535905,208.0707855224609,86172500
2024-06-21 04:00:00,208.77533580800625,210.26382387597764,205.5205097773767,205.8975982666016,241805100
2024-06-24 04:00:00,206.1258276993873,211.0676038174596,205.0044951825124,206.5426025390625,80727000
2024-06-25 04:00:00,207.54484206411715,209.75773850908567,207.0089930344414,207.4654693603516,55549700
2024-06-26 04:00:00,209.87680350658064,213.21101716086312,209.02340313251776,211.6133728027344,66213200
2024-06-27 04:00:00,213.0423164247351,214.0842609953053,210.7202789074749,212.45684814453125,49772700
2024-06-28 04:00:00,214.1140398112984,214.411740437408,208.6860190672353,209.0035552978516,82542700
2024-07-01 04:00:00,210.46229254870087,215.8406944532805,210.2935990460224,215.08653259277344,60402900
2024-07-02 04:00:00,214.4911227279333,218.6886699462021,213.4491932024929,218.5795135498047,58046200
2024-07-03 04:00:00,218.3115631866412,219.84967041015625,217.34900644671097,219.84967041015625,37369800
2024-07-05 04:00:00,219.9489270685169,224.71209219476,219.9489270685169,224.6029357910156,60412400
2024-07-08 04:00:00,225.3471553285217,226.1013322692385,221.53662969916704,226.07156372070312,59085900
2024-07-09 04:00:00,226.18069804264903,227.6394174429305,224.63267299949703,226.9249420166016,48076100
2024-07-10 04:00:00,227.5401905323848,231.29117889263887,227.49057123987387,231.1919403076172,62627700
2024-07-11 04:00:00,229.61417679228308,230.6065022056456,224.0373128145247,225.8235015869141,64710600
2024-07-12 04:00:00,227.16311346469493,230.8545649156238,226.92494993371523,228.7706756591797,53046500
2024-07-15 04:00:00,234.6650975313768,235.409341553401,231.30111515749465,232.6010589599609,62631300
2024-07-16 04:00:00,233.19646408342908,234.4567215545301,230.54695713829173,233.01785278320312,43234300
2024-07-17 04:00:00,227.6890612108438,229.6836449661141,224.9006292447048,227.1234436035156,57345900
2024-07-18 04:00:00,228.51267855827928,228.67145424701283,220.56415801938329,222.45948791503903,66034600
2024-07-19 04:00:00,223.0945966051545,225.0593965950336,221.5664070583836,222.5885009765625,49151500
2024-07-22 04:00:00,225.2677759323044,226.03187070395737,221.3778623137636,222.2411956787109,48201800
2024-07-23 04:00:00,222.64803919770813,225.19832267550643,220.97100689389265,223.2831268310547,39960300
2024-07-24 04:00:00,222.28089648286087,223.0747598557794,215.46362561910504,216.86279296875,61777600
2024-07-25 04:00:00,217.2497823474704,219.15506035064124,212.97286249707204,215.8208465576172,51391200
2024-07-26 04:00:00,217.02155779536065,217.80550332568987,214.3522000978136,216.2872467041016,41601300
2024-07-29 04:00:00,215.2949035637868,217.6169411297709,214.0941832894869,216.5650787353516,36311800
2024-07-30 04:00:00,217.50779485320817,218.63904514115285,214.46134877521007,217.12078857421875,41643800
2024-07-31 04:00:00,219.74050753338085,222.1022464925354,218.93672649714603,220.37559509277344,50036300
2024-08-01 04:00:00,222.64802807062824,222.7571844619209,215.35444602521784,216.6841583251953,62501000
2024-08-02 04:00:00,217.46808032420208,223.86859053089324,216.0391446316776,218.17263793945312,105568600
2024-08-05 04:00:00,197.56204548052773,211.8614570593827,194.49576385779395,207.66392517089844,119548600
2024-08-06 04:00:00,203.7244066576652,208.37841518370308,199.52687447574849,205.6395874023437,69660500
2024-08-07 04:00:00,205.31211338628992,212.00039184379943,204.8060328976348,208.209716796875,63516400
2024-08-08 04:00:00,211.4744658055274,212.55609685346144,207.2273143208112,211.6729278564453,47161100
2024-08-09 04:00:00,210.4722029263773,215.1162780786914,210.3431957915856,214.58042907714844,42201600
2024-08-12 04:00:00,214.65993379251097,218.0774716082045,214.1929998012183,216.1103973388672,38028100
2024-08-13 04:00:00,217.58074300671984,220.441953079239,217.58074300671984,219.8260040283203,44155300
2024-08-14 04:00:00,219.13055181670973,221.5744891931242,218.2662191901357,220.2730407714844,41960600
2024-08-15 04:00:00,223.13426697458056,223.8793724762866,221.30626328939533,223.25347900390625,46414000
2024-08-16 04:00:00,222.45869413327577,225.34970708383625,222.1904519112624,224.5747985839844,44340200
2024-08-19 04:00:00,224.2469437652095,224.51518597934856,221.58442566604344,224.41583251953125,40687800
2024-08-20 04:00:00,224.2966230198485,225.68748051768907,223.97870407222223,225.0317840576172,30299000
2024-08-21 04:00:00,225.0417125280657,226.4921759358446,223.58130467937312,224.9224853515625,34765500
2024-08-22 04:00:00,226.30341677619583,226.84983046212884,222.43880384726447,223.064697265625,43695300
2024-08-23 04:00:00,224.187342377279,226.73063334528243,222.866020162344,225.3596343994141,38677300
2024-08-26 04:00:00,225.28016094798537,225.79677167752968,222.42889539152745,225.69741821289065,30602200
2024-08-27 04:00:00,224.52511915345733,227.35652605602343,223.4223624308928,226.5418701171875,35934600
2024-08-28 04:00:00,226.43259292076607,228.3599349118564,224.2072056969652,225.01193237304688,38052200
2024-08-29 04:00:00,228.59837969678284,231.3999685703833,227.38634017099784,228.29039001464844,51906300
2024-08-30 04:00:00,228.68777538921813,228.89639643358683,225.99545426270925,227.5055389404297,52990800
2024-09-03 04:00:00,227.0584707554657,227.5055309941364,219.7266282681139,221.31619262695312,50190600
2024-09-04 04:00:00,220.2134333758585,220.3326453956529,216.0607044955809,219.40872192382807,43840200
2024-09-05 04:00:00,220.18362078658944,224.00848612752256,220.0743380534652,220.92872619628903,36615400
2024-09-06 04:00:00,222.48846914066647,223.77005891628232,218.3357556594125,219.37890625,48423000
2024-09-09 04:00:00,219.37892899374344,219.82598924771256,215.2957503769675,219.4683380126953,67180000
2024-09-10 04:00:00,217.49131703149231,220.03460793809228,215.3156066383465,218.67355346679688,51591000
2024-09-11 04:00:00,220.0147586705328,221.6341109819789,216.4680492147489,221.20692443847656,44587100
2024-09-12 04:00:00,221.04795042006705,222.09110108310472,218.385447552102,221.31619262695312,37455600
2024-09-13 04:00:00,222.1209120809665,222.57790161811045,220.46181236980377,221.04795837402344,36766600
2024-09-16 04:00:00,215.12686027714844,215.80243050187988,212.52396316355507,214.90830993652344,59357400
2024-09-17 04:00:00,214.34200737227792,215.48449636527133,213.10016491936787,215.37521362304688,45519300
2024-09-18 04:00:00,216.1302785252689,221.25660816461053,216.1203340830617,219.24978637695312,59894900
2024-09-19 04:00:00,223.52171975466865,228.3202009731081,223.1640685098405,227.3763885498047,66781300
2024-09-20 04:00:00,228.4692075464048,231.56884144729943,226.1345376792504,226.71075439453125,318679900
2024-09-23 04:00:00,225.8563676699032,227.95259834339623,224.33635371548323,224.99205017089844,54146000
2024-09-24 04:00:00,227.15779954496355,227.8532433973514,224.2568575968381,225.8861541748047,43556100
2024-09-25 04:00:00,223.462095237407,225.8066944385944,222.55804543582803,224.8927001953125,42308700
2024-09-26 04:00:00,225.81663654010725,227.0088022729372,223.9389713421174,226.0352020263672,36636700
2024-09-27 04:00:00,226.96904659349977,228.0221264682928,225.81661326820583,226.30340576171875,34026000
2024-09-30 04:00:00,228.5387415800987,231.4794311523437,228.1512873446241,231.4794311523437,54541900
2024-10-01 04:00:00,228.02216122790813,228.15130254219565,222.27988260723768,224.7337646484375,63285000
2024-10-02 04:00:00,224.4158271126304,225.8861642954019,221.5645617632429,225.30001831054688,32880600
2024-10-03 04:00:00,223.6707104185886,225.3298099915582,221.862595826182,224.1972503662109,34044200
2024-10-04 04:00:00,226.41271278943103,226.5120662505933,222.66732681912907,225.3199005126953,37245100
2024-10-07 04:00:00,223.0348997045567,224.21713611955545,219.885589131397,220.2432403564453,39505400
2024-10-08 04:00:00,222.83620769655573,224.5052366387564,221.79305702807565,224.296615600586,31855700
2024-10-09 04:00:00,223.7601370790405,228.25064364916537,223.36275355639287,228.04200744628903,33591100
2024-10-10 04:00:00,226.2935010745161,228.00227752622936,225.68748134269669,227.54527282714844,28183500
2024-10-11 04:00:00,227.8035972460956,227.9128799953492,225.8563814846346,226.0650177001953,31759200
2024-10-14 04:00:00,227.20748901369805,230.21771386522883,227.1081507143634,229.79052734375,39882100
2024-10-15 04:00:00,232.085459100832,235.9401430278398,230.8535458975589,232.3238983154297,64751400
2024-10-16 04:00:00,230.0885769817669,230.60517253033711,228.3400530967301,230.26739501953125,34082200
2024-10-17 04:00:00,231.9066247344228,232.3238971476739,229.0156269629083,230.63497924804688,32993800
2024-10-18 04:00:00,234.63864623478992,234.63864623478992,232.48280980290272,233.4663543701172,46431500
2024-10-21 04:00:00,232.91995571367767,235.3043021987925,232.91995571367767,234.93670654296875,36254500
2024-10-22 04:00:00,232.36362533760988,234.67842149785605,231.0820505913223,234.32077026367188,38846600
2024-10-23 04:00:00,232.552368896012,233.6054487889833,226.2736066643371,229.2540283203125,52287000
2024-10-24 04:00:00,228.4791464357764,229.3136761173618,226.91940013747097,229.0653076171875,31109500
2024-10-25 04:00:00,228.24072625952675,231.69801159617745,228.0718374956409,229.8998260498047,38802300
2024-10-28 04:00:00,231.79736647290133,233.1981533252385,231.0323872301169,231.8768310546875,36087100
2024-10-29 04:00:00,231.57880823795904,232.800777080786,230.8038996879506,232.14508056640625,35417200
2024-10-30 04:00:00,231.09197226998216,231.94636045913165,228.0519444590485,228.59835815429688,47070900
2024-10-31 04:00:00,227.8433387518272,228.33014650168323,223.8992454954501,224.43572998046875,64370100
2024-11-01 04:00:00,219.5279346472888,223.8793552942412,218.8325059309105,221.4552764892578,65276700
2024-11-04 05:00:00,219.5478246614517,221.3360657336285,218.27617915451208,220.5611572265625,44944500
2024-11-05 05:00:00,220.3525342324639,222.48849724939907,219.69683776020287,221.99176025390625,28111300
2024-11-06 05:00:00,221.15722727351368,224.5946536653585,219.7464961432124,221.2665100097656,54561100
2024-11-07 05:00:00,223.16406118155703,226.39285156162416,223.1044551692448,225.9954528808593,42137700
2024-11-08 05:00:00,225.9357792784742,227.4176895436531,225.17991383614745,225.7269287109375,38328800
2024-11-11 05:00:00,223.7775700900237,224.47376393957063,220.29658566640109,223.01174926757807,42005600
2024-11-12 05:00:00,223.3300179850212,224.3643609649356,222.14648085284745,223.01174926757807,40398300
2024-11-13 05:00:00,222.7929416764165,225.4185978724207,221.54973296285613,223.8969116210937,48566200
2024-11-14 05:00:00,223.79744575109493,227.62651917059247,223.7775501640544,226.9800567626953,44923900
2024-11-15 05:00:00,225.1699449930133,225.6871240415238,223.0515277694849,223.77755737304688,47923700
2024-11-18 05:00:00,224.0262037676668,228.49181480220403,223.9466365911712,226.7811584472656,44633700
2024-11-19 05:00:00,225.7467938634959,228.90952454109907,225.42854034251505,227.03973388671875,36211800
2024-11-20 05:00:00,226.82094870348703,228.68078414631773,224.6627401240164,227.7558441162109,35169600
2024-11-21 05:00:00,227.636502372658,228.90954693288327,224.48372676835865,227.2784576416016,42108300
2024-11-22 05:00:00,226.82094518602503,229.46649702017743,226.82094518602503,228.62110900878903,38168300
2024-11-25 05:00:00,230.2024695182051,231.982737654973,228.4918131754458,231.60479736328125,90152800
2024-11-26 05:00:00,232.0623165721609,234.29015208323423,232.0623165721609,233.7829132080078,45986200
2024-11-27 05:00:00,233.1961179232541,234.40949083683984,232.53970008294309,233.6536102294922,33498400
2024-11-29 05:00:00,233.53426018813377,236.5179610009136,232.69882760276832,236.0405731201172,28481400
2024-12-02 05:00:00,235.98089694287447,239.4817615684827,235.8714939748314,238.2882843017578,48137100
2024-12-03 05:00:00,238.5070985351772,241.4410680109117,237.60203896586933,241.3316650390625,38861000
2024-12-04 05:00:00,241.55048900644988,242.7837575833276,239.9392952788925,241.68972778320312,44383900
2024-12-05 05:00:00,242.66439419479377,243.21139387343032,240.81449907142343,241.71954345703125,40033900
2024-12-06 05:00:00,241.59025685240857,243.3009131878065,240.7647644785688,241.5206298828125,36870600
2024-12-09 05:00:00,240.516140724136,245.89675186527563,240.43657354260168,245.409408569336,44649200
2024-12-10 05:00:00,245.54863486606115,246.86147053083656,244.00705305092785,246.42385864257807,36914800
2024-12-11 05:00:00,246.61283253090065,249.43739908317045,244.9220565413804,245.1508178710937,45205800
2024-12-12 05:00:00,245.5486447760948,247.3885997871069,244.3452120348149,246.6128387451172,32777500
2024-12-13 05:00:00,246.47359279661413,247.9355922748061,244.90217516924,246.7819061279297,33155300
2024-12-16 05:00:00,246.64268436980004,250.0142660100041,246.30452004436617,249.6761016845703,51694800
2024-12-17 05:00:00,248.721307383058,252.45093348613432,248.4229342596344,252.1028289794922,51356400
2024-12-18 05:00:00,250.79000225751088,252.89847930582897,246.39401822090943,246.70233154296875,56774100
2024-12-19 05:00:00,246.15532490458145,250.6308762664829,245.7475488049507,248.4328765869141,60882300
2024-12-20 05:00:00,246.69239156062656,253.6145845456153,244.35516822034683,253.1073608398437,147495300
2024-12-23 05:00:00,253.38583418491564,254.26104280923545,252.07299848460428,253.88311767578125,40858800
2024-12-24 05:00:00,254.10192745486225,256.80713572411884,253.90300191480816,256.7972106933594,23234700
2024-12-26 05:00:00,256.7872242633273,258.6868506395932,256.2302692406472,257.6127014160156,27237100
2024-12-27 05:00:00,256.42919055718573,257.29448932345014,251.68511699924173,254.2013702392578,42355300
2024-12-30 05:00:00,250.8596087426004,252.1227129740064,249.3876539575231,250.82977294921875,35557500
2024-12-31 05:00:00,251.0684930674946,251.9039256958292,248.0748367187972,249.05946350097656,39480700
2025-01-02 05:00:00,247.57754859678104,247.74663833648884,240.5061920078161,242.5251617431641,55740700
2025-01-03 05:00:00,242.03781127929688,242.853348279154,240.5757966624965,242.03781127929688,40244100
2025-01-06 05:00:00,242.9826763531725,245.98627312798143,241.87870630793444,243.6689300537109,45045600
2025-01-07 05:00:00,241.6598791297847,244.215923537777,240.0387452815234,240.89407348632807,40856000
2025-01-08 05:00:00,240.6056476428208,242.38593107741448,238.7458122027361,241.38140869140625,37628900
2025-01-10 05:00:00,238.70602211575687,238.85521627248303,231.73411285331807,235.56320190429688,61710900
2025-01-13 05:00:00,232.2612117379593,233.39501742033124,228.4719141988712,233.12648010253903,49630700
2025-01-14 05:00:00,233.47458784982285,234.83713969366363,231.2069764534674,232.0125732421875,39435300
2025-01-15 05:00:00,233.36517465190275,237.66171090461413,233.1563089274433,236.5776214599609,39832000
2025-01-16 05:00:00,236.06047699847065,236.7168796666606,226.7911055301388,227.0198516845703,71759100
2025-01-17 05:00:00,230.85888730040747,231.0279618693864,227.2386640256131,228.7305145263672,68488300
2025-01-21 05:00:00,222.783001089375,223.20071739531107,218.1881065481907,221.43038940429688,98070400
2025-01-22 05:00:00,218.59586314481808,222.9023398570941,218.59586314481808,222.61392211914065,64126500
2025-01-23 05:00:00,223.5189888975117,225.7965406078772,221.09224303438072,222.44485473632807,60234800
2025-01-24 05:00:00,223.5587751677507,224.4041632112556,220.207089142254,221.56964111328125,54697900
2025-01-27 05:00:00,222.8029077898176,230.888727332658,222.76311661057,228.6111755371093,94863400
2025-01-28 05:00:00,229.5958003833341,238.88505261672515,229.5560092044273,236.9655303955078,75707600
2025-01-29 05:00:00,232.8480036441672,238.5568232574634,232.73860067537265,238.05953979492188,45486100
2025-01-30 05:00:00,237.3732826437262,239.48175963713217,235.92122345328548,236.2991485595703,55658300
2025-01-31 05:00:00,245.8470107317681,245.8470107317681,232.1717149504871,234.71780395507807,100959800
2025-02-03 05:00:00,228.7404632470789,230.5704628324937,224.4737624406888,226.77120971679688,73063300
2025-02-04 05:00:00,226.0153521080233,231.86341095944584,225.4186058340825,231.5352020263672,45067300
2025-02-05 05:00:00,227.28840417126327,231.40591110501148,227.02982220448573,231.20700073242188,39620300
2025-02-06 05:00:00,230.03338922164468,232.5297620441898,229.1780610151748,231.95291137695312,29925300
2025-02-07 05:00:00,231.33629458433444,232.72868233994456,226.02529517161955,226.393295288086,39707200
2025-02-10 05:00:00,228.5737755391387,229.5893382538889,226.21404995469493,226.6620941162109,33115600
2025-02-11 05:00:00,227.2097171947109,234.2092091135714,227.1400288616486,231.61053466796875,53718400
2025-02-12 05:00:00,230.19669384296432,235.9317077791751,229.6789461531513,235.8420867919922,45243300
2025-02-13 05:00:00,235.8819260401158,241.2883551100076,234.5477446540096,240.4818725585937,53614100
2025-02-14 05:00:00,240.203075232316,244.48441805735465,239.9442089936196,243.53854370117188,40896200
2025-02-18 05:00:00,243.0905000064508,244.1160290849872,240.7905267294893,243.4091186523437,48822500
2025-02-19 05:00:00,243.5982928571997,244.9424253685456,242.1048021606556,243.807373046875,32204200
2025-02-20 05:00:00,243.87707690453925,245.70908851524857,243.2298884862767,244.76321411132807,32316900
2025-02-21 05:00:00,244.88269415360097,247.6108093619248,244.1558662507813,244.48443603515625,53197400
2025-02-24 05:00:00,243.86711335623195,247.7800669312537,243.3593319822528,246.0277099609375,51326400
2025-02-25 05:00:00,246.92379728169456,248.91511822751468,243.84721006662005,245.96795654296875,48013300
2025-02-26 05:00:00,243.26972892021308,243.91690216055417,238.0922974197643,239.31695556640625,44433600
2025-02-27 05:00:00,238.3710773588995,241.4078448384303,236.0312691715791,236.27023315429688,41153600
2025-02-28 05:00:00,235.92174819400608,241.03944246427383,229.2010399398617,240.79052734375,56833400
2025-03-03 05:00:00,240.74073286620583,242.97101773746803,235.0853888180174,236.9970550537109,47184000
2025-03-04 05:00:00,236.6784633674393,239.02822274747484,233.6615980851158,234.9061737060547,53798100
2025-03-05 05:00:00,234.3983766092207,235.5234777567522,228.23523611666363,234.7169952392578,47227600
2025-03-06 05:00:00,233.4226244565456,236.827781170069,232.1481803716914,234.3087615966797,45170400
2025-03-07 05:00:00,234.0897249978684,240.3225538387904,233.7412377693079,238.0325469970703,46273600
2025-03-10 04:00:00,234.5178647329352,235.13518456664028,223.24699590534985,226.4928436279297,72071200
2025-03-11 04:00:00,222.8387656202518,224.8599551431671,216.50636447278404,219.88165283203125,76137400
2025-03-12 04:00:00,219.1847126113749,220.78772670269151,213.9774121949233,216.0384216308593,62547500
2025-03-13 04:00:00,215.0128916975229,215.8990289750484,207.51556900756947,208.7700958251953,61368300
2025-03-14 04:00:00,210.3332830996676,213.0215634427817,208.67053186821337,212.5635681152344,60107600
2025-03-17 04:00:00,212.3843419118567,214.28605714072168,209.0588394397278,213.07135009765625,48073400
2025-03-18 04:00:00,213.230666286154,214.2163605039484,210.57225445008928,211.7670440673828,42432400
2025-03-19 04:00:00,213.29039128502816,217.8106832228152,212.8224296395377,214.30596923828125,54385400
2025-03-20 04:00:00,213.0613904363763,216.5462020975973,211.29906714235267,213.17091369628903,48862900
2025-03-21 04:00:00,210.64192650603025,217.89033350890864,210.36314278996363,217.32281494140625,94127800
2025-03-24 04:00:00,220.04097309502072,220.5188858867363,217.63147647971348,219.7721405029297,44299500
2025-03-25 04:00:00,219.81197343150768,223.1275247285548,219.1249652538438,222.779037475586,34493600
2025-03-26 04:00:00,222.54005264880035,224.0435095903292,219.51325168877747,220.5686492919922,34466100
2025-03-27 04:00:00,220.4292545555072,224.0136380596445,219.6028546033708,222.8785858154297,37094800
2025-03-28 04:00:00,220.70805090185613,222.83876366462027,216.7353602231078,216.95440673828125,39818600
2025-03-31 04:00:00,216.0682695484103,224.6409066608951,215.29165561007284,221.1660614013672,65299300
2025-04-01 04:00:00,218.85612876373423,222.70932997882656,217.9500740762217,222.22146606445312,36412700
2025-04-02 04:00:00,220.3595869543347,224.21278818927524,220.06088576879955,222.91842651367188,35905900
2025-04-03 04:00:00,204.6480665355257,206.58961679788308,200.3766893820037,202.3082733154297,103419000
2025-04-04 04:00:00,193.0486144227304,199.0126263082325,186.52703508606032,187.56253051757807,125910900
2025-04-07 04:00:00,176.43103817745248,193.30748067285785,173.86223225537526,180.6725616455078,160466300
2025-04-08 04:00:00,185.88983084847527,189.51403482217904,168.47573669018362,171.6717987060547,120859500
2025-04-09 04:00:00,171.20381523449285,199.7394480269994,171.14407803694525,197.98709106445312,184395900
2025-04-10 04:00:00,188.2495411244853,193.9347541651764,182.20587449762067,189.5936737060547,121880000
2025-04-11 04:00:00,185.2924188893916,198.67408279715283,185.2525839628914,197.2901153564453,87435900
2025-04-14 04:00:00,210.52244846919623,212.0159391476752,200.28706023476008,201.6411590576172,101352900
2025-04-15 04:00:00,200.98403365195668,202.62686743682656,198.9329754067001,201.2628173828125,51343900
2025-04-16 04:00:00,197.49920369317184,199.8290454554037,191.535192242388,193.4269561767578,59732400
2025-04-17 04:00:00,196.34424488667963,197.9671763411939,193.5763099497932,196.1251983642578,52164700
2025-04-21 04:00:00,192.43128533414367,192.9589841185958,188.98629374468007,192.3217620849609,46742500
2025-04-22 04:00:00,195.26894368988752,200.715208155226,195.1196006832811,198.8732452392578,52976400
2025-04-23 04:00:00,205.1060615575032,207.0973825434984,201.9199510184256,203.712142944336,52929200
2025-04-24 04:00:00,204.00088023313933,207.92378505310097,202.0593452871763,207.4657745361328,47311000
2025-04-25 04:00:00,205.4744504992001,208.8397878176709,205.30519003897632,208.371826171875,38222300
2025-04-28 04:00:00,209.0887117708844,210.5822025692478,206.55974070372147,209.2281036376953,38743100
2025-04-29 04:00:00,207.78437328663367,211.3189707788267,207.4657546631633,210.2934417724609,36827600
2025-04-30 04:00:00,208.391754898292,212.65318081121785,205.77316280594096,211.577865600586,52286500
2025-05-01 04:00:00,208.1726964341785,213.62891164873253,207.9934696463897,212.3943023681641,57365700
2025-05-02 04:00:00,205.1956718800824,206.0917754590827,201.2827333487594,204.4588928222656,101010600
2025-05-05 04:00:00,202.2186538992821,203.21431440062256,197.34987465543003,198.02691650390625,69018500
2025-05-06 04:00:00,197.3498735756035,199.7792724238197,196.1650351546796,197.6485595703125,51216500
2025-05-07 04:00:00,198.3057033514284,198.574535944944,192.41139491378885,195.3983764648437,68536700
2025-05-08 04:00:00,196.86199326420865,199.1818840286168,193.83517686729027,196.63299560546875,50478900
2025-05-09 04:00:00,198.1364339272832,199.6697443694255,196.6827629534363,197.66847229003903,36453900
2025-05-12 04:00:00,210.32994399020487,210.62903686932515,206.12274573806783,210.1504821777344,63775800
2025-05-13 04:00:00,209.7915811886621,212.75257189298435,208.36592688565327,212.28399658203125,51909300
2025-05-14 04:00:00,211.78552428530423,213.29095299553776,209.94114592781207,211.6858367919922,49325800
2025-05-15 04:00:00,210.3100190919457,212.3139309113297,208.90429308394448,210.8085021972656,45029500
2025-05-16 04:00:00,211.71573318604425,211.92510277199543,209.1335944967917,210.6190643310547,54737900
2025-05-19 04:00:00,207.27923550566183,208.8444644477049,203.64029993754312,208.14659118652344,46140500
2025-05-20 04:00:00,207.03996203611737,207.83753801206527,204.40797196423648,206.232421875,42496600
2025-05-21 04:00:00,204.54755595275296,206.4118779017609,200.10109516487896,201.4768981933593,59211800
2025-05-22 04:00:00,200.1010778345708,202.1348820380274,199.09413231135568,200.7490997314453,46742400
2025-05-23 04:00:00,193.0824298832746,197.10020219746903,192.8730755135501,194.6775817871093,78432900
2025-05-27 04:00:00,197.6983910952664,200.1309909415137,196.83102019804124,199.60260009765625,56288500
2025-05-28 04:00:00,199.98144837254893,202.11495545301847,199.29353925378825,199.8119659423828,45339700
2025-05-29 04:00:00,202.9623758748587,203.19167383577107,197.9077500620525,199.3433837890625,51396800
2025-05-30 04:00:00,198.7651407343476,201.3472946799051,196.18300200128647,200.2406616210937,70819900
2025-06-02 04:00:00,199.6723835925692,201.5167770946724,199.5128653541448,201.08807373046875,35423300
2025-06-03 04:00:00,200.73914706631285,203.1518034040851,200.3503308633764,202.6533203125,46381600
2025-06-04 04:00:00,202.2943894332265,205.6142882803356,201.4868493484558,202.2046661376953,43604000
2025-06-05 04:00:00,202.8826044104843,204.1288120542833,199.54276184010465,200.0213165283203,55126100
2025-06-06 04:00:00,202.3841235560851,205.07592905349443,201.4370087789868,203.30133056640625,46607700
2025-06-09 04:00:00,203.7699042317972,205.3750202901374,199.4131671645148,200.8388214111328,72862600
2025-06-10 04:00:00,199.99141796230995,203.73004106569937,199.9615101944825,202.0551300048828,54672600
2025-06-11 04:00:00,202.88260699920767,203.8795731269679,197.80805305990708,198.1769256591797,60989900
2025-06-12 04:00:00,198.476026276637,199.07419684911244,196.7612432530472,198.5956573486328,43904600
2025-06-13 04:00:00,199.1240517744725,199.76210952406475,195.1062792678608,195.85400390625,51447300
2025-06-16 04:00:00,196.701426450214,198.08720880439395,195.9636660151664,197.81802368164065,43020700
2025-06-17 04:00:00,196.6017124403596,197.78810453675544,194.6177596316768,195.04644775390625,38856200
2025-06-18 04:00:00,195.34555431850023,196.9706140480472,194.47819861622497,195.98361206054688,45394700
2025-06-20 04:00:00,197.6385766343812,201.0880710219928,196.2627584683704,200.39019775390625,96813500
2025-06-23 04:00:00,201.01828233775663,201.686247808318,198.3563846401482,200.888671875,55814300
2025-06-24 04:00:00,201.97536755465325,202.8227948624406,199.5926190778996,199.6923217773437,54064000
2025-06-25 04:00:00,200.8388194477268,203.052085424857,200.0113357524488,200.948486328125,39525700
2025-06-26 04:00:00,200.81888589983927,202.025221644493,198.854876564116,200.39019775390625,50799100
2025-06-27 04:00:00,201.277510912804,202.6034778198992,199.39324535272064,200.469970703125,73188600
2025-06-30 04:00:00,201.3971296521761,206.7608124915243,198.6554726965608,204.54754638671875,91912800
2025-07-01 04:00:00,206.04299395149744,209.55231908550664,205.5146031050056,207.18951416015625,78788900
2025-07-02 04:00:00,208.2761972389462,212.69274987948137,207.5085290616707,211.7954864501953,67941800
2025-07-03 04:00:00,211.5063531929921,213.9987684566969,211.16738836812712,212.9021148681641,34955800
2025-07-07 04:00:00,212.0347473083985,215.57398008038285,208.16652910348648,209.3130340576172,50229000
2025-07-08 04:00:00,209.46260228799343,210.78855393169587,207.8175989494771,209.37286376953125,42848900
2025-07-09 04:00:00,208.8943192909964,210.6888614301138,206.59132988433592,210.4994354248047,48749400
2025-07-10 04:00:00,209.8713495723348,212.8323404073814,209.39281005517992,211.76559448242188,44443600
2025-07-11 04:00:00,209.9311570606941,211.4864217284832,209.2233044426644,210.5193634033203,39765800
2025-07-14 04:00:00,209.293099043616,210.27013683517245,206.910350525426,207.9870758056641,38840100
2025-07-15 04:00:00,208.5852680860029,211.2471659954246,208.2861751856472,208.47560119628903,42296300
2025-07-16 04:00:00,209.6619745482938,211.75559423754484,208.0070071659605,209.5223999023437,47490500
2025-07-17 04:00:00,209.93116216460888,211.1574262267181,208.95412441878605,209.38282775878903,48068100
2025-07-18 04:00:00,210.23024956462243,211.1474566075158,209.06380098140497,210.539306640625,48974600
2025-07-21 04:00:00,211.4565361150761,215.12536441190213,210.98796078626995,211.8353729248047,51377400
2025-07-22 04:00:00,212.4933551608528,214.2978613781744,211.58611235366487,213.74952697753903,46404100
2025-07-23 04:00:00,214.3477325289176,214.49727137359017,211.7655937275917,213.50030517578125,46989300
2025-07-24 04:00:00,213.251055366678,215.03563331063384,212.8821827557749,213.11148071289065,46022600
2025-07-25 04:00:00,214.04862920984863,214.58699944946247,212.7525701732737,213.2311248779297,40268800
2025-07-28 04:00:00,213.38067592321025,214.1981955143971,212.41361748607304,213.400619506836,37858000
2025-07-29 04:00:00,213.53020352524888,214.1582970701604,210.18041185237743,210.6290435791016,51411700
2025-07-30 04:00:00,211.2571158132724,211.74563469104567,207.0898047125579,208.415771484375,45512500
2025-07-31 04:00:00,207.85748415888983,209.2033793731888,206.5315173151756,206.9402770996093,80698400
2025-08-01 04:00:00,210.23023901853355,212.93202387361225,200.8886714237977,201.76600646972656,104434500
2025-08-04 04:00:00,203.8895472057539,207.24933356384108,201.06813110178,202.7330780029297,75109300
2025-08-05 04:00:00,202.7829065525681,204.7170232958933,201.5466782764192,202.3043670654297,44155100
2025-08-06 04:00:00,205.0061502968161,214.7265700698597,204.96626313259569,212.60302734375,108483100
2025-08-07 04:00:00,218.2159523061407,220.1799768073744,215.9229271551449,219.36245727539065,90224800
2025-08-08 04:00:00,220.1600196077929,230.2991627392556,218.5848113878,228.6541748046875,113854000
2025-08-11 04:00:00,227.486400432218,229.123279867368,224.3324083989562,226.747802734375,61806100
2025-08-12 04:00:00,227.57622481823225,230.36092560837628,226.63802588155733,229.21310424804688,55626200
2025-08-13 04:00:00,230.6304284784954,234.552944884794,229.99163136972763,232.88612365722656,69878500
2025-08-14 04:00:00,233.6147219132583,234.6727029329224,230.41083714463488,232.337158203125,51916300
2025-08-15 04:00:00,233.5548328767578,233.834298979768,228.9036945156081,231.1494140625,56038700
2025-08-18 04:00:00,231.25921652669464,232.67651332576617,229.672244959047,230.4507598876953,37476200
2025-08-19 04:00:00,230.8400151681398,232.42698672077373,228.9136940815642,230.1213836669922,39402600
2025-08-20 04:00:00,229.54248102593337,230.0315543310328,225.3404986724704,225.5800323486328,42263900
2025-08-21 04:00:00,225.83955683035407,226.08908123987143,223.3542882288465,224.4721527099609,30621200
2025-08-22 04:00:00,225.7397343895232,228.65417758009715,224.98118568943207,227.3267059326172,42477800
2025-08-25 04:00:00,226.049129981438,228.8637723966904,225.7996055926997,226.72784423828125,30983100
2025-08-26 04:00:00,226.438403395408,229.0534295301293,224.2625578823749,228.873764038086,54575100
2025-08-27 04:00:00,228.17510050695543,230.4607373856072,227.82576024347395,230.0515289306641,31259500
2025-08-28 04:00:00,230.3809040856524,232.9659733126178,228.90370861616245,232.1175842285156,38074700
2025-08-29 04:00:00,232.0676707602769,232.9360260407387,230.92984008944924,231.6983795166016,39418400
2025-09-02 04:00:00,228.8138823959992,230.4108447009183,226.53822101083423,229.28298950195312,44075600
2025-09-03 04:00:00,236.75874463665696,238.395624134605,233.9141603097862,238.016342163086,66427800
2025-09-04 04:00:00,237.996365667052,239.4436041167336,236.2896273284533,239.32383728027344,47549400
2025-09-05 04:00:00,239.5434165987409,240.8609127003189,238.0362947520209,239.2340087890625,54870400
2025-09-08 04:00:00,238.844756467826,239.69313028194867,235.89038089866293,237.42745971679688,48999500
2025-09-09 04:00:00,236.54912730927947,238.3257397896772,232.9160527142261,233.9041748046875,66313900
2025-09-10 04:00:00,231.7482872752143,231.9778454619465,225.5201526853384,226.35855102539065,83440800
2025-09-11 04:00:00,226.44839058875493,230.0115911363252,226.21881717306923,229.59239196777344,50208600
2025-09-12 04:00:00,228.7839306820605,234.063860229386,228.584314210114,233.6247100830078,55824200
2025-09-15 04:00:00,236.549127145038,237.7368657054393,234.58287368836287,236.24969482421875,42699500
2025-09-16 04:00:00,236.72878926810645,240.76111223381088,235.87043992435724,237.6969451904297,63421100
2025-09-17 04:00:00,238.5153883976145,239.6432435766681,237.27774187166392,238.5353546142578,46508000
2025-09-18 04:00:00,239.5134800259323,240.74113579799257,236.199788714976,237.42745971679688,44249600
2025-09-19 04:00:00,240.77107799962133,245.83144010441063,239.7530294205925,245.032958984375,163741300
2025-09-22 04:00:00,247.82763635806887,256.15178189089505,247.64797087115,255.5928192138672,105517400
2025-09-23 04:00:00,255.3932223520852,256.8504363399061,253.0975947938589,253.9459686279297,60275200
2025-09-24 04:00:00,254.73446948849343,255.2534845023776,250.5624136207024,251.8300018310547,42303700
2025-09-25 04:00:00,252.7282916183988,256.6807646844572,251.2311452680336,256.3813171386719,55202100
2025-09-26 04:00:00,253.61660096533103,257.10994249251326,253.2972024297037,254.97401428222656,46076300
2025-09-29 04:00:00,254.0757261912774,254.5148915782133,252.52867184357527,253.9459686279297,40127700
2025-09-30 04:00:00,254.3751575512532,255.4331385813304,252.6284867333586,254.1455993652344,37704300
2025-10-01 04:00:00,254.55481135315,258.29769267334166,254.44502000530687,254.9640350341797,48713900
2025-10-02 04:00:00,256.09186667190835,257.68882891050583,253.66649683440303,256.6408386230469,42630200
2025-10-03 04:00:00,254.18552630266564,258.7468246365968,253.46689477740225,257.5291442871094,49155600
2025-10-06 04:00:00,257.499174775338,258.57713717661323,254.56478079871025,256.20166015625,44664100
2025-10-07 04:00:00,256.32145476920215,256.9103287268919,254.94407514023973,255.9920959472656,31955800
2025-10-08 04:00:00,256.03201279963565,258.0282082133661,255.62278908467795,257.569091796875,36496900
2025-10-09 04:00:00,257.3195337882977,257.50917476461467,252.6584199331141,253.55670166015625,38322000
2025-10-10 04:00:00,254.4550078501572,255.8922708493858,243.5358175290989,244.80340576171875,61999100
2025-10-13 04:00:00,248.9055871417832,249.2149949644775,245.09284695691,247.18885803222656,38142900
2025-10-14 04:00:00,246.1308726626428,248.37659224814223,244.2344780970313,247.29864501953125,35478000
2025-10-15 04:00:00,249.01538540478128,251.3409547309234,246.9992239099276,248.8656616210937,33893600
2025-10-16 04:00:00,247.77774448085987,248.56623493239263,244.6636846503341,246.9792633056641,39777000
2025-10-17 04:00:00,247.5481624372989,252.89796599708643,246.79958926324147,251.81002807617188,49147000
2025-10-20 04:00:00,255.4032084113237,263.87706298772724,255.143708503654,261.7411193847656,90483000
2025-10-21 04:00:00,261.3817895915523,264.7853058703715,261.3318664386604,262.27008056640625,46695900
2025-10-22 04:00:00,262.15033525743416,262.349966966352,254.94406918261987,257.9583435058594,45015300
2025-10-23 04:00:00,259.4454820834593,260.12418111371363,257.51916110368444,259.0861511230469,32754900
2025-10-24 04:00:00,260.69313376057823,263.62754335723145,258.68694768993146,262.3200378417969,38253700
2025-10-27 04:00:00,264.37609822840903,268.60802232244004,264.1465248140549,268.2986145019531,44888200
2025-10-28 04:00:00,268.4782600095115,269.3765722048576,267.63986169210665,268.4882507324219,41534800
2025-10-29 04:00:00,268.76770579477784,270.8936584399069,266.6018207191691,269.1869201660156,51086700
2025-10-30 04:00:00,271.4725408872279,273.6184749716116,267.969239224885,270.8836669921875,69886500
2025-10-31 04:00:00,276.4630533049319,276.79244258078194,268.647962249571,269.85565185546875,86167100
2025-11-03 05:00:00,269.90556627002525,270.33474092754267,265.74348587775046,268.53814697265625,50194600
2025-11-04 05:00:00,267.8195068636227,270.9734988318123,267.11086611942017,269.5262756347656,49274800
2025-11-05 05:00:00,268.0989800730272,271.18312844251227,266.4221834255846,269.6260986328125,43683100
2025-11-06 05:00:00,267.38037702601645,272.8798740142925,267.38037702601645,269.2567749023437,51204000
2025-11-07 05:00:00,269.28671541495146,271.7719991063764,266.26248096015127,267.9592590332031,48227400
2025-11-10 05:00:00,268.7085692371889,273.4741297822401,267.2099714283653,269.1781311035156,41312400
2025-11-11 05:00:00,269.55775905965567,275.65206242273547,269.5477586519058,274.99267578125,46208300
2025-11-12 05:00:00,274.74292397164845,275.4722525277038,271.4460210796085,273.21435546875,48398000
2025-11-13 05:00:00,273.85374352181776,276.4413491841305,271.83564282199285,272.6948547363281,49602800
2025-11-14 05:00:00,270.7965900477885,275.702003472256,269.3479639093673,272.15533447265625,47431300
2025-11-17 05:00:00,268.5687054184609,270.2371271729127,265.48159771217263,267.2099609375,45018300
2025-11-18 05:00:00,269.7376065335732,270.4569347049811,265.0719890725528,267.19000244140625,45677300
2025-11-19 05:00:00,265.2817633125939,271.9555110777923,265.2517925781922,268.3089294433594,40424500
2025-11-20 05:00:00,270.5768036466949,275.17250947675234,265.67142054546326,266.0010986328125,45823600
2025-11-21 05:00:00,265.70137680880595,273.0744516711978,265.4216397990326,271.2361755371094,59030800
2025-11-24 05:00:00,270.64675212306133,276.7410558404627,270.64675212306133,275.6620788574219,65585800
2025-11-25 05:00:00,275.012667049666,280.1179060838009,274.9926967216935,276.7110900878906,46914200
2025-11-26 05:00:00,276.70108254872224,279.26868736786383,276.3714044558947,277.29052734375,33431400
2025-11-28 05:00:00,277.0008150112318,278.73917862681736,275.73198274965245,278.5893249511719,20135600
2025-12-01 05:00:00,277.75011957449965,283.1550658399818,275.88187257202503,282.8353576660156,46587700
2025-12-02 05:00:00,282.7354345985028,287.1313151163589,282.36578537497866,285.9224548339844,53669500
2025-12-03 05:00:00,285.9324708384744,288.35019153510143,283.0351573834178,283.8843688964844,43538700
2025-12-04 05:00:00,283.83440686502166,284.46382276925783,278.32954829392816,280.4375915527344,43989100
2025-12-05 05:00:00,280.27774306596746,280.8771882481053,277.79005013345267,278.5193786621094,47265800
2025-12-08 05:00:00,277.8699843761556,279.4085531850005,275.8918244790692,277.6302185058594,38211800
2025-12-09 05:00:00,277.8999627322321,279.7682096639769,276.6611317163261,276.9208679199219,32193300
2025-12-10 05:00:00,277.490342786908,279.48847306800184,276.1815698919154,278.5193786621094,33038300
2025-12-11 05:00:00,278.83908758708685,279.3286197507982,273.5540244422053,277.77008056640625,33248000
2025-12-12 05:00:00,277.64021728323,278.9589906850317,276.5612402656973,278.0198669433594,39532900
2025-12-15 05:00:00,279.8880911943856,279.8880911943856,272.5849275039148,273.8537292480469,50409100
2025-12-16 05:00:00,272.5649667835892,275.2424541197232,271.53593087885605,274.353271484375,37648600
2025-12-17 05:00:00,274.75292651919426,275.90184538512057,271.38608172110213,271.5858764648437,50138700
2025-12-18 05:00:00,273.35420232069225,273.374203136776,266.7004552212896,271.935546875,51630700
2025-12-19 05:00:00,271.8955859651445,274.34330788170604,269.64768928264715,273.4141845703125,144632000
2025-12-22 05:00:00,272.6048920133635,273.62395794129594,270.25711338978425,270.7166748046875,36571800
2025-12-23 05:00:00,270.5868091030317,272.2452609569047,269.30800689497966,272.1053771972656,29642000
2025-12-24 05:00:00,272.085389177814,275.17249671786806,271.9455359163183,273.55401611328125,17910600
2025-12-26 05:00:00,273.9037084592662,275.1125687682936,272.6049054553,273.1444091796875,21521800
2025-12-29 05:00:00,272.4350823114352,274.10350406329195,272.0954038139857,273.50408935546875,23715200
2025-12-30 05:00:00,272.5549704076282,273.82377221524894,272.0254670796708,272.82470703125,22139600
2025-12-31 05:00:00,272.80472532736104,273.42414083736213,271.4959524300237,271.6058349609375,27293600
2026-01-02 05:00:00,272.0054842546519,277.5802543100492,268.7485221479618,270.75665283203125,37838100
2026-01-05 05:00:00,270.38700744645297,271.25618925068443,265.89121426121545,267.0101623535156,45647200
2026-01-06 05:00:00,266.7503924619391,267.2998660934885,261.8749496989937,262.1147155761719,52352100
2026-01-07 05:00:00,262.95395138764474,263.4334831315393,259.5671060011504,260.08660888671875,48309800
2026-01-08 05:00:00,256.7797203952787,259.0476178563403,255.4609622909548,258.7978515625,50419300
2026-01-09 05:00:00,258.8377955175017,259.9667440583015,255.98048371428257,259.1275329589844,39997000
2026-01-12 05:00:00,258.9177364764393,261.05572011368304,256.5599267903311,260.0067138671875,45263800
2026-01-13 05:00:00,258.4781303943212,261.56523797230057,258.148452318208,260.8059387207031,45730800
2026-01-14 05:00:00,259.247418118488,261.57525710051715,256.4700180914029,259.71697998046875,40019400
2026-01-15 05:00:00,260.40631875644857,260.7959687899761,256.8096782083212,257.9685974121094,39388600
2026-01-16 05:00:00,257.6589020182799,258.6579671912775,254.6916772349149,255.29112243652344,72142800
2026-01-20 05:00:00,252.49373739571587,254.55180921698133,243.1924430560896,246.4693756103516,80267500
2026-01-21 05:00:00,248.4675090444481,251.3248360900433,244.9507953165175,247.41848754882807,54641700
2026-01-22 05:00:00,248.9670398844788,250.76536025794263,247.9180183962477,248.1178436279297,39708300
2026-01-23 05:00:00,247.0888078223564,249.176850391454,244.4512611104124,247.80812072753903,41689000
2026-01-26 05:00:00,251.24490015634893,256.32015295784896,249.5664780183616,255.1712341308593,55969200
2026-01-27 05:00:00,258.92771692213245,261.7051166970889,257.96859246831417,258.0285339355469,49648300
2026-01-28 05:00:00,257.409147241713,258.61800761819165,254.2720830679268,256.2002868652344,41288000
2026-01-29 05:00:00,257.75880668092503,259.4072580677027,254.17216647920577,258.0385437011719,67253000
2026-01-30 05:00:00,254.9314433110553,261.6551472598355,251.94423313215475,259.2374267578125,92443400
2026-02-02 05:00:00,259.7869174093499,270.2371306501278,258.9676766447768,269.7575988769531,73913400
2026-02-03 05:00:00,268.9483513556569,271.6258386480508,267.3598109321867,269.22808837890625,64394700
2026-02-04 05:00:00,272.03545112075,278.68922850453845,272.03545112075,276.23150634765625,90545700
2026-02-05 05:00:00,277.86999494352693,279.2387093202658,272.97458180817284,275.6520690917969,52977400
2026-02-06 05:00:00,276.8609202349588,280.6473855638201,276.6710954236804,277.8599853515625,50453400
2026-02-09 05:00:00,277.9100036621094,278.20001220703125,271.70001220703125,274.6199951171875,44623400
2026-02-10 05:00:00,274.8900146484375,275.3699951171875,272.94000244140625,273.67999267578125,34376900
2026-02-11 05:00:00,274.70001220703125,280.17999267578125,274.45001220703125,275.5,51931300
2026-02-12 05:00:00,275.5899963378906,275.7200012207031,260.17999267578125,261.7300109863281,81077200
2026-02-13 05:00:00,262.010009765625,262.2300109863281,255.4499969482422,255.77999877929688,56290700
2026-02-17 05:00:00,258.04998779296875,266.2900085449219,255.5399932861328,263.8800048828125,58469100
2026-02-18 05:00:00,263.6000061035156,266.82000732421875,262.45001220703125,264.3500061035156,34203300
2026-02-19 05:00:00,262.6000061035156,264.4800109863281,260.04998779296875,260.5799865722656,30845300
2026-02-20 05:00:00,258.9700012207031,264.75,258.1600036621094,264.5799865722656,42070500
2026-02-23 05:00:00,263.489990234375,269.42999267578125,263.3800048828125,266.17999267578125,37308200
2026-02-24 05:00:00,267.8599853515625,274.8900146484375,267.7099914550781,272.1400146484375,47014600
2026-02-25 05:00:00,271.7799987792969,274.94000244140625,271.04998779296875,274.2300109863281,33714300
2026-02-26 05:00:00,274.95001220703125,276.1099853515625,270.79998779296875,272.95001220703125,32345100
2026-02-27 05:00:00,272.8099975585937,272.8099975585937,262.8900146484375,264.17999267578125,72366500
2026-03-02 05:00:00,262.4100036621094,266.5299987792969,260.20001220703125,264.7200012207031,41827900
2026-03-03 05:00:00,263.4800109863281,265.5599975585937,260.1300048828125,263.75,38568900
2026-03-04 05:00:00,264.6499938964844,266.1499938964844,261.4200134277344,262.5199890136719,39803100
2026-03-05 05:00:00,260.7900085449219,261.5599975585937,257.25,260.2900085449219,49658600
2026-03-06 05:00:00,258.6300048828125,258.7699890136719,254.3699951171875,257.4599914550781,41120000
2026-03-09 04:00:00,255.69000244140625,261.1499938964844,253.67999267578125,259.8800048828125,38218500
2026-03-10 04:00:00,257.6499938964844,262.4800109863281,256.95001220703125,260.8299865722656,30590800
2026-03-11 04:00:00,261.0899963378906,262.1300048828125,259.54998779296875,260.8099975585937,26218900
2026-03-12 04:00:00,258.6600036621094,258.95001220703125,254.17999267578125,255.759994506836,40794000
2026-03-13 04:00:00,255.47999572753903,256.3299865722656,249.5200042724609,250.1199951171875,36930000
2026-03-16 04:00:00,252.1100006103516,253.88999938964844,249.8800048828125,252.82000732421875,32074200
2026-03-17 04:00:00,252.9600067138672,255.1300048828125,252.17999267578125,254.22999572753903,32361600
2026-03-18 04:00:00,252.6300048828125,254.94000244140625,249.0,249.94000244140625,35757900
2026-03-19 04:00:00,249.3999938964844,251.8300018310547,247.3000030517578,248.9600067138672,34864100
2026-03-20 04:00:00,247.97999572753903,249.1999969482422,246.0,247.9900054931641,88331100
2026-03-23 04:00:00,253.97000122070312,254.6000061035156,250.27999877929688,251.4900054931641,40546100
2026-03-24 04:00:00,250.3500061035156,254.8300018310547,249.5500030517578,251.63999938964844,45152300
2026-03-25 04:00:00,254.1000061035156,255.0,251.6000061035156,252.6199951171875,28476700
2026-03-26 04:00:00,252.1199951171875,257.0,250.7700042724609,252.88999938964844,41796700
2026-03-27 04:00:00,253.8999938964844,255.4900054931641,248.07000732421875,248.8000030517578,47900000
2026-03-30 04:00:00,250.07000732421875,250.8699951171875,245.509994506836,246.6300048828125,39446200
2026-03-31 04:00:00,247.9100036621093,255.47999572753903,247.1000061035156,253.7899932861328,49598100
2026-04-01 04:00:00,254.0800018310547,256.17999267578125,253.3300018310547,255.6300048828125,40059400
2026-04-02 04:00:00,254.1999969482422,256.1300048828125,250.6499938964844,255.9199981689453,31289400
2026-04-06 04:00:00,256.510009765625,262.1600036621094,256.4599914550781,258.8599853515625,29297900
2026-04-07 04:00:00,256.1600036621094,256.20001220703125,245.6999969482422,253.5,62148000
2026-04-08 04:00:00,258.45001220703125,259.75,256.5299987792969,258.8999938964844,41032800
2026-04-09 04:00:00,259.0,261.1199951171875,256.07000732421875,260.489990234375,28121600
2026-04-10 04:00:00,259.9800109863281,262.19000244140625,259.0199890136719,260.4800109863281,31291500
2026-04-13 04:00:00,259.7300109863281,260.17999267578125,256.6600036621094,259.20001220703125,36234700
2026-04-14 04:00:00,259.25,261.92999267578125,257.19000244140625,258.8299865722656,48370700
2026-04-15 04:00:00,258.1600036621094,266.5599975585937,257.8099975585937,266.42999267578125,49913500
2026-04-16 04:00:00,266.79998779296875,267.1600036621094,261.2699890136719,263.3999938964844,43323100
2026-04-17 04:00:00,266.9599914550781,272.29998779296875,266.7200012207031,270.2300109863281,61436200
2026-04-20 04:00:00,270.3299865722656,274.2799987792969,270.2900085449219,273.04998779296875,36590200
2026-04-21 04:00:00,271.5,272.79998779296875,265.3999938964844,266.1700134277344,50209800
2026-04-22 04:00:00,267.82000732421875,273.739990234375,266.8699951171875,273.1700134277344,43249200
2026-04-23 04:00:00,275.04998779296875,275.7699890136719,271.6499938964844,273.42999267578125,33399600
2026-04-24 04:00:00,272.760009765625,273.0599975585937,269.6499938964844,271.0599975585937,38124500
2026-04-27 04:00:00,266.0899963378906,268.3599853515625,265.07000732421875,267.6099853515625,41213866
2026-04-28 04:00:00,272.3399963378906,273.2300109863281,268.6600036621094,270.7099914550781,39978600
2026-04-29 04:00:00,267.54998779296875,271.0400085449219,267.0400085449219,270.1700134277344,30047900
2026-04-30 04:00:00,270.5,276.0,268.1400146484375,271.3500061035156,91848200
2026-05-01 04:00:00,278.8599853515625,287.2200012207031,278.3699951171875,280.1400146484375,79915400
2026-05-04 04:00:00,279.6549987792969,280.6300048828125,274.860107421875,276.8299865722656,45414226
