Date,Open,High,Low,Close,Volume
2021-05-04 18:30:00,663.4966044678988,667.5694485790882,654.3563354718063,664.2543334960938,14421612
2021-05-05 18:30:00,666.6222341637894,668.1377499432683,660.6550389228186,663.44921875,11477044
2021-05-06 18:30:00,669.1558196668091,674.838872933729,667.877155806155,670.00830078125,12048334
2021-05-09 18:30:00,675.8098094461626,677.2305728857831,669.0848856230303,672.4236450195312,11060050
2021-05-10 18:30:00,661.128612382698,674.4837660986876,660.678727067445,664.7042236328125,14519034
2021-05-11 18:30:00,662.9045297636991,667.0957702739445,657.7424111292165,662.7861328125,13774926
2021-05-13 18:30:00,660.3470741757243,662.5019215839199,654.6640211195654,656.795166015625,10604142
2021-05-16 18:30:00,660.726040338843,683.1977586511666,654.1668607756777,682.0848388671875,15120692
2021-05-17 18:30:00,690.9409834750115,702.2123976389103,689.0703345571502,699.34716796875,22165280
2021-05-18 18:30:00,696.2687468484748,700.3652928007363,687.9099685903982,690.585693359375,10130916
2021-05-19 18:30:00,690.656712419775,694.2323232056198,676.5201290556131,678.5565795898438,10684184
2021-05-20 18:30:00,683.3871869956029,711.2815196347564,683.3871869956029,709.10302734375,19341646
2021-05-23 18:30:00,711.9208569498711,720.066543946563,709.6713149106149,715.0938720703125,22146102
2021-05-24 18:30:00,715.3543770125982,716.8935373735985,696.41086487721,700.4126586914062,19236974
2021-05-25 18:30:00,700.9100004512399,704.225115318239,696.1741220698126,699.512939453125,12283990
2021-05-26 18:30:00,697.6421913176409,705.1722490585071,692.5984695791637,702.1649780273438,20439496
2021-05-27 18:30:00,706.0720111591569,716.5382892146984,700.3179082460247,712.0155029296875,17750020
2021-05-30 18:30:00,710.3817063881385,719.6166685711843,704.461858834904,717.8880615234375,15661054
2021-05-31 18:30:00,719.9955084849281,723.1685234134856,713.8151649737893,715.922607421875,11030162
2021-06-01 18:30:00,715.1175275762031,715.2122220051217,707.0665355438882,712.2760009765625,10624016
2021-06-02 18:30:00,714.1704631518745,722.1977539203226,704.5803093860752,720.114013671875,10287260
2021-06-03 18:30:00,717.959185353156,720.1613804324387,710.0028862960756,710.8316650390625,9424476
2021-06-06 18:30:00,715.1176582521152,717.0120096647036,708.4874283080559,710.3107299804688,8091668
2021-06-07 18:30:00,708.7478666456698,710.9974087636919,701.6203469157421,702.3544311523438,9872540
2021-06-08 18:30:00,702.7569063699707,711.3288334802004,697.1449028344755,701.052001953125,10223442
2021-06-09 18:30:00,701.9044590603982,705.1722264064853,697.90266531903,701.4072265625,11483540
2021-06-10 18:30:00,706.1194312271526,708.7478667213167,701.4072555985663,703.917236328125,7205974
2021-06-13 18:30:00,700.0811928397461,703.7514984338662,692.645887212192,700.6494750976562,8881964
2021-06-14 18:30:00,703.7515338961059,708.4874123207096,698.4473731849562,705.7642822265625,7569602
2021-06-15 18:30:00,704.6986500319072,707.540176846552,700.0101192255411,703.0884399414062,7702098
2021-06-16 18:30:00,694.279801213809,700.3180464153616,691.4382740601372,694.3271484375,9283802
2021-06-17 18:30:00,695.9372691383855,705.6458189970701,689.0702460676088,700.8152465820312,11938060
2021-06-20 18:30:00,692.0774164661676,706.498197506116,690.9644968648092,705.030029296875,7260472
2021-06-21 18:30:00,708.960992086573,714.17045829429,700.909998856465,702.7096557617188,14366824
2021-06-22 18:30:00,705.645854671328,709.3398628067645,700.2469419391567,703.5147094726562,7844868
2021-06-23 18:30:00,705.6458121272044,716.7514227574198,704.6986365404565,713.3416137695312,14785024
2021-06-24 18:30:00,715.6385466601647,720.8006654850395,713.6968481510871,717.5328979492188,10383176
2021-06-27 18:30:00,719.853429837146,721.2741931855088,712.749613095332,714.3361206054688,9356786
2021-06-28 18:30:00,716.7857178673613,717.3564596471477,709.722512551715,714.4313354492188,10971692
2021-06-29 18:30:00,712.5050106362283,717.7370233979096,710.6500126812062,712.4574584960938,9679022
2021-06-30 18:30:00,714.4075862665787,714.4075862665787,705.3704729915687,707.1541137695312,16911442
2021-07-01 18:30:00,706.3216487952071,708.3431080594358,702.5165490037177,704.1337280273438,14827036
2021-07-04 18:30:00,708.6761686783403,715.5967184924388,706.1077722693227,711.2921752929688,7373882
2021-07-05 18:30:00,712.0294247765438,732.4818397834853,711.5537872182427,729.9609375,17669032
2021-07-06 18:30:00,729.6278903585783,735.0263641150248,726.6313510263612,732.243896484375,9629190
2021-07-07 18:30:00,725.3471571573934,731.3877299302179,719.853521037715,723.1829833984375,8420922
2021-07-08 18:30:00,719.4255920989655,721.0665184051472,712.2672238203879,714.4075927734375,10695842
2021-07-11 18:30:00,714.4075115847763,714.4075115847763,705.8460367455447,707.27294921875,14458978
2021-07-12 18:30:00,711.601265962492,716.3576410548972,705.8936158516059,714.336181640625,18178142
2021-07-13 18:30:00,712.2671884304233,716.95220640485,709.2230966806467,713.052001953125,9788494
2021-07-14 18:30:00,715.8344552077314,726.1795710886405,713.2898061320276,723.3019409179688,10438802
2021-07-15 18:30:00,726.7502893243508,727.701564317052,722.3982526817174,724.0867309570312,5170628
2021-07-18 18:30:00,707.2729809603507,708.1528987460736,697.2845931996463,699.6627807617188,25111600
2021-07-19 18:30:00,685.8692040498094,691.5768534593777,683.0867365748871,686.4161987304688,24174250
2021-07-21 18:30:00,692.5757594227039,698.4736760969855,687.2961947294137,689.0560302734375,13207114
2021-07-22 18:30:00,690.3878413695973,693.217861311592,682.6825369811414,686.2260131835938,13126684
2021-07-25 18:30:00,680.161631792961,686.8205568594655,679.2579089216915,682.3258056640625,13167166
2021-07-26 18:30:00,683.0629838249257,689.6268043734378,683.0629838249257,684.799072265625,22401430
2021-07-27 18:30:00,682.5635362990904,684.2995665183366,667.7949704586925,674.1209716796875,20670342
2021-07-28 18:30:00,679.3292509173456,680.1378114327916,672.2184936053619,674.5728759765625,13702230
2021-07-29 18:30:00,674.9296680888878,680.994046713365,669.6738500565182,678.47314453125,11655488
2021-08-01 18:30:00,682.5398836091144,682.5398836091144,673.6216795549884,676.665771484375,13258786
2021-08-02 18:30:00,670.6488717578449,684.8704445513364,670.6488717578449,682.3970947265625,12033120
2021-08-03 18:30:00,685.393645546079,701.3275019831323,684.9180080404954,696.95166015625,22053948
2021-08-04 18:30:00,697.8077398506728,716.8094921374355,693.1940794890436,706.2503051757812,18822408
2021-08-05 18:30:00,705.632098166656,713.4563125026119,701.0897364192333,709.9603881835938,13339270
2021-08-08 18:30:00,709.6511206336975,716.9521443443277,702.0409209486176,715.3112182617188,10998048
2021-08-09 18:30:00,708.224258418714,722.8501119757157,708.224258418714,717.0949096679688,14838346
2021-08-10 18:30:00,720.5432632537157,722.4220081617676,709.1993204454371,711.0542602539062,12585786
2021-08-11 18:30:00,712.0293756584126,717.0711218163615,708.3669899366287,714.1221923828125,8597674
2021-08-12 18:30:00,714.0269705680195,728.2009908715206,713.9318662953315,725.9179077148438,16658428
2021-08-15 18:30:00,725.8941785477451,730.1035587891065,723.6586474723767,728.0107421875,6252778
2021-08-16 18:30:00,721.6372794121205,724.8716380293928,715.9772389237322,720.4244384765625,8282666
2021-08-17 18:30:00,740.4248615711514,744.5391374947473,717.4278004141593,719.6395263671875,22985932
2021-08-19 18:30:00,706.8212102890742,722.8739777352771,706.8212102890742,720.4719848632812,13150406
2021-08-22 18:30:00,727.6541407541017,729.2237679938945,717.5706472742321,725.1570434570312,10843054
2021-08-23 18:30:00,727.725379419533,744.1348732691891,726.5124805626797,741.447509765625,18381314
2021-08-24 18:30:00,738.2369714945701,744.2776027396884,736.2868693056814,740.7578735351562,7727974
2021-08-25 18:30:00,737.2381569110653,747.2265448434088,734.122707926727,739.521240234375,11119002
2021-08-26 18:30:00,738.1894519957664,741.3524532058019,734.978898644625,736.5009155273438,6382138
2021-08-29 18:30:00,739.9016314662284,746.7508225978399,737.9990815997371,745.91845703125,9049166
2021-08-30 18:30:00,743.6592338463132,753.100626642032,743.040881869667,752.1731567382812,12062576
2021-08-31 18:30:00,749.1290604651969,760.0687229354822,748.8912417158429,751.0791625976562,12422558
2021-09-01 18:30:00,748.701014189379,757.2149374729586,747.3454588595391,755.7880249023438,9618524
2021-09-02 18:30:00,754.4086623001291,760.0687604261853,745.9423492422521,749.6285400390625,10735334
2021-09-05 18:30:00,751.4834619703639,751.959099481168,742.9219867758911,744.7056274414062,7876896
2021-09-06 18:30:00,743.1836118359313,752.4585433116437,739.7114347769459,746.3941650390625,7245496
2021-09-07 18:30:00,747.6783611524173,751.7450850903009,744.6580745740106,749.7949829101562,6724080
2021-09-08 18:30:00,748.6534150154891,751.2456161314306,742.4701275979534,746.0849609375,8250948
2021-09-12 18:30:00,742.9457683103893,753.4097932161694,738.9742068333936,739.8779296875,8959164
2021-09-13 18:30:00,741.9944264898758,744.1347950278273,735.6208730090664,736.5484008789062,9758506
2021-09-14 18:30:00,730.1035796320939,739.521225577569,730.1035796320939,735.7161254882812,14822998
2021-09-15 18:30:00,731.4115135658899,744.0397115165498,730.721862464464,741.9706420898438,10260550
2021-09-16 18:30:00,746.2752017537572,755.7879512981008,741.6139312525427,752.5298461914062,20498102
2021-09-19 18:30:00,743.8970640127071,752.3158246968031,741.04323895895,741.9231567382812,8781610
2021-09-20 18:30:00,742.9457070057563,746.1087077035227,727.2258658449457,738.16552734375,14774996
2021-09-21 18:30:00,736.7624450118473,737.3094397175464,727.725333033006,729.4851684570312,10582202
2021-09-22 18:30:00,733.4329449113008,747.7020683531549,733.4329449113008,746.7507934570312,13664304
2021-09-23 18:30:00,751.0316744840547,764.8013580210053,749.1291243270337,761.75732421875,20806702
2021-09-26 18:30:00,768.4875526262753,777.9051991730677,764.82516678098,772.9585571289062,16415462
2021-09-27 18:30:00,776.2403768870238,776.2403768870238,752.458502595142,768.1783447265625,12773790
2021-09-28 18:30:00,759.5931184310665,764.1592270047574,753.9568254387971,758.0948486328125,16263036
2021-09-29 18:30:00,754.361109397566,764.0403213516778,752.9817489724259,758.6180419921875,15975348
2021-09-30 18:30:00,752.9341573446038,755.7879823250635,744.4915917774107,752.7914428710938,11128596
2021-10-03 18:30:00,755.7880094198329,761.6621211029538,753.2195552330974,754.2421875,7051028
2021-10-04 18:30:00,757.2149087913734,759.8309150717456,749.7236180793985,758.8558349609375,10257178
2021-10-05 18:30:00,759.1174344507981,773.7908394129953,754.8366970384816,768.1069946289062,18600830
2021-10-06 18:30:00,773.6719119581737,774.1951015729854,764.3494289792573,766.01416015625,11265724
2021-10-07 18:30:00,766.7275941968978,771.4839688507248,761.0913018443557,762.2803955078125,7245562
2021-10-10 18:30:00,760.972494795636,782.4237357564093,760.5444094069899,777.0966186523438,13080848
2021-10-11 18:30:00,772.9109560129631,780.7827800509983,772.9109560129631,775.098876953125,8176946
2021-10-12 18:30:00,778.6185902197064,783.8506027379818,775.2891277080766,779.7601318359375,6225644
2021-10-13 18:30:00,779.094254281992,803.827405211579,779.094254281992,802.5907592773438,14757288
2021-10-17 18:30:00,810.9619343879581,820.4746843514532,792.9115145567133,794.4573364257812,28856456
2021-10-18 18:30:00,796.9067878032625,804.9926249141711,794.7902242545991,803.208984375,8987540
2021-10-19 18:30:00,803.3992848197823,807.9891982795003,791.6748089028501,796.1458129882812,10908568
2021-10-20 18:30:00,795.170727624711,799.9984013872862,789.9624626090248,797.3110961914062,9738190
2021-10-21 18:30:00,799.1185583853392,812.3888563513312,794.6713593378141,799.427734375,12175554
2021-10-24 18:30:00,803.827385358517,803.827385358517,767.5838306159519,788.13134765625,16426766
2021-10-25 18:30:00,784.8018601809484,796.1458027295024,783.0657717264866,786.10986328125,12090656
2021-10-26 18:30:00,786.1098893037489,791.9602538614304,778.761313048737,781.3773193359375,13249642
2021-10-27 18:30:00,784.8019203094409,784.8019203094409,754.9081133208074,757.9759521484375,17797750
2021-10-28 18:30:00,756.2636739613226,761.9713243308421,741.9945480375242,752.8628540039062,12406874
2021-10-31 18:30:00,753.885429186674,766.252004050304,753.1957780437663,763.5408935546875,8122320
2021-11-01 18:30:00,763.873862677717,771.4840630530865,761.043842637615,764.2305908203125,13237722
2021-11-02 18:30:00,763.4457378753382,765.728821094555,749.3906846195152,752.1968994140625,10207338
2021-11-03 18:30:00,758.6417765602017,759.9973317587402,756.3111413083693,758.142333984375,1096808
2021-11-07 18:30:00,757.2624587445608,763.2554796846038,746.9648951674751,761.138916015625,18943580
2021-11-08 18:30:00,758.4515931319643,758.4515931319643,746.2990890867115,747.8211059570312,12695476
2021-11-09 18:30:00,745.7996076796335,746.2752451845312,737.2381325914745,739.7352294921875,13714126
2021-11-10 18:30:00,737.2619921599097,739.5688226168478,730.3889948696312,736.4296264648438,7999404
2021-11-11 18:30:00,737.2381265594817,741.5426691680743,734.8837441539887,738.6650390625,14914092
2021-11-14 18:30:00,742.9932925577368,747.6307579669023,739.330907202677,740.6864624023438,9533594
2021-11-15 18:30:00,739.6163278032643,740.6627071004274,733.2427735591466,736.286865234375,8245406
2021-11-16 18:30:00,731.007273085122,734.3842876661621,727.0119065399798,728.1058959960938,7598878
2021-11-17 18:30:00,725.84660133652,734.1464521581363,725.4660681271121,732.1963500976562,9152874
2021-11-21 18:30:00,735.3355639518028,738.5223119294355,713.0044068868091,720.7572631835938,15261272
2021-11-22 18:30:00,714.4075058157676,726.6789762107248,711.7201424006887,720.8524169921875,11235214
2021-11-23 18:30:00,724.8715237040991,730.7456350037625,720.1389539752681,722.04150390625,30802286
2021-11-24 18:30:00,720.4956996177941,729.294993262682,716.7857039376246,725.7990112304688,10251652
2021-11-25 18:30:00,713.4562710293536,716.6430191487968,706.3217083190601,708.65234375,18624936
2021-11-28 18:30:00,710.9828818936928,717.0948115002752,695.3819503441143,714.0507202148438,12990996
2021-11-29 18:30:00,711.0780178063845,727.2496917899412,707.0589044084865,710.3883666992188,25221542
2021-11-30 18:30:00,711.0781159528814,716.8095714832115,708.2718428796858,715.6680297851562,8677634
2021-12-01 18:30:00,715.596621542588,727.15463606218,713.4562527842353,725.7039184570312,11203110
2021-12-02 18:30:00,725.7276821118706,730.5553560310378,716.809479461367,719.901123046875,8124694
2021-12-05 18:30:00,719.6395749131635,722.3982957810733,712.1958360389292,715.2637329101562,7029532
2021-12-06 18:30:00,720.0913740885894,728.6766542380091,718.165077039117,725.6801147460938,12427534
2021-12-07 18:30:00,730.5792222790491,739.6401401548495,729.6279472500399,739.0455932617188,15295534
2021-12-08 18:30:00,734.9550484079257,739.4736046987022,723.9202815328325,726.2271118164062,11747744
2021-12-09 18:30:00,725.2996212566436,726.7740858657247,717.4753496970789,724.181884765625,7779384
2021-12-12 18:30:00,725.8228490514963,731.3640377223576,716.8808405306988,718.7596435546875,10322142
2021-12-13 18:30:00,714.6453871321823,721.0664937719724,712.0531858243114,714.62158203125,9191100
2021-12-14 18:30:00,714.8832114257813,724.5624236009718,711.387287173768,713.456298828125,10115148
2021-12-15 18:30:00,719.5444766662719,721.5421310623909,710.6024679019197,713.5038452148438,13210432
2021-12-16 18:30:00,712.0293739008451,716.3101116196879,698.0931712139019,700.6378784179688,14994768
2021-12-19 18:30:00,690.6257507433261,693.4795761596208,672.5990752514857,678.0927124023438,21156668
2021-12-20 18:30:00,684.6801804486681,690.0311023174055,680.1616242039565,685.774169921875,9118750
2021-12-21 18:30:00,690.7683691083477,692.5282046456658,682.872740106407,687.3912963867188,8577484
2021-12-22 18:30:00,691.220197770224,693.3843716225142,683.4197311478777,686.8681030273438,9779166
2021-12-23 18:30:00,687.5340324330864,690.6256763008242,679.2103758660999,684.3948364257812,5561024
2021-12-26 18:30:00,679.6383983110893,691.5768872980073,676.4278453611157,690.0548706054688,4705098
2021-12-27 18:30:00,694.7636080671955,697.7125951282051,691.2914894785592,694.8112182617188,5450678
2021-12-28 18:30:00,692.5520526429435,694.9064352050838,688.4377763732563,691.505615234375,7668702
2021-12-29 18:30:00,693.7173135335258,697.6888751595437,687.2962071004079,695.1442260742188,7215918
2021-12-30 18:30:00,695.1442793672378,706.2266575074009,695.1442793672378,703.658203125,6325736
2022-01-02 18:30:00,706.3217596343088,724.3959864801699,704.18139066572,722.8026123046875,9069184
2022-01-03 18:30:00,722.9690425129386,729.1047782359835,717.166287896205,727.0357666015625,8857352
2022-01-04 18:30:00,730.9597335226943,747.7021503050373,726.8216524342752,744.3013305664062,14332638
2022-01-05 18:30:00,733.9087370711308,739.4974782639925,727.7492540447641,732.3629150390625,9628930
2022-01-06 18:30:00,734.3843677575986,745.20512188097,730.5317152643793,737.4998168945312,11179384
2022-01-09 18:30:00,741.0432762210418,747.7022016813078,735.0978070600898,741.5902709960938,8856496
2022-01-10 18:30:00,742.7318305795472,746.1325925725578,736.191814344952,744.8008422851562,8389198
2022-01-11 18:30:00,745.7996585183731,749.9139348284391,738.1894579212469,740.4011840820312,21085530
2022-01-12 18:30:00,739.6163215437484,739.6163215437484,723.1592754547615,726.7741088867188,41963896
2022-01-13 18:30:00,727.7254153127986,736.619813831022,722.493402522968,734.9313354492188,11208968
2022-01-16 18:30:00,727.7253527081879,740.0919273293728,722.5646976035137,723.6824340820312,22989372
2022-01-17 18:30:00,729.1522317973348,737.666154009168,724.395857160692,727.3685913085938,12341152
2022-01-18 18:30:00,729.6279369589961,732.3628526288228,719.8060108107658,722.2317504882812,14317626
2022-01-19 18:30:00,726.9881258170541,727.0119309169397,713.5038140786304,717.7369995117188,15197846
2022-01-20 18:30:00,713.4562826460474,727.6303040191038,706.6070907204011,723.7300415039062,11537694
2022-01-23 18:30:00,718.1888873366842,723.5636148158452,698.0219018920284,707.1065673828125,11868508
2022-01-24 18:30:00,693.7886458927823,711.0780572785832,686.8205449567051,707.7723999023438,13594248
2022-01-26 18:30:00,689.6744315675436,706.3217454329671,682.5398684823622,701.5415649414062,28617838
2022-01-27 18:30:00,702.7543351541477,707.1301764869678,694.4306797462306,695.9765014648438,24925208
2022-01-30 18:30:00,700.4951197241377,709.4371278413857,697.6650998575648,706.6546020507812,12842546
2022-01-31 18:30:00,717.4991893169476,721.542108182837,700.8280712395866,712.0293579101562,14739484
2022-02-01 18:30:00,719.1401203787386,730.1035883666477,716.1198337589774,728.296142578125,13969290
2022-02-02 18:30:00,727.1308172000766,732.457933895551,717.7369767162163,720.7572631835938,10564762
2022-02-03 18:30:00,726.9643987359728,729.0809624800141,720.1627589609288,724.87158203125,11579958
2022-02-06 18:30:00,719.2114343241577,722.4933446051142,694.4307328001756,698.3071899414062,12268042
2022-02-07 18:30:00,702.23121780657,703.2062398464973,687.0821750180488,695.3106689453125,13981130
2022-02-08 18:30:00,701.0896640531371,713.3135243877856,697.7602016051236,712.314697265625,11308342
2022-02-09 18:30:00,720.1151499017218,730.3413557953064,714.2410385936968,725.3947143554688,14314530
2022-02-10 18:30:00,713.5751512828815,725.3471792743838,713.2184231619269,722.4219970703125,10711104
2022-02-13 18:30:00,708.6999366331057,713.1946881745109,698.8542627513499,700.947021484375,14656620
2022-02-14 18:30:00,702.0409964179948,725.2996833180713,700.6378889247106,721.9226684570312,13135066
2022-02-15 18:30:00,729.7943552747017,729.9846218788012,716.7856818187674,720.947509765625,10032264
2022-02-16 18:30:00,719.687047265433,723.9202323784434,714.4074829385164,716.5478515625,7351208
2022-02-17 18:30:00,712.6477110600987,721.5421093550166,708.9139101230298,719.3303833007812,7796128
2022-02-20 18:30:00,715.3588072476773,728.0583054018553,711.3396935564448,723.9678344726562,7468066
2022-02-21 18:30:00,708.6048153348694,723.9678727153232,707.7248394554956,718.5455932617188,9536196
2022-02-22 18:30:00,725.3946806837941,725.6800515483579,711.3871806716929,713.88427734375,9029562
2022-02-23 18:30:00,689.6267543198659,701.541437673928,669.2932532158236,675.1198120117188,23630766
2022-02-24 18:30:00,684.8942478331431,697.2370767488001,681.5172329343914,692.5758056640625,18318654
2022-02-27 18:30:00,678.2590813465437,684.2283552518861,672.5752363928466,678.3779907226562,24880832
2022-03-01 18:30:00,659.4713958190617,665.1314936990638,644.2034436334029,653.6448364257812,38505560
2022-03-02 18:30:00,656.8554354054835,662.0874482870623,648.2464076398575,652.0990600585938,17527922
2022-03-03 18:30:00,646.8669745357665,659.2335490489504,635.8797603305272,649.9586181640625,21219364
2022-03-06 18:30:00,627.1280333292115,633.7156009825043,616.9256323482289,630.1245727539062,27054458
2022-03-07 18:30:00,619.3751468768733,634.5004430311901,614.5236674634915,631.551513671875,39212492
2022-03-08 18:30:00,632.5978550025679,653.8588273559873,627.2944854329724,652.1703491210938,23134694
2022-03-09 18:30:00,678.734676699917,678.734676699917,656.4986247477649,662.4202880859375,22273206
2022-03-10 18:30:00,660.1848501728542,670.149432575976,652.9075731964616,664.3704833984375,15150780
2022-03-13 18:30:00,673.0270237794027,689.6743353216494,673.0270237794027,686.130859375,25018126
2022-03-14 18:30:00,686.5827315469807,689.436556548215,671.4812409154484,677.3078002929688,18867928
2022-03-15 18:30:00,688.2474388752825,692.0525387446689,683.1105308271242,688.79443359375,13364108
2022-03-16 18:30:00,700.1384408684183,708.6048120871039,699.4487896776494,703.9673461914062,14823954
2022-03-20 18:30:00,707.2729750042046,710.4359760473683,700.5189456092843,707.03515625,12257876
2022-03-21 18:30:00,704.5618974676001,712.5050210059953,693.0989865284727,710.673828125,10461814
2022-03-22 18:30:00,716.7856708144304,722.398216212513,700.8993676260746,703.5867309570312,31188256
2022-03-23 18:30:00,697.2845290424785,699.0206174152978,682.3257538778879,686.1784057617188,20160044
2022-03-24 18:30:00,690.1499620838986,690.6255995491529,674.929563195763,680.5896606445312,16366462
2022-03-27 18:30:00,680.589685374062,683.9666998878296,666.6534839112492,681.493408203125,15754886
2022-03-28 18:30:00,685.3936701441318,694.5496924552175,680.16165739494,690.5305786132812,12377448
2022-03-29 18:30:00,700.1384153992661,705.2515186367268,691.6007453109708,702.4927978515625,20109742
2022-03-30 18:30:00,699.6627526430442,706.1789630767555,697.237013039462,699.3535766601562,14295714
2022-03-31 18:30:00,702.2312005284535,718.2126085501743,699.3298234571498,716.31005859375,14568556
2022-04-03 18:30:00,751.5072124484601,819.0952862089551,743.2073617126769,788.0361938476562,97450970
2022-04-04 18:30:00,792.7450201895066,792.7450201895066,761.9712963036054,764.9440307617188,30922582
2022-04-05 18:30:00,755.1696875243184,756.1685727920734,735.9777246900588,737.6424560546875,27027860
2022-04-06 18:30:00,733.1001422646726,733.1238893042467,719.9725000942207,721.4232177734375,40781732
2022-04-07 18:30:00,719.211539479779,725.7040037554764,712.1721384616357,720.4244384765625,41256322
2022-04-10 18:30:00,716.3100173859323,718.2125672329068,710.2456397487008,711.625,20799066
2022-04-11 18:30:00,705.8460676603825,716.7143731950656,704.0148748518094,710.3646240234375,27435402
2022-04-12 18:30:00,708.6998371784712,714.5502013407392,695.691163859955,696.7850952148438,28892520
2022-04-17 18:30:00,674.8582617385757,680.9464450214841,661.15993644386,663.7283325195312,45620376
2022-04-18 18:30:00,656.8079038056561,660.9221802216326,631.1710282718929,638.4006958007812,74096022
2022-04-19 18:30:00,644.2271829644586,646.8194421533099,635.142518406885,644.1558837890625,49325736
2022-04-20 18:30:00,649.2451838249173,656.2846420095574,643.6802483309051,653.6923828125,52446270
2022-04-21 18:30:00,646.8670477236759,654.1680722750773,641.7063920801837,644.7742309570312,20659148
2022-04-24 18:30:00,642.1106379350289,651.9325641201308,628.9116970441421,649.6019287109375,20935488
2022-04-25 18:30:00,652.5747056406705,657.3072759446977,645.5114997756818,652.5985107421875,17016842
2022-04-26 18:30:00,646.8670900654843,655.904203823752,645.012091944963,652.8363647460938,18054334
2022-04-27 18:30:00,652.5746789306378,655.9041415782432,647.8658558596376,652.2655029296875,20773722
2022-04-28 18:30:00,656.5462285607915,668.1517954743881,652.3606532888389,658.5676879882812,28401476
2022-05-01 18:30:00,647.8420880799416,668.9603468911126,647.8420880799416,667.65234375,19494316
2022-05-03 18:30:00,665.8925284326605,667.6048118935288,642.1106524172083,644.9644775390625,29055916
2022-05-04 18:30:00,654.001625047842,654.001625047842,640.4459550013958,643.5137939453125,17862912
2022-05-05 18:30:00,632.5979293257718,634.976117030004,624.5120911313822,626.7000122070312,26731268
2022-05-08 18:30:00,618.32874885627,630.9331425829555,616.1883801102291,627.7701416015625,32762434
2022-05-09 18:30:00,625.4871236116026,643.537543685614,625.4871236116026,637.8536987304688,20113812
2022-05-10 18:30:00,643.5375799338344,644.4888549965599,631.9558176573953,641.4447631835938,17102924
2022-05-11 18:30:00,635.6706374563736,638.4133285913138,622.1498368180273,626.985595703125,22382290
2022-05-12 18:30:00,630.353829122959,634.1790892090257,619.262889083472,621.35595703125,16768238
2022-05-15 18:30:00,625.0368734940553,631.292053906236,618.4448991695826,627.9719848632812,9804356
2022-05-16 18:30:00,631.5807479648557,633.6978977151113,624.6519209350625,632.25439453125,16641444
2022-05-17 18:30:00,637.0901630861314,641.5409646353346,630.3297329141748,632.206298828125,15732384
2022-05-18 18:30:00,618.8779477207698,623.7858941010936,615.0767694162303,619.2869873046875,20537506
2022-05-19 18:30:00,626.9615731938593,637.1623059170763,621.837124950426,635.5985107421875,13919350
2022-05-22 18:30:00,632.2544265466233,639.9290287015857,625.0850152898169,627.4427490234375,19486320
2022-05-23 18:30:00,625.5180642227122,637.5472577654566,624.0264559706711,634.6361694335938,12870796
2022-05-24 18:30:00,639.9531713200919,642.8160962235814,636.6812067992723,639.3757934570312,12887112
2022-05-25 18:30:00,645.7993054909392,659.6809832899339,644.7647830842534,657.6119384765625,26992428
2022-05-26 18:30:00,660.0659236596756,671.0846178237094,659.5606740424182,669.8095703125,24031718
2022-05-29 18:30:00,678.566873569111,683.4988434000511,672.889070171654,674.3807373046875,12624674
2022-05-30 18:30:00,671.662083279525,675.944488061126,664.0115042012508,668.3179321289062,13485388
2022-05-31 18:30:00,664.0115306279351,673.8513881488794,663.6025497657505,671.1568603515625,12091896
2022-06-01 18:30:00,667.4999765351084,667.860852355906,663.3378636546508,666.4654541015625,11475020
2022-06-02 18:30:00,672.8169034842749,673.995741003826,662.231212745682,664.1558837890625,6957244
2022-06-05 18:30:00,662.2311613834544,667.3796325306656,654.7008747630125,663.265625,6173266
2022-06-06 18:30:00,655.3505322636607,661.2689195958052,651.5492949621544,655.6392211914062,10253966
2022-06-07 18:30:00,660.7876929692908,664.4926611407994,652.9446351687653,657.9487915039062,5986588
2022-06-08 18:30:00,655.4707669191479,664.9979118561328,653.016823143348,662.90478515625,7311816
2022-06-09 18:30:00,654.4362839332251,658.2134392480132,646.4970155862447,650.1057739257812,9155430
2022-06-12 18:30:00,636.8736353918679,639.9531208031428,629.511803905611,638.317138671875,10892572
2022-06-13 18:30:00,630.9312384303023,638.0284630380025,627.9239398677174,631.2921142578125,11870356
2022-06-14 18:30:00,626.3120453531265,633.1205811087782,624.7482500861813,629.102783203125,11810470
2022-06-15 18:30:00,630.3297546494468,635.4060979237764,614.9323865969412,616.520263671875,12169192
2022-06-16 18:30:00,613.4888961209325,625.0369224008559,611.8529139840168,620.5861206054688,14723922
2022-06-19 18:30:00,627.7795517185277,637.547280721459,622.703267102487,636.1759643554688,15936840
2022-06-20 18:30:00,643.2731943331319,651.5011513361289,637.0902003236198,643.1047973632812,13220684
2022-06-21 18:30:00,641.0357608318419,643.2972258536737,636.6811690239211,640.0734252929688,8159698
2022-06-22 18:30:00,640.193710492177,648.6141463686242,634.419697319756,642.43115234375,15372244
2022-06-23 18:30:00,644.0671595693715,655.1821236118307,644.0671595693715,651.4049682617188,8013432
2022-06-26 18:30:00,659.1997965869816,662.0868029953917,650.5387773617512,652.583740234375,9804164
2022-06-27 18:30:00,646.6894682409041,650.0576425546589,643.9949405371601,647.6036987304688,9770574
2022-06-28 18:30:00,640.5545980485462,649.9373696255954,640.5545980485462,646.6654052734375,9994046
2022-06-29 18:30:00,642.8401831561805,651.5012035879254,642.8401831561805,648.6141967773438,12475822
2022-06-30 18:30:00,646.6653918015329,654.3881578947369,639.9772068826776,651.380859375,11472452
2022-07-03 18:30:00,651.3567925787985,654.4843831117648,645.8474450575549,652.2951049804688,8487480
2022-07-04 18:30:00,656.3127774299695,663.6986902674247,648.7584676358872,650.8274536132812,14325718
2022-07-05 18:30:00,648.6141194735643,660.835791929005,648.18105675633,659.80126953125,15049078
2022-07-06 18:30:00,664.0115392210553,672.6725592978516,661.3410345361891,671.614013671875,17743142
2022-07-07 18:30:00,678.4465781386755,678.4465781386755,671.1087694034876,672.239501953125,12474030
2022-07-10 18:30:00,670.7478551643559,678.3984342696596,670.3869793455802,676.5940551757812,7462880
2022-07-11 18:30:00,676.1609524926532,676.1609524926532,668.5344557204256,669.6892700195312,9876974
2022-07-12 18:30:00,668.823193081103,670.8440741987707,651.6214454892688,653.3536376953125,15945610
2022-07-13 18:30:00,655.3504280253659,660.4748759389022,649.215539657287,650.0816650390625,10372410
2022-07-14 18:30:00,651.0199203901375,656.745827963444,648.0367040425124,655.37451171875,13595646
2022-07-17 18:30:00,648.6142070978419,657.3233327010787,645.7512821263163,648.397705078125,20332220
2022-07-18 18:30:00,643.3212566690205,653.690444771779,643.3212566690205,648.63818359375,15792538
2022-07-19 18:30:00,654.3400285637287,659.7290838164299,652.1025868008825,656.8180541992188,20347862
2022-07-20 18:30:00,654.6528133808986,658.9592412990309,653.473917137891,654.7490234375,12640278
2022-07-21 18:30:00,657.2751172050325,672.1913167902127,655.5429251294964,670.0260620117188,12729592
2022-07-24 18:30:00,671.2289837108764,675.8481821741008,665.5993447613678,671.9988403320312,10143126
2022-07-25 18:30:00,671.710190933296,674.5971974845852,667.0428871698978,670.6275634765625,8527964
2022-07-26 18:30:00,668.2939138771885,676.5218708292028,666.0564720450384,675.7520141601562,9212778
2022-07-27 18:30:00,680.8764869533358,685.182915066855,678.9277339602053,681.7425537109375,17420406
2022-07-28 18:30:00,691.9192202105274,692.2079091114783,680.9967358477592,690.0907592773438,20019736
2022-07-31 18:30:00,692.4003980885738,696.9474098698968,688.0939701842794,695.8407592773438,13193036
2022-08-01 18:30:00,693.8439067006424,695.094931123578,684.7258011854689,688.190185546875,15036510
2022-08-02 18:30:00,685.6399502739025,690.8365853805471,681.8146902206062,689.8020629882812,10975498
2022-08-03 18:30:00,692.8815779882993,696.1053785024752,679.8659665183745,688.984130859375,12012206
2022-08-04 18:30:00,689.5133762386452,691.4139653304088,683.8115502270574,686.6504516601562,9268982
2022-08-07 18:30:00,687.1075476112192,704.6701705018421,686.6744848885744,703.4913330078125,15357736
2022-08-09 18:30:00,703.154439415044,708.0383035448924,697.2361116710222,705.5362548828125,17353102
2022-08-10 18:30:00,715.2559294113627,717.4211844953526,709.5059977383994,714.8709716796875,18301766
2022-08-11 18:30:00,714.534075300651,716.6031200233123,710.1794838724827,714.6062622070312,8850370
2022-08-15 18:30:00,719.2495616686834,725.8415362160341,716.0016794217771,722.7861328125,12563756
2022-08-16 18:30:00,721.7516859147646,727.88657524504,714.8950448985743,726.5152587890625,12384350
2022-08-17 18:30:00,721.7516472669315,728.4398909455316,721.5832502964957,727.3812866210938,8342138
2022-08-18 18:30:00,726.563301596116,727.5256370949188,716.939946608088,718.4075317382812,8063702
2022-08-21 18:30:00,714.4379561754013,716.1460665835506,706.2099399993691,707.4850463867188,8234066
2022-08-22 18:30:00,699.2811184238794,710.1795210324121,697.8857201939286,705.2957153320312,14966884
2022-08-23 18:30:00,703.4191637412739,709.9630335639699,702.1199755407531,708.6879272460938,13455520
2022-08-24 18:30:00,712.0802217563679,715.400291243383,701.0614676554292,704.838623046875,11823040
2022-08-25 18:30:00,708.303013425697,712.9943990116683,703.0822963230394,704.9588623046875,7706176
2022-08-28 18:30:00,691.4380811198513,695.7685910224809,687.3962601301372,692.5928955078125,8653178
2022-08-29 18:30:00,695.9851015854548,716.9158997056655,694.3732012935722,715.0634155273438,10135400
2022-08-31 18:30:00,704.7904820543832,716.6753023262013,702.023767412422,708.3511352539062,22403136
2022-09-01 18:30:00,708.3512017705131,717.1806193184507,705.0070502561617,714.7747802734375,12038086
2022-09-04 18:30:00,715.0634470829449,721.2705233742533,714.1011114947204,719.3699340820312,12131932
2022-09-05 18:30:00,721.2223729044177,724.951423073854,715.2317990033503,716.627197265625,12238696
2022-09-06 18:30:00,707.9421400567993,716.9399535633776,707.9421400567993,713.2349853515625,9776206
2022-09-07 18:30:00,716.9881044068499,721.7516772237872,713.1628440120845,720.5968627929688,11164690
2022-09-08 18:30:00,719.9231885431478,726.0821594471598,718.8887248344994,721.0780029296875,15128888
2022-09-11 18:30:00,721.7516408855068,723.6763119278681,716.9399632796035,718.6481323242188,11080492
2022-09-12 18:30:00,721.2223728893526,729.4022248737516,721.0539759192867,728.054931640625,13001966
2022-09-13 18:30:00,718.8887762504166,740.469140368155,718.0707557473077,735.5371704101562,20219760
2022-09-14 18:30:00,736.1866142637402,741.4553773222866,727.5255952724021,731.7117309570312,13539372
2022-09-15 18:30:00,723.2432582308112,728.8247925761237,713.5717978693896,718.26318359375,20560046
2022-09-18 18:30:00,716.4587550842659,728.4879484201334,712.1282454833537,723.0026245117188,12076038
2022-09-19 18:30:00,728.4879307158841,733.2996079332942,726.5151548040049,731.7117309570312,10781668
2022-09-20 18:30:00,725.6009801321287,732.0967448746909,724.1574768560039,730.5810546875,9072304
2022-09-21 18:30:00,722.7140042906975,726.6355334380704,713.4515245419652,715.0153198242188,12048144
2022-09-22 18:30:00,708.4473309391279,709.7224372346395,691.438062580459,695.8407592773438,15806252
2022-09-25 18:30:00,685.8324662197185,691.1734166960763,682.2958948729614,686.4580078125,8923486
2022-09-26 18:30:00,689.2247583187195,692.881621797613,677.0030846314178,680.299072265625,12639700
2022-09-27 18:30:00,676.5218139126857,678.7351736760943,666.8503544937673,668.6066284179688,11816132
2022-09-28 18:30:00,671.8545371114053,674.6933797809945,663.434101683277,665.1422119140625,14410388
2022-09-29 18:30:00,663.4341231736677,688.7675584504451,656.7939846693048,683.9077758789062,15781756
2022-10-02 18:30:00,678.4224718418965,682.22370896109,674.1641488370536,679.9862670898438,11541112
2022-10-03 18:30:00,687.8293370288237,701.5426186694823,686.2174367235855,699.1367797851562,11538526
2022-10-05 18:30:00,702.4808255656671,703.7559318367181,690.0907561363719,691.4380493164062,12549198
2022-10-06 18:30:00,688.1901682297433,690.4516331398249,683.4265958004532,688.454833984375,13297994
2022-10-09 18:30:00,677.4841817579505,686.1452011270152,672.7687143847188,680.8523559570312,13109302
2022-10-10 18:30:00,674.1641338324686,681.8147129301799,673.3701952846903,673.9476318359375,14521620
2022-10-11 18:30:00,675.1745875438293,680.7802037798269,672.3357447059547,678.350341796875,9225050
2022-10-12 18:30:00,674.6212615810351,676.6421426191388,665.9361602736982,670.5553588867188,14714234
2022-10-13 18:30:00,681.8147001498437,696.249732615966,680.9726565893199,692.400390625,12849920
2022-10-16 18:30:00,690.4757528984051,701.3501327995798,686.626410721968,696.0332641601562,18410500
2022-10-17 18:30:00,701.5666873690876,703.90033929577,692.8815856653596,694.7340698242188,10561108
2022-10-18 18:30:00,704.4296436407238,710.8773037655702,699.3292768206403,701.8554077148438,12967040
2022-10-19 18:30:00,694.8062160816341,699.0886207119449,694.084464472131,697.1158447265625,7898078
2022-10-20 18:30:00,698.6555450817992,701.3741545079234,689.9945259278926,692.2078857421875,10492606
2022-10-23 18:30:00,699.7622496749542,703.948385410148,699.7622496749542,703.0101318359375,2167794
2022-10-24 18:30:00,703.0342306280569,706.2580899913314,695.2874411281454,698.1263427734375,13773394
2022-10-26 18:30:00,704.6701461335379,706.0414624275766,698.2946736608377,699.8103637695312,15937276
2022-10-27 18:30:00,697.6931978037887,705.8730490883848,696.442173472227,701.8793334960938,10474278
2022-10-30 18:30:00,708.2789372387135,720.7892989018973,705.9933903964011,720.1637573242188,12830528
2022-10-31 18:30:00,723.4356897777316,735.7054670237125,721.2223299433629,728.1270751953125,19073756
2022-11-01 18:30:00,729.931460645262,735.34459771333,727.33314310533,728.5841674804688,12720406
2022-11-02 18:30:00,720.6449111524606,731.4952673413037,720.3081172240958,725.3844604492188,10332352
2022-11-03 18:30:00,723.2913397099678,729.4984154442802,716.7474700445205,720.3803100585938,10818060
2022-11-06 18:30:00,726.5632786654467,727.5256141338776,717.9503644757295,725.9859008789062,9835834
2022-11-08 18:30:00,728.9932072410344,730.38854669658,723.6762802249166,725.7693481445312,9269790
2022-11-09 18:30:00,720.3562225050898,734.7431498920162,719.3698638652188,733.6605224609375,12774182
2022-11-10 18:30:00,743.404141412297,787.6715724866862,740.0359673088109,775.2333984375,56722338
2022-11-13 18:30:00,775.6424002436796,783.341084117066,768.9060518544665,777.1099853515625,19195390
2022-11-14 18:30:00,781.0074781111963,781.0074781111963,772.3945632755499,779.0106201171875,11030202
2022-11-15 18:30:00,778.8422119111716,790.0774674383857,775.6424345375626,785.6988525390625,13578150
2022-11-16 18:30:00,778.577602685876,785.0493448148255,776.5567214275272,778.6016845703125,12100930
2022-11-17 18:30:00,779.9729811938807,780.9353167659891,772.3945885635269,776.5567016601562,10459232
2022-11-20 18:30:00,773.5493742606727,775.6424423049926,765.1529614641645,768.5933227539062,8344816
2022-11-21 18:30:00,769.8683630485893,771.9614309133688,765.537853506441,767.4625244140625,8546314
2022-11-22 18:30:00,772.2741699253228,772.2741699253228,766.9813251470183,769.4593505859375,10185738
2022-11-23 18:30:00,772.7313917879773,785.2658362595581,769.4594860453441,781.9698486328125,17197960
2022-11-24 18:30:00,784.1590590980275,785.1213945985398,776.6528539412901,778.3610229492188,8410496
2022-11-27 18:30:00,771.2638148082744,773.4530928760762,767.0054918764588,769.9887084960938,16105980
2022-11-28 18:30:00,768.5451734076865,775.8107945409757,766.4280236025191,768.8338623046875,12638236
2022-11-29 18:30:00,768.4730227722782,776.0754969244954,768.4730227722782,773.9342651367188,15184806
2022-11-30 18:30:00,780.454140154658,787.6716568638566,777.0859656903655,779.251220703125,20446366
2022-12-01 18:30:00,774.680127315897,778.8181584847341,772.3464753255907,773.2847290039062,7811078
2022-12-04 18:30:00,774.6560449978288,776.8934869252123,768.0399880135933,776.0995483398438,11592622
2022-12-05 18:30:00,770.349534240186,776.46034090485,769.8683665111166,775.2333984375,12353092
2022-12-06 18:30:00,776.6769012486282,778.8180741474324,772.0095390371375,774.8965454101562,11674720
2022-12-07 18:30:00,774.6801267872993,782.378811277111,772.2742878842332,779.251220703125,14803634
2022-12-08 18:30:00,782.3787950839879,786.637118107019,779.4917884600618,784.8087158203125,11963384
2022-12-11 18:30:00,781.8975389139733,795.6589238516007,780.165346882715,790.91943359375,14434808
2022-12-12 18:30:00,793.9267873639345,797.2949616133573,791.5209486143468,793.1088256835938,17031702
2022-12-13 18:30:00,795.3703041942985,801.3849011709643,793.9268009198986,799.8211059570312,14227640
2022-12-14 18:30:00,797.3190413162754,803.2614512642567,782.8840088582007,785.1695556640625,18182648
2022-12-15 18:30:00,779.5158401167187,791.5690570624564,774.1989129626363,788.9467163085938,14647958
2022-12-18 18:30:00,791.0398199705028,792.3149263180803,782.4750101040391,791.4006958007812,9604542
2022-12-19 18:30:00,779.5880032718654,787.3829564457624,779.5880032718654,785.939453125,7174698
2022-12-20 18:30:00,789.5961888570239,791.4246495956942,773.0199852301969,778.3368530273438,9269198
2022-12-21 18:30:00,780.5503710559809,783.1005838558391,774.1989796768327,775.6665649414062,9747096
2022-12-22 18:30:00,763.6132225912555,771.8652612871225,762.867389080973,768.7376708984375,10693152
2022-12-25 18:30:00,769.6278667926638,788.6339941689127,765.0567728667305,784.038818359375,9907322
2022-12-26 18:30:00,785.7469942121562,787.1664156857469,776.3642223890472,784.832763671875,7926772
2022-12-27 18:30:00,780.9833552219441,785.7469276450677,780.9833552219441,784.2072143554688,8691870
2022-12-28 18:30:00,779.5398699494827,790.7992071900476,775.1612551160126,789.7406616210938,11012896
2022-12-29 18:30:00,791.5209337293505,791.5209337293505,779.4917402076278,783.4132690429688,7122640
2023-01-01 18:30:00,782.8598948008254,788.994783343364,778.7940509867589,783.6778564453125,4381378
2023-01-02 18:30:00,780.5503292014555,790.5586422632767,780.5503292014555,788.8023681640625,8378030
2023-01-03 18:30:00,786.7092125344876,791.8817654609376,773.2365165400132,774.7041015625,10351600
2023-01-04 18:30:00,777.085950452134,778.5535356487463,764.7680672572426,769.7240600585938,10941436
2023-01-05 18:30:00,770.8307523930382,774.2470317456477,759.3789361975485,767.1738891601562,9092462
2023-01-08 18:30:00,767.9437146970364,775.4258965646997,765.0567082508069,768.6654663085938,10729340
2023-01-09 18:30:00,769.8684118966518,769.8684118966518,753.0275403864125,754.6154174804688,16371766
2023-01-10 18:30:00,754.4469717086059,768.9060865044132,750.6217114811543,765.4898071289062,15195798
2023-01-11 18:30:00,763.998177755398,771.7449667913606,762.2419037187744,769.5797119140625,9250070
2023-01-12 18:30:00,769.2669828560861,774.6320153125537,763.1320937043018,770.1812133789062,9244546
2023-01-15 18:30:00,777.0859473381312,780.1173277789237,760.3894492396894,762.7952880859375,14748094
2023-01-16 18:30:00,764.9605254372576,775.1612584159965,759.0421385172157,774.1508178710938,10786354
2023-01-17 18:30:00,772.274237215273,789.884965083016,769.724024650822,787.8159790039062,19090642
2023-01-18 18:30:00,787.6716113274065,793.9267921137573,785.7469403162216,791.087890625,11172162
2023-01-19 18:30:00,791.0878917418223,803.068980550622,790.7510978089086,799.195556640625,18843404
2023-01-22 18:30:00,801.7457607178152,809.6128416563689,799.4121088854909,805.041748046875,15444400
2023-01-23 18:30:00,805.9800286815163,819.139954334254,805.9559468005266,815.8198852539062,24983940
2023-01-24 18:30:00,813.8471429635326,814.5929177332151,791.6653214666925,793.2772216796875,14704142
2023-01-26 18:30:00,785.2657187620357,787.6715573611841,765.0325926486802,777.4708251953125,35179948
2023-01-29 18:30:00,767.4626270039054,782.0420345725445,761.2074457179801,776.677001953125,18512822
2023-01-30 18:30:00,779.3473226694831,780.7908258111092,767.4625036312777,771.5524291992188,18596244
2023-01-31 18:30:00,781.4164037954262,801.1442809848427,772.7553845415359,783.1245727539062,17302790
2023-02-01 18:30:00,773.7658324138648,781.6569951120864,764.4552483744704,771.4802856445312,17497106
2023-02-02 18:30:00,775.1611710007219,798.9789723443195,773.2365001850776,798.1610107421875,14411100
2023-02-05 18:30:00,798.7384939446326,803.2614827057959,792.0983552594887,794.7688598632812,11167672
2023-02-06 18:30:00,798.4498004893098,801.0962231951561,785.5544809008483,795.9476928710938,10264588
2023-02-07 18:30:00,795.9717323644562,802.6839988300309,793.9267694733884,795.8514404296875,8444826
2023-02-08 18:30:00,798.738479108453,799.5324176572361,786.9739509076702,794.1914672851562,11777336
2023-02-09 18:30:00,793.3494214707791,798.0167252205403,790.173667284601,797.3430786132812,8172116
2023-02-12 18:30:00,796.3326188427218,799.5805011250109,791.3044393965116,797.9445190429688,5736944
2023-02-13 18:30:00,801.1443083812574,807.1589052910266,797.7520522296284,805.3304443359375,10908592
2023-02-14 18:30:00,807.3994872360046,807.3994872360046,797.1746725138561,803.6945190429688,11438712
2023-02-15 18:30:00,805.0898752375481,809.2760700053668,799.2196520403804,800.783447265625,8062500
2023-02-16 18:30:00,799.2196910269881,802.6600524376097,790.5345890116744,796.7657470703125,8956270
2023-02-19 18:30:00,798.7384663515395,803.2854781022144,786.6130625255412,789.2835083007812,8086706
2023-02-20 18:30:00,789.1150855033404,799.8691726347396,786.2280790929624,792.24267578125,12389296
2023-02-21 18:30:00,788.6339109553685,790.0533322670238,774.222960909244,776.700927734375,10359102
2023-02-22 18:30:00,776.1235754720026,778.9383950431011,766.0671578181314,771.4321899414062,27882010
2023-02-23 18:30:00,778.4813560195853,778.4813560195853,762.7471345130758,764.551513671875,17061740
2023-02-26 18:30:00,763.0839132987682,769.3871988024864,758.94588257592,766.4520874023438,14312972
2023-02-27 18:30:00,766.0190402522969,772.4185946735463,764.431163219567,769.6759033203125,18993992
2023-02-28 18:30:00,775.6424426558673,776.1236104242643,767.8234664194171,768.93017578125,14137256
2023-03-01 18:30:00,766.981406050965,772.7313372630384,761.2073929564784,762.38623046875,17391814
2023-03-02 18:30:00,767.943731924865,779.4917579688479,764.094389910204,777.5189819335938,14986234
2023-03-05 18:30:00,779.4917852900815,788.8504748967295,778.5535316356411,783.0043334960938,27004710
2023-03-07 18:30:00,779.4917718675084,788.8745431955432,779.4917718675084,784.568115234375,20099774
2023-03-08 18:30:00,784.27938296168,791.9780672791738,782.859961535162,784.6402587890625,20700166
2023-03-09 18:30:00,774.8965873418113,776.4844644274136,762.6508914747951,764.4071655273438,27387000
2023-03-12 18:30:00,764.0462404475056,771.6968190039678,753.0034059433883,754.7356567382812,26443550
2023-03-13 18:30:00,755.5537455458011,761.9773239931184,750.2849815773542,752.71484375,33185612
2023-03-14 18:30:00,759.2827424375032,761.6404762620406,739.3623849761033,741.91259765625,37264754
2023-03-15 18:30:00,740.5171674402086,750.1886274704333,737.1730750713688,746.7242431640625,21753342
2023-03-16 18:30:00,749.4187927190782,759.8601097073861,740.9983568458301,756.70849609375,22950876
2023-03-19 18:30:00,754.4469617185391,754.5191486294086,743.596664030981,751.4637451171875,26503114
2023-03-20 18:30:00,756.371588709314,761.4479317488242,748.7931969715295,759.9803466796875,33050494
2023-03-21 18:30:00,762.1697342790129,763.156151684689,753.1719206327385,758.2241821289062,14177324
2023-03-22 18:30:00,754.350750068819,765.225129615806,749.9240302046185,752.1373901367188,28364178
2023-03-23 18:30:00,750.6216774626521,757.3099208232004,748.1917568712191,750.9344482421875,31477748
2023-03-26 18:30:00,751.6802900278751,759.9804343168659,750.0924715795884,754.2064208984375,31872006
2023-03-27 18:30:00,753.3643152523856,761.6404357125624,752.5944586072359,760.3412475585938,39276302
2023-03-28 18:30:00,762.1697689090198,770.8307890102587,761.1593283111356,763.9982299804688,39763612
2023-03-30 18:30:00,767.7512367744048,776.0994853441741,766.2115234957539,774.4635620117188,34711228
2023-04-02 18:30:00,773.5011989750112,777.4226689404504,771.1915704030113,774.9447021484375,40025398
2023-04-04 18:30:00,778.8180825386323,796.8137675382653,777.5670581774376,795.7311401367188,43365392
2023-04-05 18:30:00,793.2291334002176,803.1652006446278,792.5314049071793,801.7938842773438,44637344
2023-04-09 18:30:00,800.3022433921424,804.0312933763835,795.8514417980481,797.9926147460938,31813286
2023-04-10 18:30:00,798.2573101275717,803.2614665555587,794.4560730939902,800.3263549804688,42361542
2023-04-11 18:30:00,802.5878572606912,812.3074229248433,802.4916471991853,810.7196044921875,26955504
2023-04-12 18:30:00,812.3555567321653,816.5657746530499,807.4716921966794,814.3523559570312,35330086
2023-04-16 18:30:00,827.6085198214015,827.6085198214015,795.5146547856368,801.938232421875,32405148
2023-04-17 18:30:00,803.5501156527228,807.0385817236702,797.0062462186185,798.5459594726562,29637226
2023-04-18 18:30:00,801.1442851788886,803.6944976892919,797.3671301762054,801.4810791015625,24741168
2023-04-19 18:30:00,804.368086679066,807.134801181368,801.8179329013308,804.46435546875,32922716
2023-04-20 18:30:00,803.0690219934318,806.8942823364474,800.3023072681698,805.7635498046875,20128618
2023-04-23 18:30:00,811.729970551708,813.8711434821779,805.5228950106629,812.2833251953125,35675852
2023-04-24 18:30:00,812.066755339811,812.066755339811,799.6526631336261,800.7352905273438,50353068
2023-04-25 18:30:00,798.738456878835,805.955973055451,796.3326181532963,804.416259765625,27392750
2023-04-26 18:30:00,803.7907560168101,810.8879805910382,801.5533141495392,808.843017578125,47790392
2023-04-27 18:30:00,810.6232785465422,813.6546588421882,803.5501361717647,812.0186767578125,27916272
2023-05-01 18:30:00,812.5480115876443,817.5040632466385,809.3242109363424,811.850341796875,32221184
2023-05-02 18:30:00,810.7435980893194,816.0605253605099,808.1934441893474,814.689208984375,29407270
2023-05-03 18:30:00,811.7781309061464,834.5614130090665,811.7781309061464,831.3616943359375,56854638
2023-05-04 18:30:00,788.6339660930405,799.1955750303342,780.5022191249311,782.2103881835938,62770416
2023-05-07 18:30:00,786.7092748572636,794.0951881063704,784.3034360962322,791.2562866210938,37244524
2023-05-08 18:30:00,793.8787132056606,796.813824847028,789.0910586660377,791.2803955078125,43688938
2023-05-09 18:30:00,791.2803318242208,796.1641960299875,785.7950079560763,794.9371948242188,46340550
2023-05-10 18:30:00,801.216542964019,812.2112150220032,793.5659634923215,795.466552734375,35734618
2023-05-11 18:30:00,792.4833249747595,804.8974770572269,791.1601135942614,802.4916381835938,22478760
2023-05-14 18:30:00,804.5124814304968,808.7226992609494,801.1924121940802,806.3409423828125,18512260
2023-05-15 18:30:00,813.6412692634764,813.6412692634764,800.1113815056924,801.7174682617188,32722086
2023-05-16 18:30:00,803.0314612780545,803.0314612780545,791.0346460503185,797.4102172851562,30466868
2023-05-17 18:30:00,802.0580796447568,804.953835962047,798.1645938212387,800.5980224609375,49646942
2023-05-18 18:30:00,802.0581085513332,803.0314800422937,794.0521518021368,801.5227661132812,30460332
2023-05-21 18:30:00,800.597982910975,804.4428118537385,794.6117249890884,798.6755981445312,28334032
2023-05-22 18:30:00,802.5447339766307,802.8367335199955,794.9767474392801,796.8018188476562,22470074
2023-05-23 18:30:00,792.1053982534182,795.6095118101778,785.3160965486113,786.3868408203125,33588112
2023-05-24 18:30:00,786.3380947431477,788.455225154943,777.407423655138,783.3693237304688,29776930
2023-05-25 18:30:00,787.944211421121,787.944211421121,779.7922252930767,786.3868408203125,26635066
2023-05-28 18:30:00,792.5676872978805,798.6512587386072,790.7912725552128,795.9744873046875,21816292
2023-05-29 18:30:00,795.0498137776772,799.4543434930372,792.5920864341458,796.5828857421875,37125928
2023-05-30 18:30:00,793.249109394473,795.706836766176,780.9602943063138,783.9777221679688,43334270
2023-05-31 18:30:00,788.3822359863269,788.3822359863269,778.6971779535536,780.6439208984375,50366938
2023-06-01 18:30:00,784.7563519232599,785.9001108734474,779.1838242892643,781.860595703125,17859710
2023-06-04 18:30:00,785.754075781894,786.7274471981615,779.8894892349321,780.8385620117188,18697242
2023-06-05 18:30:00,782.4203699015892,783.4910548041016,774.9253973543547,778.4052124023438,32182852
2023-06-06 18:30:00,780.3762267164857,784.8051144822347,776.7504417142903,782.4446411132812,24949026
2023-06-07 18:30:00,780.278861070367,791.350960923385,780.278861070367,782.9312744140625,37395522
2023-06-08 18:30:00,786.4355374130215,787.7009085166137,782.1040222342899,783.8560791015625,18212578
2023-06-11 18:30:00,784.8051052341397,786.3868338718737,778.4294745818307,779.0865478515625,13408292
2023-06-12 18:30:00,773.8789124939628,783.0772840204289,773.8789124939628,780.4005126953125,27926108
2023-06-13 18:30:00,783.7829699953168,784.537356602154,778.7944415181629,779.548828125,20113968
2023-06-14 18:30:00,780.6439096325554,781.5929230405386,768.4767664026215,769.961181640625,35377476
2023-06-15 18:30:00,772.4432372595309,783.1746215295391,770.9101653895649,780.0355224609375,15779272
2023-06-18 18:30:00,784.0507042851576,785.6324328940507,777.8941179716442,780.7169189453125,24829146
2023-06-19 18:30:00,780.7169656771292,784.0507512165266,774.1467079853705,782.3473510742188,20005626
2023-06-20 18:30:00,786.4841646307309,796.8262367213268,784.0507359035319,796.023193359375,24308946
2023-06-21 18:30:00,798.1646301932708,806.7059888717916,797.7023024946114,799.9166870117188,56596140
2023-06-22 18:30:00,796.9722855006775,807.8497002925832,795.2688853504051,799.8680419921875,21339218
2023-06-25 18:30:00,800.5979965482512,803.3964393933287,792.6649956756461,795.9988403320312,16130314
2023-06-26 18:30:00,799.6003360457688,814.1766100290189,797.4589662553369,807.2169799804688,33831864
2023-06-27 18:30:00,812.7651716503821,817.5833722744769,808.1416572008739,815.75830078125,59562950
2023-06-29 18:30:00,829.3124901661796,831.6486054517263,819.2137611926184,828.047119140625,40699016
2023-07-02 18:30:00,833.4493066629323,855.3501643562647,832.232592346636,837.0021362304688,44104116
2023-07-03 18:30:00,838.7785746015386,850.2400483591142,834.0821044038221,841.09033203125,38795188
2023-07-04 18:30:00,835.274343134364,837.0994145323269,812.0594587162262,814.3712158203125,37165754
2023-07-05 18:30:00,814.2252369257229,821.4525082286525,808.0930085295972,815.1986083984375,52156544
2023-07-06 18:30:00,810.3317601084606,815.1986175265295,806.0976179186929,808.093017578125,19926336
2023-07-09 18:30:00,808.3850372058562,816.0503378295722,802.8854644229833,806.1705932617188,38398442
2023-07-10 18:30:00,809.3584077333511,815.6853225262156,800.841407050649,802.2528076171875,50670426
2023-07-11 18:30:00,805.6352319869237,810.9644765133695,791.9107178120092,794.7334594726562,70958358
2023-07-12 18:30:00,806.2922367876993,806.6572510904781,797.2155953198356,798.699951171875,41913546
2023-07-13 18:30:00,804.7835648843277,804.7835648843277,795.7312215849707,800.354736328125,24727214
2023-07-16 18:30:00,803.0314502823962,818.6053935606003,794.7577929158504,817.0966796875,49252928
2023-07-17 18:30:00,826.3924020963348,829.3125165913748,812.7652011194812,816.4153442382812,81076818
2023-07-18 18:30:00,818.1673318749405,821.8904894232893,815.1985609379775,820.1140747070312,32935134
2023-07-19 18:30:00,818.1917033699069,823.4722315067543,817.6320029145078,821.8905029296875,56210948
2023-07-20 18:30:00,817.6320741412428,822.4016183376864,814.3469452719253,815.5636596679688,42154248
2023-07-23 18:30:00,816.9019892100436,819.8951183000274,812.813817239081,816.8533325195312,32179444
2023-07-24 18:30:00,819.8951884245319,826.879117291901,816.853402383876,825.7110595703125,55992596
2023-07-25 18:30:00,827.1710534459679,827.1710534459679,821.5255108693627,822.8395385742188,24794358
2023-07-26 18:30:00,827.317122690067,828.8258366410838,811.5241343729674,814.2982788085938,59741302
2023-07-27 18:30:00,808.6283856221597,812.2298721075693,798.6999842928814,799.8680419921875,41015684
2023-07-30 18:30:00,803.0557764440342,806.3409049738307,797.531846128994,803.6154174804688,34565006
2023-07-31 18:30:00,805.1972354940766,811.5241504025686,803.0315076162769,808.993408203125,35394188
2023-08-01 18:30:00,799.1379875966741,803.7615021412346,794.830830666086,798.407958984375,28116322
2023-08-02 18:30:00,798.1646183703506,803.6884896703888,789.8909607409018,792.6407470703125,57673946
2023-08-03 18:30:00,795.8041560498854,806.1948841477191,792.932698459204,804.1021118164062,37388304
2023-08-06 18:30:00,809.4070457041624,809.4070457041624,801.8391180613743,803.6398315429688,28300918
2023-08-07 18:30:00,803.8588478451442,805.7569341954113,799.1623777784342,802.9828491210938,43773828
2023-08-08 18:30:00,804.4914945725491,805.221523152016,793.8330654303563,803.2747802734375,33361236
2023-08-09 18:30:00,801.5957522263969,805.099865704745,793.7844225264857,796.1448364257812,50781118
2023-08-10 18:30:00,797.385890968424,797.385890968424,786.5814324003055,787.8468627929688,28225822
2023-08-13 18:30:00,784.0507318876311,785.9974748594191,778.8188601509507,784.0020751953125,31304410
2023-08-15 18:30:00,770.4721710730195,783.3937010320665,769.5961724006356,781.714599609375,34137542
2023-08-16 18:30:00,777.5291487912239,783.5154073300141,775.7770919586137,777.3831787109375,52884040
2023-08-17 18:30:00,772.6379419530916,776.8964420218484,771.6402124587459,774.1953125,25633366
2023-08-20 18:30:00,778.940456720372,778.940456720372,772.3701998220746,773.5869140625,21837270
2023-08-21 18:30:00,776.9207993465027,777.723842730673,768.9634990703776,770.2775268554688,32273570
2023-08-22 18:30:00,768.9634232990884,774.0979813135489,765.678294750184,772.175537109375,36498588
2023-08-23 18:30:00,775.4364030038525,776.8477441031978,767.0897307917666,768.622802734375,43145792
2023-08-24 18:30:00,766.3110504597091,767.746749618975,758.4510639302869,759.9597778320312,30069756
2023-08-27 18:30:00,759.9597651143588,770.2531801549441,759.9597651143588,767.868408203125,28867238
2023-08-28 18:30:00,773.6842594017068,775.1200179106506,769.669102242421,773.976318359375,35538932
2023-08-29 18:30:00,780.6195643753474,780.6195643753474,765.8973208258516,768.3307495117188,28084204
2023-08-30 18:30:00,768.4767470204652,770.4965046276685,760.7384322394234,764.80224609375,100075772
2023-08-31 18:30:00,764.5833196769412,768.4768057096691,758.9134187598048,766.384033203125,43226776
2023-09-03 18:30:00,773.830392259731,774.5360628786551,766.481448844147,771.177978515625,25073638
2023-09-04 18:30:00,773.0516417713671,773.0516417713671,764.38861183011,766.4813842773438,38712082
2023-09-05 18:30:00,767.4060807161218,778.6971658570981,766.4813659496907,776.507080078125,56320910
2023-09-06 18:30:00,776.5071078478363,785.510794150052,772.4432937501639,783.9777221679688,34208342
2023-09-07 18:30:00,782.7366896240351,794.7091467964383,782.3959739643648,790.0856323242188,34502210
2023-09-10 18:30:00,792.762427572447,796.4612273788786,790.3776555229446,794.173828125,31573022
2023-09-11 18:30:00,798.164597670977,799.5759981707856,790.8886697671352,796.6558837890625,39033340
2023-09-12 18:30:00,793.9304547919241,803.8101394610018,792.6163676755281,800.0626831054688,46420094
2023-09-13 18:30:00,800.2330026157181,803.0314455319658,795.7798163539742,799.5759887695312,23538848
2023-09-14 18:30:00,803.0315033597159,812.7652185519548,803.0315033597159,808.7500610351562,173411202
2023-09-17 18:30:00,804.8565635467733,805.4649207376626,791.3996906023217,792.83544921875,37056288
2023-09-19 18:30:00,778.2105490861316,778.2105490861316,759.4244901771611,761.030517578125,115474648
2023-09-20 18:30:00,755.8229580049356,763.5855718328563,748.0603441770149,755.9932861328125,72841442
2023-09-21 18:30:00,758.7430770496563,761.3711919566923,741.5874045249608,744.4588623046875,61704250
2023-09-24 18:30:00,742.195730377536,749.8366724935371,742.195730377536,745.1158447265625,40208754
2023-09-25 18:30:00,742.1957087996923,749.4959944600172,742.1957087996923,748.352294921875,27575308
2023-09-26 18:30:00,741.2223412220462,745.8458554975613,737.3288555163493,743.0960693359375,39338538
2023-09-27 18:30:00,746.5759362770035,748.3279930851168,738.9592924506106,741.5630493164062,55354188
2023-09-28 18:30:00,741.5629997895483,747.2815569377753,740.8816873168103,742.8284301757812,32053782
2023-10-02 18:30:00,743.1690816035621,743.1690816035621,732.9486816600946,733.9464111328125,38971694
2023-10-03 18:30:00,727.5951410981291,747.0625696224938,724.7966982477518,744.41015625,54649430
2023-10-04 18:30:00,747.0869560565192,755.1172706279191,745.8945403681716,747.4276123046875,48512674
2023-10-05 18:30:00,751.4428415259151,751.9295273041055,744.5562258825445,746.600341796875,17759356
2023-10-08 18:30:00,743.6558133244023,744.6291848078113,735.8688414571311,737.937255859375,16454972
2023-10-09 18:30:00,740.0300286548502,744.1424994102023,737.426212407623,742.1227416992188,33266292
2023-10-10 18:30:00,744.6778161774354,750.5424029295025,743.8991308991633,749.3013305664062,31333360
2023-10-11 18:30:00,747.5979877590232,755.3363032633498,745.4079018281694,754.2899169921875,22025336
2023-10-12 18:30:00,749.4960266639874,753.7788848660191,744.6048112974557,747.4276123046875,39745300
2023-10-15 18:30:00,745.3592240817852,746.794923276397,740.0056808464606,744.4345092773438,17856084
2023-10-16 18:30:00,757.1613181665532,757.1613181665532,747.0625893528261,750.0800170898438,32902558
2023-10-17 18:30:00,750.0800718553149,750.0800718553149,738.8376426467095,739.6406860351562,31216200
2023-10-18 18:30:00,732.6567520860139,742.8041382598725,731.5860077723223,737.3045654296875,30252364
2023-10-19 18:30:00,732.4619708663353,743.1690561547468,732.4619708663353,741.125,21094010
2023-10-22 18:30:00,741.4657259067877,744.0208260452915,730.0772676931944,732.9730834960938,22376136
2023-10-24 18:30:00,740.2490577379119,741.1251158897211,725.8674694399969,728.3252563476562,28311996
2023-10-25 18:30:00,725.7701287135245,726.1351430280494,710.6828703798318,712.2159423828125,55561798
2023-10-26 18:30:00,715.1847324328306,719.3215614397575,713.9193613244532,715.014404296875,31940532
2023-10-29 18:30:00,712.1429661841146,725.1374527205985,711.485952264384,722.7770385742188,23310982
2023-10-30 18:30:00,731.9753494856925,731.9753494856925,717.3747773549939,718.5914916992188,32634824
2023-10-31 18:30:00,711.6562028835086,719.053802155173,711.6562028835086,717.6181030273438,33877466
2023-11-01 18:30:00,722.7282919430866,725.4050633947277,714.0409637501907,718.713134765625,45225154
2023-11-02 18:30:00,724.188409593513,725.84315305655,721.0979669049797,722.1199951171875,18095340
2023-11-05 18:30:00,729.0552066561768,729.0552066561768,721.7549208752405,727.351806640625,25593730
2023-11-06 18:30:00,727.1084929912065,727.1084929912065,718.9321488241404,723.8233642578125,41952848
2023-11-07 18:30:00,722.2172785513859,726.8407930714139,720.7815793854345,725.9161376953125,31399546
2023-11-08 18:30:00,723.2150058605088,726.4271198457463,721.9982915168673,723.044677734375,22116740
2023-11-09 18:30:00,720.3434947549177,728.0818092890966,720.3191961157734,725.8917236328125,14015186
2023-11-12 18:30:00,726.1837249264701,728.0574529993991,723.1662973344708,724.5776977539062,20605914
2023-11-14 18:30:00,732.0240144584016,735.3577999173147,730.2963157159859,732.1700439453125,41245460
2023-11-15 18:30:00,734.7494210785321,739.2756221207742,731.8536647558356,734.0924072265625,29713838
2023-11-16 18:30:00,725.16173850318,733.6787387876133,724.6750527726409,732.5106811523438,23701874
2023-11-19 18:30:00,736.3554985735485,736.3554985735485,730.7829708116128,732.559326171875,19331452
2023-11-20 18:30:00,739.2756311878541,740.7356883923068,735.9174877356371,738.7645874023438,24959972
2023-11-21 18:30:00,739.7623206231069,739.7623206231069,731.7563640092628,736.1365356445312,29123650
2023-11-22 18:30:00,734.1654184677379,741.6360324879696,734.1654184677379,740.39501953125,13046220
2023-11-23 18:30:00,740.3463584220192,746.1622889319527,739.6893445243804,745.6512451171875,16469192
2023-11-27 18:30:00,747.1599239182611,748.1576534487249,742.5851254924052,743.97216796875,28489338
2023-11-28 18:30:00,746.5272858530379,760.6898293348779,746.0892567948611,758.8161010742188,34042488
2023-11-29 18:30:00,763.6829374580863,765.2889647471237,750.542422535641,758.645751953125,69491440
2023-11-30 18:30:00,758.2077422076743,762.028213465217,755.3849410922298,756.9910278320312,22153536
2023-12-03 18:30:00,772.8569470817542,784.5374047202694,765.873018667368,783.2720336914062,50662456
2023-12-04 18:30:00,796.4611682648754,797.6778825457567,786.7274540178253,790.2315673828125,52230820
2023-12-05 18:30:00,797.4102676843459,797.4102676843459,786.8005536561491,792.2271118164062,38613060
2023-12-06 18:30:00,790.86431017188,795.2444817359088,786.5814519897668,793.5167236328125,20450386
2023-12-07 18:30:00,793.5167662504412,805.4649253113081,793.5167662504412,804.5888671875,33728038
2023-12-10 18:30:00,803.0557997692163,809.6990123500813,801.5713845523902,803.5181274414062,23187620
2023-12-11 18:30:00,805.0754658820659,806.0731953368484,794.1980523054578,795.5364379882812,36581476
2023-12-12 18:30:00,794.4901060535459,796.2178641804811,786.0461204150259,793.7357788085938,29346914
2023-12-13 18:30:00,801.0847344683164,807.3872910879392,800.5980487244109,803.1044921875,35172366
2023-12-14 18:30:00,803.0314839042278,811.7918273650013,801.3767404796611,806.2192993164062,138837130
2023-12-17 18:30:00,808.2389706500245,810.1857135762941,803.4937847672423,805.8055419921875,18014754
2023-12-18 18:30:00,803.0314705665357,807.2413140972394,800.135714179051,804.44287109375,24008446
2023-12-19 18:30:00,806.9249181384845,812.2541029714071,800.3303029144753,806.438232421875,34232520
2023-12-20 18:30:00,806.438219443738,822.3771764061897,803.1530909094922,820.8927612304688,36589240
2023-12-21 18:30:00,819.3840760112807,820.5034769444852,811.3537615362043,813.1788330078125,48578850
2023-12-25 18:30:00,814.3469774999401,820.5278631124984,812.0595781088068,818.824462890625,18045856
2023-12-26 18:30:00,818.3620896655261,830.5292334309963,816.9506891067552,828.9718627929688,27009078
2023-12-27 18:30:00,831.8919383640549,837.7808237889657,828.3391087868577,829.9208374023438,44076470
2023-12-28 18:30:00,825.9057143332578,834.6174011041943,825.4190285852712,831.8676147460938,25011426
2023-12-31 18:30:00,830.285869252277,831.8189412093673,823.4722689184366,826.4410400390625,14239686
2024-01-01 18:30:00,826.781764297971,828.7285072707376,821.8661907638304,826.927734375,29242092
2024-01-02 18:30:00,828.3391176569097,829.6531453722021,812.2541304155426,814.1765747070312,28389762
2024-01-03 18:30:00,816.6586975811834,824.9079973714623,813.1058678027235,822.91259765625,26734056
2024-01-04 18:30:00,821.1118889384027,829.7505611476026,811.8405014795056,818.7027587890625,31889470
2024-01-07 18:30:00,816.9020369293803,818.7757651976441,807.8983504931613,809.577392578125,17998470
2024-01-08 18:30:00,811.3781093874959,816.5613241836867,801.4497088247701,803.2747802734375,25326888
2024-01-09 18:30:00,799.6246288205809,807.8739279163432,798.8459435594566,805.9271850585938,16115824
2024-01-10 18:30:00,807.8983430417109,809.309743595266,799.6246853117656,802.5447998046875,18314010
2024-01-11 18:30:00,804.0048258385641,805.95156875827,795.0497965259408,798.7485961914062,19773552
2024-01-14 18:30:00,801.9120099654888,818.0700109690749,799.9166104629336,814.1278686523438,28320356
2024-01-15 18:30:00,814.2252545636514,819.4084696501124,806.9736250528656,817.2183837890625,25322500
2024-01-16 18:30:00,764.0965828252033,777.1397839265529,743.8504686909188,748.279296875,170145236
2024-01-17 18:30:00,727.1084960821111,737.32889662945,720.3192537681881,723.2880249023438,161070930
2024-01-18 18:30:00,732.924355486129,735.0171279009493,714.6493418669147,715.744384765625,109600538
2024-01-22 18:30:00,712.9945662952517,717.7153939258839,693.527137863982,694.6708374023438,115469402
2024-01-23 18:30:00,671.7479491345199,709.8067477739886,671.7479491345199,708.5657348632812,86004404
2024-01-24 18:30:00,706.9110553088505,709.27146932584,690.8017687875753,698.3453979492188,98941852
2024-01-28 18:30:00,704.7453443356181,711.923959354735,703.6503013666003,707.9574584960938,65645498
2024-01-29 18:30:00,707.90875580775,712.1185398649957,701.2654836786888,702.9202270507812,41728768
2024-01-30 18:30:00,700.5841161285045,717.8371016849802,699.2700884068386,711.80224609375,65761040
2024-01-31 18:30:00,713.0189555223712,717.1800828855794,708.6387839338071,713.651611328125,32690740
2024-02-01 18:30:00,717.8614275967279,720.7085271394582,701.8251570967384,703.820556640625,44867754
2024-02-04 18:30:00,703.7475666832909,706.6190243767684,697.9316959646247,703.1878662109375,38605046
2024-02-05 18:30:00,703.5285448598157,705.5482430083341,697.2259293320517,702.8228149414062,41075740
2024-02-06 18:30:00,707.1543478186637,707.5437201567751,694.330191039234,695.9362182617188,54837086
2024-02-07 18:30:00,695.8876252029665,700.3164537570308,681.6034099643059,682.844482421875,69106124
2024-02-08 18:30:00,677.5395933880455,688.2709787615526,675.0331498393979,683.1121215820312,56642124
2024-02-11 18:30:00,681.1897546934406,688.0033555217624,673.2567528222265,676.4932250976562,34447812
2024-02-12 18:30:00,677.4421602188512,683.4770749934498,673.7433606505093,678.6588745117188,57580994
2024-02-13 18:30:00,669.6795681971766,677.2231970540489,663.6203545889955,673.597412109375,91320810
2024-02-14 18:30:00,674.0597534612269,688.903668609651,673.7433958465795,688.197998046875,41584944
2024-02-15 18:30:00,692.9918479710976,694.8412181662663,685.4725175238648,691.0451049804688,32175742
2024-02-18 18:30:00,695.4739454261017,695.4739454261017,688.7576582283627,689.682373046875,34451756
2024-02-19 18:30:00,688.6603356526384,709.222808572302,687.102965017942,707.787109375,56133508
2024-02-20 18:30:00,712.507885437546,712.507885437546,698.3939997287421,700.4137573242188,45893136
2024-02-21 18:30:00,689.9987587340186,695.3766603212918,687.2976289140083,690.8748168945312,50560882
2024-02-22 18:30:00,692.3348761341468,697.8587478235042,690.1204320838871,691.3858032226562,29833452
2024-02-25 18:30:00,687.9546346452112,698.3210050066913,687.9546346452112,692.213134765625,23506870
2024-02-26 18:30:00,687.9546948776648,694.3545652339111,687.7113519923358,691.1668090820312,32087150
2024-02-27 18:30:00,691.1667470533215,693.1377886016653,683.3067606806109,685.9348754882812,25321986
2024-02-28 18:30:00,682.3820552900959,686.4215706434694,680.0459994144303,683.0147705078125,53295700
2024-02-29 18:30:00,681.360036052442,697.2989940386686,681.360036052442,696.3256225585938,34738898
2024-03-03 18:30:00,696.422958130924,699.3674307159147,693.186545384466,697.274658203125,35616474
2024-03-04 18:30:00,692.067075174591,702.2874750189414,691.8967470591605,701.2410888671875,37991672
2024-03-05 18:30:00,697.6883641851937,707.0813632922424,697.6883641851937,702.0928344726562,42409530
2024-03-06 18:30:00,703.5042650748312,706.205394802925,701.5088653436588,703.7962646484375,49348046
2024-03-10 18:30:00,695.9605773947812,703.7231908402335,692.553777365576,694.889892578125,50531094
2024-03-11 18:30:00,697.9073192338245,712.5078907659129,695.5955620745772,710.3421630859375,65418454
2024-03-12 18:30:00,713.2379447418698,716.2067158438075,705.7429725398497,710.755859375,63067454
2024-03-13 18:30:00,711.5831514808099,713.4812375965001,702.9201816497791,708.3466796875,52432158
2024-03-14 18:30:00,705.6943406988961,710.2205419583659,701.9225261192986,706.9840698242188,143613804
2024-03-17 18:30:00,704.2342392927528,708.6144107880084,698.7833829737194,703.7719116210938,21437856
2024-03-18 18:30:00,698.6374048635253,706.8624060469253,698.6374048635253,705.3779907226562,36183594
2024-03-19 18:30:00,705.2320233558721,706.4973944482159,693.3568789456579,696.4716796875,43606094
2024-03-20 18:30:00,702.0927826471133,706.3026258563286,700.000069771983,703.6258544921875,28922860
2024-03-21 18:30:00,701.3141208411934,706.0593065998343,699.7323922549797,702.2144775390625,45980326
2024-03-25 18:30:00,694.5978614753975,699.8297331586394,692.1401341445468,693.7218627929688,56844290
2024-03-26 18:30:00,692.8214782766382,704.6965622791422,691.7020773602309,701.1680908203125,62168668
2024-03-27 18:30:00,701.1681292352769,710.8045307526719,701.1681292352769,704.6723022460938,55592142
2024-03-31 18:30:00,709.5878149173326,717.2774734382766,708.4197572494843,715.67138671875,25199570
2024-04-01 18:30:00,713.0676337207477,727.5221766350272,712.1429189199621,720.367919921875,41225446
2024-04-02 18:30:00,716.450076374618,727.9115494819865,716.109420115624,721.414306640625,45584386
2024-04-03 18:30:00,731.9753490842609,744.62917825726,731.9753490842609,743.4611206054688,88935066
2024-04-04 18:30:00,749.0093625181328,756.5529915753328,744.7022055513205,754.1439208984375,59055902
2024-04-07 18:30:00,756.7720051664586,757.8914061879058,750.2504634550537,752.7081909179688,20482940
2024-04-08 18:30:00,756.7233110790663,756.7233110790663,749.6420692068525,753.6572265625,21884494
2024-04-09 18:30:00,754.3142814277871,754.3142814277871,746.0649220391629,747.7196655273438,27807400
2024-04-11 18:30:00,740.2490112702176,744.5561681914903,736.5745101656407,739.2512817382812,41084208
2024-04-14 18:30:00,728.8361984614614,734.8954117012732,726.1594270943376,727.4490966796875,23415248
2024-04-15 18:30:00,723.7016987771374,736.3068713842836,721.3899415012858,734.5304565429688,20744886
2024-04-17 18:30:00,734.7980983246009,739.2025682918519,725.6727413912242,727.4490966796875,34234884
2024-04-18 18:30:00,723.4827148610226,747.0382572891224,720.4165709168466,745.2619018554688,34576434
2024-04-21 18:30:00,757.9643557818745,757.9643557818745,734.0680986992392,735.9661254882812,42298438
2024-04-22 18:30:00,742.8284760660457,742.9257894510552,731.6103458842442,733.7274169921875,26827060
2024-04-23 18:30:00,737.3288649584306,740.613993564681,734.4331086916868,735.7227783203125,22441580
2024-04-24 18:30:00,733.0704121681982,739.616311752735,733.0704121681982,735.260498046875,35445204
2024-04-25 18:30:00,739.6650141563123,743.6558134751455,732.729742335618,734.7981567382812,24854694
2024-04-28 18:30:00,737.3289207914913,746.7949349875348,733.216449914726,744.3858642578125,36093350
2024-04-29 18:30:00,744.2398024289921,749.2526892649995,737.2802320622603,739.8109741210938,52307382
2024-05-01 18:30:00,740.7357142083232,748.0360004850149,739.9326708359107,745.7242431640625,33475006
2024-05-02 18:30:00,746.2108990812835,749.7880273318675,733.5327119903678,739.567626953125,31865242
2024-05-05 18:30:00,740.7357053714223,746.819277196089,738.3752913854279,741.0520629882812,28793396
2024-05-06 18:30:00,740.7113274497933,741.7334150168236,732.0483570497901,733.021728515625,28480602
2024-05-07 18:30:00,728.0574791574124,728.5441648774708,720.465193806477,721.5845947265625,41687862
2024-05-08 18:30:00,717.83709973452,723.5800151607533,703.4069152466064,704.4776000976562,46281278
2024-05-09 18:30:00,709.9042861034679,716.2929072582592,703.8856637079383,709.3616333007812,27276608
2024-05-12 18:30:00,706.4509373389452,720.1655815796556,705.6122976051453,717.9208984375,27047202
2024-05-13 18:30:00,716.4408878596623,722.9775322143812,715.4789152317669,720.7328491210938,25665142
2024-05-14 18:30:00,720.1161379403006,720.1161379403006,708.3255604595557,709.6575317382812,38931996
2024-05-15 18:30:00,713.3822271543565,721.5221990437014,708.1775543730138,720.3875122070312,34945236
2024-05-16 18:30:00,713.4562165510583,724.210870736283,713.4562165510583,722.286865234375,20920190
2024-05-20 18:30:00,715.380219686854,725.0495080646152,715.380219686854,719.6722412109375,43769978
2024-05-21 18:30:00,719.2035821431577,723.0269026870767,714.4182889056816,719.8695678710938,39996278
2024-05-22 18:30:00,719.5982164877166,737.8514873644924,718.808897899437,736.3468017578125,40861920
2024-05-23 18:30:00,733.8308016870678,749.814758588212,733.0908042399884,748.4827270507812,31060206
2024-05-26 18:30:00,751.5168000055969,762.1974428837648,749.3955099218479,753.6627807617188,29385440
2024-05-27 18:30:00,754.8467837037828,757.7821433020647,752.2321619595608,755.0441284179688,27908904
2024-05-28 18:30:00,748.8774560751649,751.763434227272,740.6141508121484,744.0921630859375,35147706
2024-05-29 18:30:00,739.6027730570852,751.6400771573121,738.8381451452329,747.3234252929688,33755350
2024-05-30 18:30:00,749.370736784836,757.7573743920395,746.9040786650703,755.5620727539062,74079588
2024-06-02 18:30:00,788.8373406823981,788.8373406823981,764.6640888415991,775.6160278320312,72637256
2024-06-03 18:30:00,768.1173430540747,769.1040063078372,717.304185485308,731.684814453125,89531240
2024-06-04 18:30:00,737.062160780223,769.4000136473305,731.2901444599279,765.5520629882812,81631650
2024-06-05 18:30:00,772.0147015010076,772.2859977724349,762.9867083301413,769.4493408203125,46422870
2024-06-06 18:30:00,770.1154063679018,781.6099978301712,765.6754214599775,776.183349609375,36712216
2024-06-09 18:30:00,776.5039961939522,779.7846636223554,768.4133453075493,770.2387084960938,22454058
2024-06-10 18:30:00,767.6240504407497,775.0240252200629,765.7493660748642,771.9653930664062,29545326
2024-06-11 18:30:00,776.9973227739393,783.5586575880445,772.7546827700062,776.5780029296875,39280436
2024-06-12 18:30:00,780.3273770852536,782.2760131134276,776.5040566032491,779.8340454101562,24120192
2024-06-13 18:30:00,781.4372796414563,788.8372538804852,778.3292663726063,787.80126953125,25540554
2024-06-17 18:30:00,787.8013228802739,794.5106212671108,784.1259659599784,793.1786499023438,32415714
2024-06-18 18:30:00,795.941305047812,823.8145435842582,791.3039754417663,817.869873046875,90131196
2024-06-19 18:30:00,823.7651872236406,829.5124525875813,814.983860042712,823.5431518554688,41408742
2024-06-20 18:30:00,825.2697933574087,825.2697933574087,810.6178682451445,821.7671508789062,51630776
2024-06-23 18:30:00,812.5172157896385,826.3798229097616,811.9005512360641,825.0478515625,28544994
2024-06-24 18:30:00,824.4065232844747,847.025767804676,824.4065232844747,844.2631225585938,74521548
2024-06-25 18:30:00,842.5857736709851,844.041138181783,834.2731473521208,839.40380859375,47596666
2024-06-26 18:30:00,836.7397746618053,845.0770913433391,832.0531241260426,836.7644653320312,55074650
2024-06-27 18:30:00,837.4797542547091,841.9197388781129,828.3037980772367,830.6718139648438,26476046
2024-06-30 18:30:00,828.7971921822882,842.2651706437105,828.7971921822882,841.2291259765625,21187024
2024-07-01 18:30:00,846.0637432263002,855.8810546817267,840.0204307746837,853.7597045898438,45921690
2024-07-02 18:30:00,883.5570176331604,885.0370126375711,870.5577402219837,872.5310668945312,123217802
2024-07-03 18:30:00,868.1404005851939,868.1404005851939,850.9231133709549,852.0578002929688,45848658
2024-07-04 18:30:00,831.2638253093144,831.2638253093144,810.1492067263514,813.0598754882812,82242548
2024-07-07 18:30:00,811.678583484828,816.4391857049037,802.7246020410699,806.7698974609375,39087800
2024-07-08 18:30:00,801.6639054458949,812.3691778178521,799.369901303005,807.3372192382812,48550878
2024-07-09 18:30:00,804.1059188594888,809.0639261539534,799.5672916548901,802.2066040039062,45507182
2024-07-10 18:30:00,801.1458762280633,802.0832183690328,789.8239394111588,800.1345825195312,44177074
2024-07-11 18:30:00,800.1839277769812,808.2745787950348,794.8312914757237,800.5292358398438,56049960
2024-07-14 18:30:00,800.9239527377698,804.031966294815,796.8292758573642,800.2332763671875,33375694
2024-07-15 18:30:00,799.5673062806881,802.6506292263948,797.6186702674619,799.073974609375,28950324
2024-07-17 18:30:00,793.2772787604164,801.1458943462288,788.9113057816174,796.6319580078125,33717064
2024-07-18 18:30:00,797.2239682199486,800.6772898644657,791.0573224261681,792.9320068359375,26002152
2024-07-21 18:30:00,797.7172520784763,814.4905276323838,795.5712715150735,810.3218994140625,53744822
2024-07-22 18:30:00,812.7885887086006,812.9119216218081,791.7973027922226,798.407958984375,52002152
2024-07-23 18:30:00,793.3513220807449,799.6906218755655,783.4353677463822,791.3286743164062,61728206
2024-07-24 18:30:00,785.8773432331659,801.6639565310072,785.8773432331659,797.5199584960938,25535732
2024-07-25 18:30:00,791.7972838101718,800.0605887969758,787.5792741911353,798.2846069335938,43810540
2024-07-28 18:30:00,796.7306475152811,805.0432741154053,788.4920327099303,791.822021484375,51001148
2024-07-29 18:30:00,790.3172853310259,806.4738965011826,788.8372904146756,797.001953125,54595834
2024-07-30 18:30:00,796.237255579839,803.0945773220608,793.8692396532248,797.1005859375,37820484
2024-07-31 18:30:00,800.627938629233,814.0219048337823,798.1859108540549,808.471923828125,26215174
2024-08-01 18:30:00,804.6238722852388,824.1104712768188,804.6238722852388,818.5111694335938,44119238
2024-08-04 18:30:00,809.1131991555811,812.02386783421,789.8239443515008,797.1005859375,41333634
2024-08-05 18:30:00,804.1305829139676,805.5858871810888,786.0253355957136,789.922607421875,45116050
2024-08-06 18:30:00,797.7172336137804,804.130544706532,790.415901512036,800.9238891601562,42346264
2024-08-07 18:30:00,801.1705962949537,815.6252376687839,798.8272709671206,810.3958740234375,33976950
2024-08-08 18:30:00,814.9838462106346,820.1885189537674,811.9252142176729,814.0958251953125,26644618
2024-08-11 18:30:00,814.9838840860709,826.7991529902637,812.6898798741655,818.9798583984375,39316196
2024-08-12 18:30:00,803.1438891669751,805.314560371115,789.8979470194763,790.9092407226562,54055042
2024-08-13 18:30:00,792.5372946697382,796.0892584565494,790.9092761384464,793.1786499023438,32334428
2024-08-15 18:30:00,803.3906439659711,806.1779800129083,794.757339532809,805.1666259765625,27849246
2024-08-18 18:30:00,807.9045746403995,807.9045746403995,801.0225621096914,804.895263671875,19502164
2024-08-19 18:30:00,802.8726105839366,812.0239372458545,802.8726105839366,807.9292602539062,31134494
2024-08-20 18:30:00,803.1932814957441,806.3753069063249,798.1120014172305,802.0586547851562,47630904
2024-08-21 18:30:00,805.1172807347715,808.2252943260683,803.1439540663039,804.77197265625,21300638
2024-08-22 18:30:00,806.1038926835937,806.1038926835937,800.6772446912317,801.6885986328125,20333422
2024-08-25 18:30:00,805.2159251748899,812.9858989531632,805.2159251748899,809.0392456054688,22364266
2024-08-26 18:30:00,810.7412543536698,812.714580974844,805.2159036816922,807.9539184570312,35773244
2024-08-27 18:30:00,807.9539173658313,808.9405806750858,804.2292392849356,807.6332397460938,26921188
2024-08-28 18:30:00,810.0505418236547,811.2345497877237,804.6979056469421,808.3485717773438,49052604
2024-08-29 18:30:00,816.9572296027775,819.9172195651064,799.7646332824804,807.5346069335938,445342100
2024-09-01 18:30:00,812.4185353190471,812.4185353190471,800.7758609185206,802.6258544921875,34049680
2024-09-02 18:30:00,806.1039427589494,809.0392420850643,801.466613051357,807.756591796875,37282860
2024-09-03 18:30:00,808.5705516272349,811.4318992052836,805.1172301742814,809.951904296875,24682744
2024-09-04 18:30:00,812.0238589250097,813.947864316631,810.0505324148638,811.7525024414062,22876318
2024-09-05 18:30:00,808.2252499925564,812.8872099026286,806.1532209716318,807.5592041015625,26029602
2024-09-08 18:30:00,808.0772497858858,813.2572321563082,804.1799176724811,812.2705688476562,23792914
2024-09-09 18:30:00,815.9705333718649,815.9705333718649,808.0772271240113,814.1698608398438,26606646
2024-09-10 18:30:00,814.1945707781381,815.2305552034559,808.6692201411954,810.9879150390625,22226684
2024-09-11 18:30:00,815.970556634334,823.8638631072175,812.541925723635,822.1865234375,32424046
2024-09-12 18:30:00,825.8371886289187,825.8371886289187,817.4752411837702,821.8658447265625,23860532
2024-09-15 18:30:00,822.383822656841,827.7118283198007,820.9285184448568,824.3324584960938,15172820
2024-09-16 18:30:00,827.8104775064535,827.8104775064535,820.9778464556504,823.2718505859375,20127122
2024-09-17 18:30:00,824.7764529489335,838.1210972952287,824.4064542356848,836.0984497070312,40917342
2024-09-18 18:30:00,838.2691083056365,848.0370989791965,838.2444778560398,842.8571166992188,30651776
2024-09-19 18:30:00,846.8037464482039,860.8390072921377,842.3884524296358,858.989013671875,60623386
2024-09-22 18:30:00,862.8370939539058,871.3963864151646,858.5204418257773,868.1651000976562,26965350
2024-09-23 18:30:00,870.7303607683197,878.9443447710721,865.4270455398441,872.2350463867188,33039036
2024-09-24 18:30:00,868.3376691203036,882.0769427901153,868.3376691203036,877.686279296875,31965312
2024-09-25 18:30:00,874.7017352717152,882.0770195965482,872.2350769395101,879.8323364257812,31899644
2024-09-26 18:30:00,876.6503084858455,877.2422823547212,863.3303544458242,864.6376953125,35613502
2024-09-29 18:30:00,862.738402689165,864.0456833682003,850.701098537286,854.47509765625,26383534
2024-09-30 18:30:00,850.5037447767241,859.3837142697525,848.5797393423385,851.5890502929688,24572284
2024-10-02 18:30:00,846.3844351066934,851.5644172954591,825.5164827720641,829.7838134765625,48473398
2024-10-03 18:30:00,826.083866681385,834.0511850540141,815.4772359655595,817.771240234375,48683232
2024-10-06 18:30:00,815.0824984433904,818.4371776300311,795.7439225540929,798.1119384765625,94458296
2024-10-07 18:30:00,804.1306032900168,817.3519158252083,800.1839500223357,814.5152587890625,29734406
2024-10-08 18:30:00,813.7505304861846,817.3271848335777,803.4892084079638,805.6845703125,41125642
2024-10-09 18:30:00,808.5705299330368,821.6191272702827,805.363874384187,820.114501953125,21754766
2024-10-10 18:30:00,821.1258260358886,821.1258260358886,810.6672193318118,814.4905395507812,23672594
2024-10-13 18:30:00,816.9819085005773,834.741848018609,815.9705545228965,832.7931518554688,18527508
2024-10-14 18:30:00,835.7038196244212,837.6771462351046,826.5771840500105,830.81982421875,19651130
2024-10-15 18:30:00,828.8465156450762,842.585790426718,828.8465156450762,838.565185546875,20470682
2024-10-16 18:30:00,836.1724403142362,837.5044718768119,821.4958240034423,825.4178466796875,14695732
2024-10-17 18:30:00,820.4598702584595,834.2238355924767,816.0198853262701,829.7098388671875,24809724
2024-10-20 18:30:00,846.063768270474,862.4177242903107,844.1151323678729,852.8223876953125,46548354
2024-10-21 18:30:00,853.4884373802005,858.3970631644344,843.9424218629189,845.841796875,38875280
2024-10-22 18:30:00,841.1551854708522,861.603759041874,841.1551854708522,856.3251342773438,38036090
2024-10-23 18:30:00,857.4597103207274,872.5310159915173,857.4597103207274,863.15771484375,30832258
2024-10-24 18:30:00,865.7970368926951,867.2030200365818,852.8223905419693,860.0744018554688,26130478
2024-10-27 18:30:00,859.383716444917,863.8237012026692,852.9210840084185,855.5357055664062,22012142
2024-10-28 18:30:00,851.5644426318723,870.2370336046123,851.0464203091243,864.2430419921875,35794926
2024-10-29 18:30:00,859.3836983279829,865.6736766021975,850.6023712370916,855.7330322265625,32715724
2024-10-30 18:30:00,852.4771270596069,857.8544543150349,848.2344867353692,856.2757568359375,22895912
2024-10-31 18:30:00,854.9437133825962,860.4196824223525,851.5397130969706,857.0650634765625,1759692
2024-11-03 18:30:00,860.8637106769045,860.8637106769045,844.0411138190809,845.6197509765625,28089248
2024-11-04 18:30:00,840.1437747820238,869.5956493162819,837.6277954866241,867.2030029296875,44232406
2024-11-05 18:30:00,873.9369881601011,873.9369881601011,861.0363539084846,865.9203491210938,27787910
2024-11-06 18:30:00,860.5184217555121,868.7323455565536,857.4104082699865,861.62841796875,18895456
2024-11-07 18:30:00,864.3169963876733,869.15167034177,861.2829948869464,865.525634765625,19902986
2024-11-10 18:30:00,865.5750573030832,879.5116762015548,863.9223481240455,871.3717041015625,24565362
2024-11-11 18:30:00,874.1837241378527,875.6637191561447,842.931174712482,847.6424560546875,31395406
2024-11-12 18:30:00,846.9270867373347,853.1677439816382,825.3438276461692,829.463134765625,35728500
2024-11-13 18:30:00,825.39317914741,841.05645917869,824.8998474928816,835.087158203125,27146470
2024-11-17 18:30:00,838.6637692715708,847.987749103584,836.1971111266544,841.1797485351562,27081968
2024-11-18 18:30:00,845.5704607570133,865.1803941380466,839.9957889401087,859.507080078125,50981272
2024-11-20 18:30:00,863.0343691875372,867.7703408111802,855.5356922473849,858.989013671875,35716512
2024-11-21 18:30:00,860.148374275574,865.4516892160756,853.2417315623627,861.15966796875,24773612
2024-11-24 18:30:00,880.6216480727867,889.7482832055338,870.6810037082952,880.8929443359375,427737274
2024-11-25 18:30:00,892.9302818593218,892.9302818593218,873.0983737208503,880.8683471679688,30935566
2024-11-26 18:30:00,883.0143007972586,896.5562300169572,880.6709755435701,894.06494140625,32714976
2024-11-27 18:30:00,897.3702251985009,905.8061839354122,882.07694483503,884.6176147460938,35722392
2024-11-28 18:30:00,888.6383310231244,890.2662893460416,879.561016559754,886.04833984375,27669536
2024-12-01 18:30:00,889.7236388960249,892.0176431336934,875.6636867426915,890.3156127929688,15110876
2024-12-02 18:30:00,899.1955156163089,906.4475265301775,895.9395389832724,900.9715576171875,43410242
2024-12-03 18:30:00,906.7435619082082,920.0635162996781,903.3642521901575,917.6461791992188,44669084
2024-12-04 18:30:00,917.596875706611,927.4388181075851,905.3622266087298,920.4335327148438,39682714
2024-12-05 18:30:00,916.1168429341786,919.6688066050771,909.7035317020062,915.5494995117188,17783156
2024-12-08 18:30:00,914.4642517338581,927.4635290462065,912.1702474502318,922.5302124023438,26947912
2024-12-09 18:30:00,926.3288062229569,926.3288062229569,916.881553393078,921.5928344726562,13325480
2024-12-10 18:30:00,918.4354833328279,923.4675021564423,915.9935158212785,919.1261596679688,14045426
2024-12-11 18:30:00,913.1568815747593,921.864197216933,912.0221946944998,917.2268676757812,17293790
2024-12-12 18:30:00,918.8301759997277,924.9968214762359,902.4268990322158,923.3934936523438,19009002
2024-12-15 18:30:00,920.1128492893367,922.5054957499956,915.2535445762154,920.1621704101562,13107082
2024-12-16 18:30:00,915.7962178924912,918.7562078618506,901.0702798391582,904.4002685546875,21079532
2024-12-17 18:30:00,902.7229483325016,905.7569501607671,891.5243434620028,893.275634765625,23422312
2024-12-18 18:30:00,887.7995941182149,888.5395915672278,877.6369745293333,884.790283203125,25380770
2024-12-19 18:30:00,879.2156362475025,886.7883251977108,871.7417099804251,873.93701171875,25692348
2024-12-22 18:30:00,879.1169941259847,890.956953642833,878.7716860618692,888.4902954101562,11044592
2024-12-23 18:30:00,889.0083275055933,892.2889348142179,882.8416818560752,887.0596313476562,14485834
2024-12-25 18:30:00,887.2816657547127,893.916952377888,878.5003382709294,883.4336547851562,10481678
2024-12-26 18:30:00,885.4316968356189,890.9322967259654,882.6196702111419,887.1336669921875,7259330
2024-12-29 18:30:00,884.1489668763874,895.3969526845203,873.6903598921683,877.0943603515625,22222218
2024-12-30 18:30:00,873.3450067875037,879.0183205202264,871.0263119988338,874.6029663085938,14117236
2024-12-31 18:30:00,874.8989910757854,885.0369805772112,868.80635723923,879.4869995117188,7313806
2025-01-01 18:30:00,876.699651347947,889.6989281059142,874.6770036544534,884.9136352539062,18558576
2025-01-02 18:30:00,883.5569553072743,885.6536147489581,861.5050553855514,862.9356689453125,24426194
2025-01-05 18:30:00,858.4463541498661,866.8823129474961,841.5251154360177,843.84375,18816348
2025-01-06 18:30:00,846.063732614296,849.0237223493897,838.6637582765616,845.2744140625,13527906
2025-01-07 18:30:00,842.7338203435289,844.4111600559388,830.4498497882179,835.8518676757812,19738190
2025-01-08 18:30:00,830.844525028491,833.237171528912,817.9932112311335,822.778564453125,40420222
2025-01-09 18:30:00,824.3571854708366,826.2811909461473,815.9705474379197,817.3272094726562,17453280
2025-01-12 18:30:00,809.0639234971638,812.3939122066796,801.3186405131205,804.5499267578125,21669066
2025-01-13 18:30:00,809.0145872775671,817.0558570637163,807.5839134440961,812.3198852539062,26661432
2025-01-14 18:30:00,817.2038902170349,820.2625224034592,807.2386148292592,810.568603515625,14022892
2025-01-15 18:30:00,815.4032351586193,819.2019251337407,810.4699184801376,815.0086059570312,21212454
2025-01-16 18:30:00,810.7905598983193,814.2438814190301,803.3905852110819,807.4605712890625,23112076
2025-01-19 18:30:00,802.1572673696536,819.3991845447669,802.1572673696536,814.6138916015625,17557618
2025-01-20 18:30:00,818.0672195171876,819.4485722440602,805.6352858599316,810.2479248046875,31158144
2025-01-21 18:30:00,810.2479165643738,824.8012002853578,801.8859089377631,821.9152221679688,30619306
2025-01-22 18:30:00,832.2505181334424,832.2505181334424,814.6139111249832,821.347900390625,34909158
2025-01-23 18:30:00,818.9305795964561,824.0119199318104,811.2839386423929,813.8986206054688,24236200
2025-01-26 18:30:00,809.6065327196525,810.839861804967,802.157237088582,804.0319213867188,22804166
2025-01-27 18:30:00,812.5172453545283,830.9185403912116,812.5172453545283,824.0612182617188,30179312
2025-01-28 18:30:00,826.3304621132276,829.3644636153648,823.2964606110903,827.4651489257812,12619890
2025-01-29 18:30:00,829.2905374831995,837.6278547525732,825.1219089590883,834.4705200195312,25744846
2025-01-30 18:30:00,832.3738053097981,840.9824182950722,830.7457868177106,838.047119140625,15821686
2025-01-31 18:30:00,837.4305042201771,845.0771450539991,826.8485640579613,834.1991577148438,5587528
2025-02-02 18:30:00,823.8638327488314,832.1518283284162,820.6324864421063,827.8104858398438,20276540
2025-02-03 18:30:00,833.0891713164636,851.391824544325,828.8219005259823,848.9744873046875,28616502
2025-02-04 18:30:00,854.9437515638108,860.4690419690123,847.9877873258422,857.311767578125,23675506
2025-02-05 18:30:00,856.1770794811201,862.8370567631686,850.5037655001158,860.29638671875,26760716
2025-02-06 18:30:00,863.3304057123341,871.7170439392539,850.997114202158,854.8204345703125,23509600
2025-02-09 18:30:00,847.1984039096569,850.2323451556149,842.8570616226162,846.4337158203125,17195950
2025-02-10 18:30:00,840.1437497009048,844.090402664855,833.0890834393857,839.3544311523438,22724704
2025-02-11 18:30:00,835.2104321766692,844.5837329512449,829.38909497558,842.0184326171875,22809570
2025-02-12 18:30:00,838.1704689996619,845.6937766231139,835.4818356095761,837.5291137695312,12602434
2025-02-13 18:30:00,839.601120018604,839.601120018604,828.7971451888767,836.1231079101562,19959892
2025-02-16 18:30:00,831.3624591587258,848.5304243918573,829.413823260936,847.2230834960938,12938946
2025-02-17 18:30:00,845.1017788797033,854.2284140997132,841.697778564227,850.0350952148438,16350910
2025-02-18 18:30:00,847.0504387449713,857.3610822217985,844.8057556604201,852.0823974609375,11884112
2025-02-19 18:30:00,844.0904430253034,845.9157460199498,831.4118438608401,832.2998046875,26390510
2025-02-20 18:30:00,829.2411711352042,836.1724445897772,827.4404985932164,834.9638061523438,15680940
2025-02-23 18:30:00,829.339781575346,830.8690975664632,819.4731490892408,827.366455078125,20693646
2025-02-24 18:30:00,824.406500920576,832.7438177754724,824.406500920576,829.9564819335938,24138708
2025-02-26 18:30:00,830.0552335524236,843.9671626938127,830.0552335524236,839.0091552734375,35786800
2025-02-27 18:30:00,831.2638337603047,857.0404125816553,831.2638337603047,854.6477661132812,54516728
2025-03-02 18:30:00,858.2984018170607,859.9017296292334,835.7531099870528,839.428466796875,21205364
2025-03-03 18:30:00,837.6771272358142,845.7184570804238,835.3338019387764,843.5971069335938,19920958
2025-03-04 18:30:00,839.6257577393887,843.991790915382,832.8671383829512,833.73046875,21583872
2025-03-05 18:30:00,832.2504799228543,838.6144701478811,824.973838204501,834.3224487304688,32966088
2025-03-06 18:30:00,829.7838192395386,839.2311321984157,827.6131479773222,833.3604736328125,13372914
2025-03-09 18:30:00,833.2371287977431,838.6144556459366,830.3018296675241,832.4971313476562,15604050
2025-03-10 18:30:00,829.9811819724781,835.7038170818192,823.8885481247595,831.510498046875,19898430
2025-03-11 18:30:00,834.4951408301645,847.7904041385841,834.4951408301645,844.1644287109375,18784106
2025-03-12 18:30:00,846.5818201293218,848.9251455168071,838.6885135609504,841.9197998046875,15736264
2025-03-16 18:30:00,841.1304307424771,850.5037317302232,841.1304307424771,843.79443359375,18950652
2025-03-17 18:30:00,843.79443359375,843.79443359375,843.79443359375,843.79443359375,0
2025-03-18 18:30:00,855.930432694155,863.823739278078,854.5490799535085,860.4197387695312,15221406
2025-03-19 18:30:00,865.3037412350927,875.1703745445009,862.985106495842,872.5803833007812,17833978
2025-03-20 18:30:00,866.0684175252852,875.2196836615442,866.0684175252852,873.3696899414062,33508264
2025-03-23 18:30:00,877.6369838460287,890.1676194932312,874.997671627427,887.9969482421875,17393736
2025-03-24 18:30:00,890.4143157035983,909.5555477752322,888.7369760332164,898.5789184570312,39101416
2025-03-25 18:30:00,900.3302775382388,901.5636066855513,888.9836493829623,891.2283325195312,24478442
2025-03-26 18:30:00,887.9969842041877,908.2235821777275,887.0596420099644,900.5029296875,41658100
2025-03-27 18:30:00,902.3036249715724,905.7569466636451,890.8829847599874,901.908935546875,28773648
2025-03-31 18:30:00,888.9836405685396,892.8809726796349,870.9030234039785,872.1363525390625,28511006
2025-04-01 18:30:00,873.5423260418547,887.602278026219,873.5423260418547,886.4676513671875,11573564
2025-04-02 18:30:00,878.6729886492828,889.9702954640933,876.6503409310941,885.456298828125,11250038
2025-04-03 18:30:00,894.4102660639704,908.6921929973271,893.4729239008652,896.5316162109375,33540454
2025-04-06 18:30:00,869.6450067324856,878.0562747489253,857.5090006629878,867.1289672851562,37995450
2025-04-07 18:30:00,870.730371547347,879.1170096868965,863.4784203033727,872.7777099609375,35563872
2025-04-08 18:30:00,870.7303466796875,875.6636630914704,865.0570328061372,870.7303466796875,22454608
2025-04-10 18:30:00,875.540352413462,897.567622795633,875.540352413462,891.3269653320312,32775766
2025-04-14 18:30:00,920.0634812745557,925.8848185421238,915.1301650210728,920.01416015625,49298344
2025-04-15 18:30:00,929.3381542000717,929.3381542000717,917.8435030643678,926.476806640625,19136820
2025-04-16 18:30:00,928.4501090482869,947.0486870380013,925.8354273732423,940.6353759765625,35703084
2025-04-20 18:30:00,949.170085798879,962.3420166432835,942.2634427629204,950.6994018554688,34247298
2025-04-21 18:30:00,954.5967457498784,972.1593405008402,954.5967457498784,967.7686767578125,45961750
2025-04-22 18:30:00,976.2540297557508,976.2540297557508,947.4434488933124,949.1207885742188,30570642
2025-04-23 18:30:00,942.2634238174406,949.1207455952106,939.8460867592294,945.6181030273438,25931754
2025-04-24 18:30:00,949.5647662059754,953.6100615716746,933.2848220611925,942.8554077148438,18500878
2025-04-27 18:30:00,942.8554253066497,951.982060830828,941.4741328194633,947.29541015625,13920492
2025-04-28 18:30:00,946.6048254524144,951.5381421157663,937.4288082816594,941.6715087890625,18918308
2025-04-29 18:30:00,943.7434115323153,955.5340495753018,942.4114402150566,949.6633911132812,31936870
2025-05-01 18:30:00,952.0314262519853,958.0007270723939,947.1967520748111,948.1340942382812,17840404
2025-05-04 18:30:00,956.5700467268101,962.9833580251333,953.2647488384409,955.4847412109375,15068024
2025-05-05 18:30:00,952.1300492793257,957.112686715781,949.3180830668039,952.9686889648438,17490156
2025-05-06 18:30:00,954.1033540161453,961.3553047488027,948.3807192627594,959.8259887695312,21420778
2025-05-07 18:30:00,964.364722012384,964.364722012384,946.752746184645,951.3900756835938,34803430
2025-05-08 18:30:00,942.3127568324845,946.7034204881495,930.8181657127636,932.248779296875,17188796
2025-05-11 18:30:00,946.0127244576516,966.8806765571811,943.3981029435623,965.5486450195312,18618972
2025-05-12 18:30:00,961.9967305905121,967.7686868855955,947.1967808891196,948.4794311523438,24242102
2025-05-13 18:30:00,948.2327622761527,952.2287366384547,938.8101397074491,942.5594482421875,15445308
2025-05-14 18:30:00,943.9901042439285,959.4314088460198,935.85013208818,954.0047607421875,32241458
2025-05-15 18:30:00,954.0047801554118,958.9380967138302,951.340777169636,954.44873046875,15868010
2025-05-18 18:30:00,955.5834183781088,959.5300716290252,952.6234284399217,956.4220581054688,10202964
2025-05-19 18:30:00,951.1927398071444,954.3993955236706,943.7434439560598,944.6807861328125,23879090
2025-05-20 18:30:00,950.6500948788123,960.4674068130723,947.739426083267,950.5514526367188,15132040
2025-05-21 18:30:00,944.828766015395,949.2687509312965,939.895449442171,947.1474609375,21306670
2025-05-22 18:30:00,947.2460290070277,955.583345407158,944.4833839865793,953.906005859375,9566072
2025-05-25 18:30:00,954.5967478346391,961.947401503022,950.6007734925844,957.1620483398438,10802860
2025-05-26 18:30:00,952.9194312599001,961.0100826032541,945.3714929245052,950.3048095703125,26162148
2025-05-27 18:30:00,947.295443323748,954.3501102535763,946.0621141556768,948.9234619140625,18157594
2025-05-28 18:30:00,951.1433943336576,957.4580633637506,940.9314535555673,950.896728515625,28917794
2025-05-29 18:30:00,953.0674622365118,961.4047794767922,949.8608063918771,959.4807739257812,28748078
2025-06-01 18:30:00,952.1794133521448,955.0900821550082,941.276795842849,953.1660766601562,14668822
2025-06-02 18:30:00,956.0767204883472,962.9833634640112,947.1967509482078,949.466064453125,24377584
2025-06-03 18:30:00,947.6901200517409,958.6914401720352,947.6407989299088,957.6553955078125,12961542
2025-06-04 18:30:00,961.0100588418235,966.3873858970264,957.1620478647775,961.7993774414062,22255418
2025-06-05 18:30:00,959.0366899431259,984.8379583134906,958.3953347348495,976.1552734375,30127008
2025-06-08 18:30:00,984.196594423998,984.196594423998,974.7739724063232,976.2539672851562,13202588
2025-06-09 18:30:00,978.1780428487654,978.1780428487654,967.472709657825,969.5447387695312,15533126
2025-06-10 18:30:00,970.6793723493836,970.6793723493836,960.516752091058,962.194091796875,11096394
2025-06-11 18:30:00,961.9966994408974,967.4233474890254,954.7447484104943,958.74072265625,16349130
2025-06-12 18:30:00,947.19676434732,953.6100757725884,943.7434428106371,946.0127563476562,12117762
2025-06-15 18:30:00,949.1700746468088,956.520728121515,947.2460692080249,954.7940673828125,16513746
2025-06-16 18:30:00,955.5834055099792,957.852719054467,946.7527569357399,951.9327392578125,16978736
2025-06-17 18:30:00,945.7167603313338,955.2380851367438,945.7167603313338,954.0540771484375,18433816
2025-06-18 18:30:00,954.0540746334422,960.4180648603083,949.9593979158449,954.7447509765625,16876220
2025-06-19 18:30:00,952.9193918485255,971.8140179089729,952.9193918485255,969.2486572265625,32900408
2025-06-22 18:30:00,961.2073364257812,965.8939867961492,957.9513597916495,961.2073364257812,11739518
2025-06-23 18:30:00,969.3966711141703,976.3033140635843,964.7593416610487,967.3740234375,22625322
2025-06-24 18:30:00,969.8900392545883,977.7833457795492,968.854054817417,976.8953247070312,18405932
2025-06-25 18:30:00,977.4873577522009,1000.032590400823,976.7966813877978,997.41796875,50084830
2025-06-26 18:30:00,1004.0015037809444,1007.393088107433,994.2258430942326,1004.9491577148438,28213384
2025-06-29 18:30:00,1003.2533964547342,1004.400566128524,995.2732550959096,998.2658081054688,13649020
2025-06-30 18:30:00,1000.0114368496795,1005.4977838847651,999.5126780283082,1003.5526123046875,14389386
2025-07-01 18:30:00,1007.4429706558585,1007.4429706558585,986.4950998423908,990.5350341796875,18878250
2025-07-02 18:30:00,994.9739612315547,1001.507689459166,989.6871300276722,991.0836181640625,16860506
2025-07-03 18:30:00,991.0836632772651,999.2633203019867,987.5424877454124,992.1809692382812,7863944
2025-07-06 18:30:00,992.0312782906421,996.7196233059492,989.4377568185034,991.2332763671875,11349426
2025-07-07 18:30:00,986.0462146584523,1000.0114620081927,986.0462146584523,998.2159423828125,15224316
2025-07-08 18:30:00,1001.0089360727129,1004.4005203490875,996.5699704674603,1003.1036987304688,13861428
2025-07-09 18:30:00,1005.4977851253348,1005.9965439473215,997.5176439735463,1000.6099243164062,17030310
2025-07-10 18:30:00,996.5201541247731,999.9117385623401,987.9913902076418,989.3878784179688,12516922
2025-07-13 18:30:00,989.0387573242188,991.8816582943851,982.8541356715338,989.0387573242188,13088850
2025-07-14 18:30:00,984.0511806165923,999.3131887778599,984.0511806165923,995.2732543945312,14498168
2025-07-15 18:30:00,1006.4952830829005,1008.8394251469304,993.826797075495,995.6722412109375,17994612
2025-07-16 18:30:00,999.5126501495852,999.9116815490105,988.8890631972324,990.98388671875,22529158
2025-07-17 18:30:00,990.9838927216935,996.0213445308241,974.0759568696542,976.2705078125,16129446
2025-07-20 18:30:00,986.6446826643673,998.5151670456409,985.7968170158388,997.7670288085938,22309078
2025-07-21 18:30:00,1004.051390877723,1006.4953213272488,999.0139388595042,1001.058837890625,14836814
2025-07-22 18:30:00,1003.0039954915454,1012.3806857402005,999.0139248978445,1009.6375122070312,13634916
2025-07-23 18:30:00,1016.3208076773761,1016.3208076773761,1001.7072110041944,1004.5999755859375,19107176
2025-07-24 18:30:00,1007.5,1007.5,999.5,1002.2999877929688,9306598
2025-07-27 18:30:00,1001.5,1010.7000122070312,1000.25,1004.25,12059580
2025-07-28 18:30:00,999.9500122070312,1013.25,998.1500244140625,1010.7999877929688,19895696
2025-07-29 18:30:00,1014.0,1016.2999877929688,1008.5,1012.9000244140625,15154036
2025-07-30 18:30:00,1007.2999877929688,1015.7000122070312,1004.0,1009.0999755859375,22183032
2025-07-31 18:30:00,1007.0,1014.1500244140625,1004.6500244140625,1006.0999755859375,11317258
2025-08-03 18:30:00,1005.0499877929688,1009.25,994.0499877929688,996.0,13933946
2025-08-04 18:30:00,993.25,997.2000122070312,982.75,988.7999877929688,23978058
2025-08-05 18:30:00,985.5499877929688,994.0,985.0,992.6500244140625,14080204
2025-08-06 18:30:00,990.0499877929688,1000.7999877929688,988.4000244140625,997.7000122070312,13081186
2025-08-07 18:30:00,993.5499877929688,996.4000244140625,985.0,986.9500122070312,13895264
2025-08-10 18:30:00,987.9500122070312,998.7999877929688,986.5499877929688,997.7999877929688,9105854
2025-08-11 18:30:00,995.9500122070312,998.0,983.75,984.9500122070312,12937802
2025-08-12 18:30:00,997.0,997.0,984.5499877929688,990.1500244140625,13577396
2025-08-13 18:30:00,989.0,998.0,985.5999755859375,995.5499877929688,17511716
2025-08-17 18:30:00,1005.0,1013.2999877929688,997.7999877929688,1001.7999877929688,19284796
2025-08-18 18:30:00,999.1500244140625,1003.0499877929688,993.3499755859375,995.5499877929688,12352438
2025-08-19 18:30:00,993.5,996.0,989.5,994.0999755859375,9950228
2025-08-20 18:30:00,998.75,998.75,991.5999755859375,995.5999755859375,12439850
2025-08-21 18:30:00,994.9500122070312,998.0,978.5499877929688,982.2999877929688,19833502
2025-08-24 18:30:00,980.0999755859375,988.7000122070312,978.5,982.0499877929688,17518044
2025-08-25 18:30:00,979.5,985.7000122070312,968.0,973.4000244140625,16917731
2025-08-27 18:30:00,967.0,972.2000122070312,955.0,957.7999877929688,25438255
2025-08-28 18:30:00,954.0,963.2999877929688,950.0999755859375,951.5999755859375,14823813
2025-08-31 18:30:00,949.5999755859375,957.4500122070312,946.3499755859375,950.5999755859375,20178344
2025-09-01 18:30:00,951.0,954.7999877929688,944.0,944.5,14196320
2025-09-02 18:30:00,945.0,956.2999877929688,940.0,954.4500122070312,16083481
2025-09-03 18:30:00,960.2000122070312,965.7000122070312,956.25,961.25,17597657
2025-09-04 18:30:00,967.5,967.5,954.0499877929688,963.4000244140625,11602111
2025-09-07 18:30:00,969.0,973.1500244140625,960.4500122070312,966.0,11711307
2025-09-08 18:30:00,974.0,974.4000244140625,962.7000122070312,965.1500244140625,13985539
2025-09-09 18:30:00,973.9000244140625,973.9000244140625,961.7000122070312,965.9000244140625,18091100
2025-09-10 18:30:00,960.2999877929688,969.25,959.9000244140625,967.7999877929688,15113633
2025-09-11 18:30:00,969.9000244140625,970.75,962.25,967.2999877929688,14363519
2025-09-14 18:30:00,969.5999755859375,972.3499755859375,965.0,967.0499877929688,14486377
2025-09-15 18:30:00,961.2000122070312,969.3499755859375,961.2000122070312,966.8499755859375,18661794
2025-09-16 18:30:00,965.1500244140625,974.4000244140625,964.3499755859375,966.5,17361476
2025-09-17 18:30:00,973.2999877929688,979.6500244140625,969.25,976.9000244140625,17791598
2025-09-18 18:30:00,974.9000244140625,976.7000122070312,962.0999755859375,966.9000244140625,31243267
2025-09-21 18:30:00,964.0,971.2000122070312,961.9500122070312,964.2000122070312,10854415
2025-09-22 18:30:00,967.0,968.2000122070312,955.5,957.2000122070312,21022298
2025-09-23 18:30:00,952.2000122070312,956.4500122070312,943.0,951.0499877929688,15117220
2025-09-24 18:30:00,952.5,958.0,947.4000244140625,949.8499755859375,31413279
2025-09-25 18:30:00,945.0999755859375,951.4500122070312,941.2999877929688,945.0499877929688,14874656
2025-09-28 18:30:00,946.0499877929688,956.7999877929688,939.0999755859375,950.2999877929688,32398179
2025-09-29 18:30:00,958.0499877929688,960.0,946.2999877929688,951.0,28296687
2025-09-30 18:30:00,952.7000122070312,969.5999755859375,946.0,965.25,25350832
2025-10-02 18:30:00,952.0,966.75,952.0,965.1500244140625,26658296
2025-10-05 18:30:00,971.9000244140625,977.4000244140625,962.0,973.4500122070312,18542683
2025-10-06 18:30:00,974.0,989.8499755859375,971.0,982.5,25535736
2025-10-07 18:30:00,976.0,985.9000244140625,974.5499877929688,978.7000122070312,15939710
2025-10-08 18:30:00,974.5,979.0,970.1500244140625,977.0999755859375,15370950
2025-10-09 18:30:00,979.0,986.2000122070312,978.0999755859375,980.9000244140625,13757080
2025-10-12 18:30:00,974.2999877929688,981.0,972.0,977.0,18634254
2025-10-13 18:30:00,970.0,980.4500122070312,967.0,977.1500244140625,22934382
2025-10-14 18:30:00,975.0,984.9000244140625,973.3499755859375,978.25,23310447
2025-10-15 18:30:00,982.6500244140625,996.5999755859375,981.5,994.3499755859375,22936566
2025-10-16 18:30:00,993.9500122070312,1009.0,986.0,1002.5499877929688,25210511
2025-10-19 18:30:00,997.0,1020.0,997.0,1002.9500122070312,22195202
2025-10-20 18:30:00,1006.0,1010.0,1004.0,1007.7000122070312,3471600
2025-10-22 18:30:00,1016.0,1020.5,1006.0,1008.7999877929688,43526526
2025-10-23 18:30:00,1011.0,1011.9500122070312,991.2999877929688,994.75,17707768
2025-10-26 18:30:00,996.5,1009.0499877929688,996.2000122070312,1002.9500122070312,15700796
2025-10-27 18:30:00,997.6500244140625,1008.0,995.0,1003.5499877929688,33904289
2025-10-28 18:30:00,1004.9000244140625,1012.5,1000.0,1007.8499755859375,17769445
2025-10-29 18:30:00,1000.0,1009.5,997.0999755859375,998.1500244140625,19962917
2025-10-30 18:30:00,994.0,1004.4500122070312,981.1500244140625,987.2999877929688,23221330
2025-11-02 18:30:00,985.0,994.5499877929688,983.2999877929688,992.6500244140625,16607180
2025-11-03 18:30:00,987.0,997.0,983.7000122070312,985.25,20024544
2025-11-05 18:30:00,981.0,991.0499877929688,974.0,984.6500244140625,22279516
2025-11-06 18:30:00,980.0,984.9000244140625,974.75,982.2999877929688,15004568
2025-11-09 18:30:00,982.2999877929688,990.9500122070312,980.2000122070312,984.5,15988262
2025-11-10 18:30:00,983.5,993.5,978.0,991.7000122070312,10200530
2025-11-11 18:30:00,998.7999877929688,999.0,987.7000122070312,989.5,13137263
2025-11-12 18:30:00,984.0,990.0999755859375,982.5999755859375,986.6500244140625,14124839
2025-11-13 18:30:00,976.0499877929688,991.6500244140625,976.0499877929688,989.5999755859375,21386965
2025-11-16 18:30:00,991.25,997.9500122070312,985.5999755859375,996.5499877929688,18396408
2025-11-17 18:30:00,997.6500244140625,999.0,990.0,992.4500122070312,20002640
2025-11-18 18:30:00,990.0,996.5499877929688,984.0,994.5999755859375,19813847
2025-11-19 18:30:00,995.2999877929688,1011.5999755859375,992.4500122070312,1008.8499755859375,19850865
2025-11-20 18:30:00,1003.0999755859375,1008.2999877929688,996.5499877929688,998.0499877929688,17499897
2025-11-23 18:30:00,1000.0,1011.4500122070312,993.5999755859375,999.1500244140625,32204053
2025-11-24 18:30:00,1004.0,1006.0999755859375,988.4000244140625,989.7999877929688,24989383
2025-11-25 18:30:00,981.2999877929688,1006.9500122070312,981.2999877929688,1003.9000244140625,19494356
2025-11-26 18:30:00,1002.0999755859375,1016.7999877929688,1001.0,1009.5,25536848
2025-11-27 18:30:00,1007.0,1012.0499877929688,1004.2000122070312,1007.5999755859375,15988807
2025-11-30 18:30:00,1017.5,1017.5,999.2999877929688,1002.0999755859375,16746566
2025-12-01 18:30:00,988.0,994.4000244140625,985.0,989.7999877929688,27316662
2025-12-02 18:30:00,986.0,1002.2999877929688,986.0,1000.5,15448777
2025-12-03 18:30:00,1000.0,1004.7000122070312,993.0,997.2000122070312,14528169
2025-12-04 18:30:00,992.0,1008.0,990.2000122070312,1003.2999877929688,12843366
2025-12-07 18:30:00,1000.0,1006.5,997.5,1003.0999755859375,12901022
2025-12-08 18:30:00,994.9000244140625,1002.7999877929688,994.0,997.0999755859375,15294322
2025-12-09 18:30:00,997.5,998.5,985.2999877929688,989.7999877929688,15322830
2025-12-10 18:30:00,990.0,1002.7000122070312,988.5,1000.2999877929688,11844809
2025-12-11 18:30:00,1003.0,1004.7000122070312,998.2000122070312,1001.5,11988618
2025-12-14 18:30:00,992.0,1001.7999877929688,992.0,996.0999755859375,9790060
2025-12-15 18:30:00,990.0999755859375,998.7000122070312,990.0999755859375,994.2999877929688,20049088
2025-12-16 18:30:00,996.0,996.0,980.7999877929688,984.0,19080922
2025-12-17 18:30:00,973.2999877929688,987.4000244140625,973.2999877929688,979.7000122070312,14912404
2025-12-18 18:30:00,987.0,988.0,978.7000122070312,985.5,25952384
2025-12-21 18:30:00,988.0,992.9000244140625,983.9000244140625,987.7000122070312,13540411
2025-12-22 18:30:00,990.5,998.9000244140625,987.7000122070312,996.5999755859375,17927849
2025-12-23 18:30:00,993.0,999.4000244140625,993.0,997.2000122070312,13699996
2025-12-25 18:30:00,996.0,997.2000122070312,987.7000122070312,992.0999755859375,9360853
2025-12-28 18:30:00,993.0999755859375,997.4000244140625,987.2000122070312,991.7000122070312,13545749
2025-12-29 18:30:00,990.2000122070312,995.0,982.2000122070312,990.9000244140625,33155849
2025-12-30 18:30:00,991.0,997.5999755859375,987.5999755859375,991.2000122070312,10963454
2025-12-31 18:30:00,993.5,997.5499877929688,989.5,991.1500244140625,7132074
2026-01-01 18:30:00,991.1500244140625,1003.2000122070312,988.7999877929688,1001.5999755859375,11751459
2026-01-04 18:30:00,1005.75,1006.4000244140625,976.2999877929688,977.5,27647379
2026-01-05 18:30:00,962.7000122070312,966.7000122070312,956.0,962.2000122070312,31988783
2026-01-06 18:30:00,956.0,956.4500122070312,946.0,949.0499877929688,52884712
2026-01-07 18:30:00,944.7000122070312,953.0,941.4000244140625,946.7000122070312,21928849
2026-01-08 18:30:00,945.0,950.5999755859375,933.2999877929688,939.0,38183839
2026-01-11 18:30:00,937.5,942.0,929.5999755859375,936.9500122070312,21071666
2026-01-12 18:30:00,947.7000122070312,947.7000122070312,932.5999755859375,937.3499755859375,32042827
2026-01-13 18:30:00,930.0,940.0499877929688,920.2000122070312,925.4500122070312,36688248
2026-01-14 18:30:00,925.4500122070312,925.4500122070312,925.4500122070312,925.4500122070312,0
2026-01-15 18:30:00,922.0,935.9500122070312,919.2000122070312,931.0999755859375,37780235
2026-01-18 18:30:00,935.9000244140625,936.1500244140625,919.5,927.9000244140625,38191942
2026-01-19 18:30:00,929.2999877929688,934.5,919.5999755859375,931.2000122070312,36022727
2026-01-20 18:30:00,925.0,932.1500244140625,915.5,920.3499755859375,32766854
2026-01-21 18:30:00,928.0,928.2999877929688,913.2000122070312,918.7000122070312,44444755
2026-01-22 18:30:00,920.0,926.0999755859375,909.25,916.0999755859375,30985247
2026-01-26 18:30:00,906.0,931.2000122070312,905.0,926.4000244140625,44753093
2026-01-27 18:30:00,932.5,941.4500122070312,928.4000244140625,932.7000122070312,35347138
2026-01-28 18:30:00,930.0999755859375,939.2999877929688,924.3499755859375,935.5,37175628
2026-01-29 18:30:00,930.0,938.9000244140625,927.75,929.25,29691233
2026-02-01 18:30:00,915.0,929.7999877929688,909.2999877929688,928.0999755859375,28032106
2026-02-02 18:30:00,983.75,994.0,945.0,948.7000122070312,50336968
2026-02-03 18:30:00,952.5,957.2000122070312,947.9500122070312,953.0999755859375,24366770
2026-02-04 18:30:00,956.0,956.0499877929688,946.7000122070312,949.7000122070312,28103169
2026-02-05 18:30:00,945.0,948.0999755859375,937.5999755859375,941.0999755859375,18120272
2026-02-08 18:30:00,945.0,950.0,935.3499755859375,937.25,23947829
2026-02-09 18:30:00,930.0,940.9000244140625,929.9500122070312,932.4000244140625,31525385
2026-02-10 18:30:00,931.25,936.0,925.2999877929688,927.0999755859375,24869804
2026-02-11 18:30:00,927.0,928.5999755859375,918.5,920.5999755859375,33872203
2026-02-12 18:30:00,913.0,928.2000122070312,901.0,903.9000244140625,50188359
2026-02-15 18:30:00,903.9000244140625,929.5,902.0999755859375,925.7999877929688,18806989
2026-02-16 18:30:00,923.0,928.0999755859375,918.5999755859375,925.7000122070312,22599629
2026-02-17 18:30:00,923.2000122070312,925.5,919.5499877929688,924.7000122070312,12738702
2026-02-18 18:30:00,929.0,929.2000122070312,912.4500122070312,915.5999755859375,21209234
2026-02-19 18:30:00,911.0,917.8499755859375,908.4000244140625,911.8499755859375,22654907
2026-02-22 18:30:00,916.5,925.6500244140625,915.25,923.5999755859375,23270122
2026-02-23 18:30:00,927.9500122070312,927.9500122070312,909.1500244140625,910.5,31313985
2026-02-24 18:30:00,910.5499877929688,916.0,903.0999755859375,907.5999755859375,27884303
2026-02-25 18:30:00,912.0,912.0,895.0,898.5999755859375,41165937
2026-02-26 18:30:00,898.5999755859375,898.9500122070312,885.0,887.75,34620755
2026-03-01 18:30:00,876.2000122070312,887.75,871.5499877929688,879.4000244140625,38378924
2026-03-03 18:30:00,848.0,879.2999877929688,848.0,868.6500244140625,39862322
2026-03-04 18:30:00,873.8499755859375,881.4000244140625,863.5,877.75,31324582
2026-03-05 18:30:00,868.0499877929688,871.7000122070312,855.0999755859375,857.0499877929688,34439647
2026-03-08 18:30:00,825.0,842.4500122070312,821.5,840.7000122070312,35592613
2026-03-09 18:30:00,850.0499877929688,856.7999877929688,840.5999755859375,849.4500122070312,52866024
2026-03-10 18:30:00,845.0,848.8499755859375,827.5999755859375,833.9500122070312,42261076
2026-03-11 18:30:00,820.0999755859375,836.4000244140625,820.0999755859375,832.75,46107561
2026-03-12 18:30:00,820.0,823.7999877929688,812.0,817.0,41700464
2026-03-15 18:30:00,817.0,844.5,815.6500244140625,840.5999755859375,52182605
2026-03-16 18:30:00,847.7000122070312,848.9000244140625,835.0999755859375,845.3499755859375,38826979
2026-03-17 18:30:00,845.3499755859375,846.7999877929688,831.5999755859375,843.0499877929688,23507063
2026-03-18 18:30:00,770.0,815.6500244140625,770.0,798.2000122070312,171637393
2026-03-19 18:30:00,785.0,793.75,778.2000122070312,780.4500122070312,103129469
2026-03-22 18:30:00,763.1500244140625,768.7000122070312,741.0499877929688,744.1500244140625,72341738
2026-03-23 18:30:00,755.0,772.75,747.7000122070312,764.9000244140625,61269986
2026-03-24 18:30:00,768.2000122070312,794.7999877929688,768.2000122070312,782.2999877929688,59230640
2026-03-26 18:30:00,773.2000122070312,774.9000244140625,754.5499877929688,756.2000122070312,65485199
2026-03-29 18:30:00,745.2000122070312,751.0,726.6500244140625,731.5499877929688,103500135
2026-03-31 18:30:00,743.0,755.9000244140625,739.0999755859375,742.25,78862761
2026-04-01 18:30:00,730.0,755.0,726.6500244140625,750.9000244140625,49310300
2026-04-05 18:30:00,759.0,772.75,745.0,771.0,42976659
2026-04-06 18:30:00,766.0,774.0,761.0,772.0,51309793
2026-04-07 18:30:00,800.0,817.7999877929688,796.0,816.0999755859375,70269512
2026-04-08 18:30:00,815.0,819.0,793.0999755859375,797.7000122070312,48879392
2026-04-09 18:30:00,804.0,812.25,801.0,810.2999877929688,38156026
2026-04-12 18:30:00,791.5,798.5,787.3499755859375,794.7000122070312,47549328
2026-04-14 18:30:00,804.9500122070312,814.7999877929688,804.0,809.9000244140625,39769515
2026-04-15 18:30:00,818.0,820.0499877929688,792.2000122070312,795.4500122070312,62861293
2026-04-16 18:30:00,790.0999755859375,803.9500122070312,788.2000122070312,799.9000244140625,37282544
2026-04-19 18:30:00,797.0999755859375,809.9500122070312,790.0,795.4500122070312,52148044
2026-04-20 18:30:00,795.2000122070312,814.9000244140625,795.2000122070312,811.75,49135752
2026-04-21 18:30:00,810.0,813.0499877929688,798.0,799.9000244140625,23876412
2026-04-22 18:30:00,792.0,796.6500244140625,782.5,784.3499755859375,37677616
2026-04-23 18:30:00,777.2999877929688,787.5999755859375,777.0,784.8499755859375,27720358
2026-04-26 18:30:00,787.5,793.0,785.0,789.7999877929688,18115375
2026-04-27 18:30:00,785.0,794.5,778.2999877929688,782.5499877929688,35366803
2026-04-28 18:30:00,785.5,790.0,777.3499755859375,779.0,25799963
2026-04-29 18:30:00,770.0,778.7999877929688,762.25,771.7000122070312,47998755
2026-04-30 18:30:00,771.7000122070312,771.7000122070312,771.7000122070312,771.7000122070312,0
2026-05-03 18:30:00,772.5999755859375,786.5999755859375,772.5999755859375,779.4000244140625,29028060
2026-05-04 18:30:00,774.4000244140625,775.25,763.7000122070312,766.2000122070312,14695619
