Date,Open,High,Low,Close,Volume
2021-04-07 04:00:00,237.7884540717137,240.7822752368662,237.1935318252326,239.7939300537109,22719800
2021-04-08 04:00:00,242.5478841197472,243.8624760860077,241.8090191282854,243.0084686279297,23625200
2021-04-09 04:00:00,242.6438132210316,245.63764890551167,242.2312096519117,245.50331115722656,24326800
2021-04-12 04:00:00,244.40945962367468,247.2497628012072,244.32308812226344,245.56092834472656,27148700
2021-04-13 04:00:00,246.8562900795364,248.70823291456196,246.44365723287845,248.0365295410156,23837500
2021-04-14 04:00:00,247.06741162139323,248.3627936298528,244.84122636397595,245.2538299560547,23070900
2021-04-15 04:00:00,247.49925190992008,249.41837150777957,247.3073575201988,249.0057678222656,25627500
2021-04-16 04:00:00,248.97689614166003,250.4450209552328,247.1825246232301,250.19552612304688,24878600
2021-04-19 04:00:00,249.6678012814357,250.9056412984342,247.3936498367076,248.27642822265625,23209300
2021-04-20 04:00:00,247.39363315922765,249.6773894161858,246.4532543230003,247.8158416748047,19722900
2021-04-21 04:00:00,248.4683905453081,250.13801504914483,246.84673231299664,250.04205322265625,24030400
2021-04-22 04:00:00,249.6869986347857,251.19351425483055,245.3018188182032,246.76995849609372,25606200
2021-04-23 04:00:00,247.45123983804805,250.9344459488836,246.86589324164044,250.5889892578125,21462600
2021-04-26 04:00:00,251.07836035908596,251.82681565162977,249.64862597185797,250.9727935791016,19763300
2021-04-27 04:00:00,251.0016273911271,252.5465338213757,249.6006783506297,251.37586975097656,31014200
2021-04-28 04:00:00,245.72400771033827,246.1654262072266,242.72059614037644,244.26548767089844,46903100
2021-04-29 04:00:00,245.1290981102082,245.7432156591493,238.93033674663465,242.2983856201172,40589000
2021-04-30 04:00:00,239.64042208199547,242.84534766283653,239.50608432237087,241.9817352294922,30945100
2021-05-03 04:00:00,243.15238261393085,244.06397589418296,240.96458802475905,241.67466735839844,19626600
2021-05-04 04:00:00,240.82069451117363,241.05099410582292,235.82138212667076,237.769287109375,32756100
2021-05-05 04:00:00,238.98791087136087,239.41011943668963,235.87894714797247,236.50265502929688,21901300
2021-05-06 04:00:00,236.48347435623583,239.7555762980852,234.79465463224184,239.63082885742188,26491100
2021-05-07 04:00:00,241.95295146590863,244.0160134266029,241.01258714133365,242.25042724609372,27032900
2021-05-10 04:00:00,240.72472211515404,241.5499439909269,237.126373466444,237.18394470214844,29299900
2021-05-11 04:00:00,234.66028588552803,236.62738584949687,232.76036211665323,236.2723388671875,33641600
2021-05-12 04:00:00,232.37654952810317,234.49718271340848,228.44236390313688,229.33474731445312,36684400
2021-05-13 04:00:00,232.02152794835035,235.66785757262463,231.65689059340735,233.2017822265625,29624300
2021-05-14 04:00:00,235.64867004930943,239.10307614273847,235.5623131913605,238.1147308349609,23901100
2021-05-17 04:00:00,236.57940755176028,236.61778349101087,233.67194331645007,235.26480102539065,24970200
2021-05-18 04:00:00,236.3107843298703,236.4451221095413,233.07705800782196,233.24978637695312,20168000
2021-05-19 04:00:00,230.16246611695863,233.93262388279757,229.479613808698,233.8268280029297,25739800
2021-05-20 04:00:00,234.63470174976987,238.472175691657,234.53851835238595,237.0583648681641,21800700
2021-05-21 04:00:00,238.10673157029987,238.8376755565684,235.3849055558589,235.7984619140625,21863100
2021-05-24 04:00:00,238.3183170668216,241.5595101055293,238.04902113207515,241.19403076171875,21411500
2021-05-25 04:00:00,242.14615993513493,243.08869557539975,241.2324763784631,242.0980682373047,17704300
2021-05-26 04:00:00,241.819173240438,243.2714634355035,241.16517303578055,241.87689208984372,17771600
2021-05-27 04:00:00,241.56911515709092,241.86726317029425,239.72250822888856,239.78021240234372,24426200
2021-05-28 04:00:00,241.405628469254,242.4443476755237,240.020669527561,240.13607788085935,18270200
2021-06-01 04:00:00,241.6267925053752,241.68449667242413,237.5200227447864,237.9431915283203,23213300
2021-06-02 04:00:00,238.64532119633685,239.7417445032834,236.4428474366505,237.8470458984375,19406700
2021-06-03 04:00:00,235.84653488909663,236.9237185044888,233.7113925974972,236.31781005859372,25307700
2021-06-04 04:00:00,238.2894353899083,242.0307405997001,238.0489915726324,241.20361328125,25281100
2021-06-07 04:00:00,240.42459870903608,244.3774959981243,240.2610986600382,244.1082000732422,23079200
2021-06-08 04:00:00,245.4065828203416,246.2240976747325,242.857869534934,242.91558837890625,22455000
2021-06-09 04:00:00,244.10818292342643,245.76243758892676,243.53112655730328,243.89659118652344,17937600
2021-06-10 04:00:00,244.5698547989428,247.6186809909333,243.973558759814,247.40708923339844,24563600
2021-06-11 04:00:00,248.12845692756477,248.6093446874002,246.80120201424933,248.0323028564453,18999700
2021-06-14 04:00:00,248.0418879198391,250.0135452445864,246.98392903229885,249.95584106445312,19150500
2021-06-15 04:00:00,249.8403442855341,250.05193601301733,247.8302375499688,248.48423767089844,18038900
2021-06-16 04:00:00,249.4845237170654,250.6194116030859,244.6948865103124,247.541748046875,27220000
2021-06-17 04:00:00,246.28186792234425,251.74474590869687,246.22416373841557,250.9272308349609,27565500
2021-06-18 04:00:00,249.70574877610207,252.2736726264324,248.85938173817627,249.5133819580078,37202200
2021-06-21 04:00:00,249.88847807213403,253.4470292506753,248.0611107803367,252.591064453125,26696100
2021-06-22 04:00:00,252.67760068633092,255.6302578162363,252.36982555497457,255.3609619140625,24694100
2021-06-23 04:00:00,255.82265225379285,256.6305401403005,254.3222848429845,255.1301727294922,19518700
2021-06-24 04:00:00,255.98614034624336,257.61154309721616,255.32251298159505,256.4958801269531,21446900
2021-06-25 04:00:00,256.053402213252,257.03440227482747,254.63959160480792,254.8896331787109,25611100
2021-06-28 04:00:00,256.0149822485252,258.6213852234761,255.74568632511017,258.4482727050781,19590000
2021-06-29 04:00:00,258.59252746788644,261.26626170283777,257.7365626894256,261.0258178710937,19937800
2021-06-30 04:00:00,260.3429572810892,260.9873302929651,259.2946257303389,260.544921875,21656500
2021-07-01 04:00:00,259.3042174129385,261.44898683933064,259.2946196189184,261.2181701660156,16725300
2021-07-02 04:00:00,262.3915641354273,267.3735535200733,262.0837889720143,267.03692626953125,26458000
2021-07-06 04:00:00,267.4024220376937,268.69119759373734,263.8149891119284,267.04656982421875,31565600
2021-07-07 04:00:00,268.7200270839339,269.960725504487,266.5560325451121,269.2297668457031,23260000
2021-07-08 04:00:00,266.31559288844903,268.0756582442465,264.36319007014714,266.81573486328125,24618600
2021-07-09 04:00:00,265.1807143722743,267.4216381390511,264.7960100826157,267.3158569335937,23916700
2021-07-12 04:00:00,268.48920655469243,269.0758754216596,266.0078097490521,266.71954345703125,18931700
2021-07-13 04:00:00,266.9119207635317,272.0382005108351,266.7869146059644,270.2396850585937,26120100
2021-07-14 04:00:00,271.557263551942,272.8171868548692,269.82605039030216,271.7111511230469,23113700
2021-07-15 04:00:00,271.22061234748406,271.71112710257626,269.1335472032558,270.2876892089844,22604200
2021-07-16 04:00:00,271.287983138038,273.24038594694457,268.77773418312665,270.0184326171875,26186800
2021-07-19 04:00:00,268.2679788683728,269.6529376561164,263.9592442852176,266.42138671875,32935600
2021-07-20 04:00:00,267.4024592613804,270.2300817716066,265.7001270770854,268.6431579589844,26259700
2021-07-21 04:00:00,268.23914676268924,270.758993554144,266.69070249429734,270.6435852050781,24364300
2021-07-22 04:00:00,272.99026155226005,275.4716579349154,272.58633241623176,275.2023620605469,23384100
2021-07-23 04:00:00,276.38534199654606,278.9051883924715,275.5486022461029,278.5974426269531,22768100
2021-07-26 04:00:00,277.953082639768,278.616709994847,275.6833068492784,278.00115966796875,23176100
2021-07-27 04:00:00,278.3667049429417,278.5109654127703,272.1344178378483,275.5871887207031,33604100
2021-07-28 04:00:00,277.94340359284985,279.0590663386957,272.98064007555604,275.279296875,33566900
2021-07-29 04:00:00,275.2985435397369,277.5875733755724,275.1446559746078,275.5486145019531,18168300
2021-07-30 04:00:00,274.26954124538486,275.70257739504893,273.05769468329794,274.0194702148437,20944800
2021-08-02 04:00:00,275.41397422948273,275.8083056438092,272.89412751695914,273.932861328125,16267400
2021-08-03 04:00:00,274.50992752859145,276.2507385273349,273.1441936458983,276.1449279785156,17879000
2021-08-04 04:00:00,275.2793045071055,276.59693186168965,273.76931036819576,275.5582275390625,16191300
2021-08-05 04:00:00,275.91411439860224,278.558996585167,275.1639308070006,278.45318603515625,13900200
2021-08-06 04:00:00,277.4818691818495,278.4340175698008,276.6258748666149,278.3955383300781,16589300
2021-08-09 04:00:00,278.6744499389659,280.4056340911744,276.8086031288222,277.3087158203125,16117600
2021-08-10 04:00:00,277.7606812698353,278.1934918740184,274.29831384057627,275.49090576171875,18616600
2021-08-11 04:00:00,276.23145639673766,277.6260422247308,274.93305396223553,275.9814147949219,13955900
2021-08-12 04:00:00,275.6736177116659,278.88594321117694,275.3946946980805,278.7320556640625,14561300
2021-08-13 04:00:00,278.41470593926334,281.70396081045175,278.2415640899501,281.6558837890625,18249000
2021-08-16 04:00:00,281.98297377292107,283.5506726040288,278.9341323874401,283.3390808105469,22507600
2021-08-17 04:00:00,281.21350772659866,282.2137329544662,279.9535550193779,281.8771057128906,20075300
2021-08-18 04:00:00,281.4145875343293,284.09344038644264,279.7089674078397,280.1522521972656,21813000
2021-08-19 04:00:00,278.1864346679161,286.6469859033091,278.1382656084222,285.9724426269531,29850500
2021-08-20 04:00:00,288.81512041303324,294.71244831740665,287.21551359465093,293.2862854003906,40817600
2021-08-23 04:00:00,292.21673851879405,294.2885083597371,290.8676811391506,293.5657958984375,22830200
2021-08-24 04:00:00,293.92235436740765,294.52943759174974,291.0122425287296,291.60968017578125,18175800
2021-08-25 04:00:00,293.2285728625707,293.50802996134405,289.4897644777505,291.0219116210937,20006100
2021-08-26 04:00:00,290.0389651127222,291.42657543670686,288.0732083264492,288.2080993652344,17666100
2021-08-27 04:00:00,288.11179568731205,289.9234000900662,286.03037973992974,288.81524658203125,22605700
2021-08-30 04:00:00,290.164147470794,293.15136400495606,290.1063328429978,292.5442810058594,16348100
2021-08-31 04:00:00,293.3441394842218,293.42121586283224,290.53036644546444,290.89654541015625,26285300
2021-09-01 04:00:00,291.85046631284814,294.0860632037204,290.52067110349765,290.8482971191406,18983800
2021-09-02 04:00:00,291.20496087003505,292.3227302959744,289.2584364332611,290.1931457519531,16285600
2021-09-03 04:00:00,290.0389056864893,291.5903434617449,289.33548449908074,290.1834716796875,14747900
2021-09-07 04:00:00,290.05824109463697,290.13531748316177,287.3504808113143,289.2584228515625,17180400
2021-09-08 04:00:00,288.8729444557402,289.67273318736136,286.6469927606512,289.28729248046875,15046800
2021-09-09 04:00:00,289.87511543646343,291.1470962428215,286.1940934395369,286.4349975585937,19927000
2021-09-10 04:00:00,287.5624411048134,289.007865815786,284.6330387898814,284.9510192871094,19633400
2021-09-13 04:00:00,286.7241016921292,287.6781021035082,283.38035098235275,286.1844787597656,23652900
2021-09-14 04:00:00,288.66098698942704,290.4244218394307,287.25411498430714,288.88262939453125,21853400
2021-09-15 04:00:00,292.2263443776221,294.211391982283,290.8387342879429,293.7295837402344,28356300
2021-09-16 04:00:00,292.7081185652996,294.20171217898536,289.8172694493365,294.114990234375,19550800
2021-09-17 04:00:00,293.103255033234,293.4212355512948,288.6320601855472,288.9596862792969,41372500
2021-09-20 04:00:00,285.5484866618961,287.8515443910694,278.98626014030367,283.59234619140625,38278700
2021-09-21 04:00:00,284.93179059163447,286.7144871567123,283.3707364278861,284.0741577148437,22364100
2021-09-22 04:00:00,285.93388603812656,289.2968976412769,283.7946565953916,287.716552734375,26626300
2021-09-23 04:00:00,287.9768206871402,289.9522229123692,286.70483974436394,288.6609802246094,18604600
2021-09-24 04:00:00,287.3794027439531,288.8922585277224,286.12668346058666,288.4586486816406,14999000
2021-09-27 04:00:00,285.3654278881508,285.68340842010866,282.2818430717225,283.46710205078125,23571700
2021-09-28 04:00:00,279.2560390156346,280.20039373530875,272.4625547192188,273.2045288085937,43186200
2021-09-29 04:00:00,274.7270983987107,276.3363216518175,272.7131432346265,273.6671142578125,26353700
2021-09-30 04:00:00,275.3148661791945,277.35772848518707,271.3736781629652,271.66278076171875,32343600
2021-10-01 04:00:00,271.855518825413,279.42956082549745,271.055729962069,278.5815734863281,30086300
2021-10-04 04:00:00,276.9434021661116,277.28067385415983,270.0535494270314,272.8094787597656,31350700
2021-10-05 04:00:00,273.7152814419423,279.83425268811834,273.7152814419423,278.2539367675781,24993000
2021-10-06 04:00:00,275.382351437471,282.9467476472076,275.12218554145016,282.4456481933594,28002600
2021-10-07 04:00:00,284.4402643887922,285.8471654194184,283.22612779643686,284.1222839355469,20430500
2021-10-08 04:00:00,285.44243361714194,285.8471654194184,283.0719456530571,284.1222839355469,17685700
2021-10-11 04:00:00,282.26259742313226,287.12884966284184,282.0987696561335,283.5249328613281,19298600
2021-10-12 04:00:00,284.5944565534147,284.690824072325,281.71325300359666,282.2239685058594,17974100
2021-10-13 04:00:00,284.18014809161934,286.46391451193523,282.81179971016536,285.5292053222656,23416300
2021-10-14 04:00:00,288.32368317323034,292.2359637895139,286.9938877052562,291.7348937988281,27262900
2021-10-15 04:00:00,291.33982641094127,293.3730726386509,289.5860372188823,293.14178466796875,25384800
2021-10-18 04:00:00,292.52511657650416,296.9962825877865,291.6771292104213,296.1097717285156,22729300
2021-10-19 04:00:00,297.1311627256362,298.046580784232,296.04227134224186,297.0155334472656,17682100
2021-10-20 04:00:00,297.95983967544254,298.4320317414315,294.9726227448066,296.225341796875,16537100
2021-10-21 04:00:00,295.9940811288246,299.70398097618084,295.21352474111114,299.4534606933594,16918100
2021-10-22 04:00:00,299.10655718444485,299.7714549252828,296.6011483907177,297.91168212890625,17449300
2021-10-25 04:00:00,298.10438841823645,298.14294131253496,295.309906430058,296.9191589355469,17554500
2021-10-26 04:00:00,299.68472017039693,301.03377733794736,297.3720465392761,298.8270874023437,28107300
2021-10-27 04:00:00,304.502813553064,314.2353460702273,304.502813553064,311.4119567871094,52588700
2021-10-28 04:00:00,312.5297200802306,313.05008121355974,309.6677779577822,312.54901123046875,26297900
2021-10-29 04:00:00,312.33702609856846,319.9206833758431,312.115383713237,319.55450439453125,34766000
2021-11-01 04:00:00,319.30400131110804,319.429276181663,314.49556360355314,317.38641357421875,27073200
2021-11-02 04:00:00,318.29214656107087,321.31791632302634,317.99342781479373,321.0095520019531,26487100
2021-11-03 04:00:00,321.7515938792344,322.7152105302098,318.6198397635644,321.84796142578125,21500100
2021-11-04 04:00:00,320.7783608861972,324.2955557789169,317.52133190249214,324.1991882324219,23992200
2021-11-05 04:00:00,326.1938496188393,326.4636610780947,322.2526614356384,323.8329772949219,22570100
2021-11-08 05:00:00,325.0278142034985,325.3650858397293,322.27188529417714,324.7290954589844,20897000
2021-11-09 05:00:00,324.84472843590123,326.39616621738094,322.35861092573055,323.7269592285156,21307400
2021-11-10 05:00:00,322.3972273444752,322.4550419904824,317.9164158354432,318.7643737792969,25500900
2021-11-11 05:00:00,319.198022393328,321.6263258185868,318.48495546682875,320.3350830078125,16849800
2021-11-12 05:00:00,321.77084906481406,324.96041747042767,321.6455742090313,324.4689636230469,23831000
2021-11-15 05:00:00,325.25913835367027,325.5867644516325,321.87683485459274,323.8426208496094,16723000
2021-11-16 05:00:00,323.4667726030353,328.27523883002146,323.3029742696654,327.1574401855469,20886800
2021-11-17 05:00:00,327.2057248474174,330.34320817217764,326.2982657750648,327.3794860839844,19053400
2021-11-18 05:00:00,326.4720587629754,330.5942484179435,325.4487587667228,329.455078125,22463500
2021-11-19 05:00:00,330.7775927153273,333.15241765352346,330.3528234468968,331.2312927246094,21963400
2021-11-22 05:00:00,332.6890561129603,337.5642399354129,327.7945753077866,328.0648803710937,31031100
2021-11-23 05:00:00,325.381155553639,327.69808997134413,322.0119904551096,325.9893493652344,30427600
2021-11-24 05:00:00,324.63782194134853,326.4527401422848,322.34987720586537,326.2113952636719,21661300
2021-11-26 05:00:00,322.77463147147154,326.23067700890783,316.7603067714065,318.26629638671875,24217200
2021-11-29 05:00:00,323.3441231917317,327.292520725896,323.15103556039844,324.9756164550781,28563500
2021-11-30 05:00:00,323.71106155688426,326.0858868817991,317.6001928133879,319.1448059082031,42885600
2021-12-01 05:00:00,323.5276501773053,327.5339693788618,317.9863810414146,318.6524658203125,33337600
2021-12-02 05:00:00,318.864840789436,321.94440378728416,316.4513920112506,318.0828857421875,30766000
2021-12-03 05:00:00,320.4962976310111,321.1817382170732,307.0196094538932,311.82720947265625,41779300
2021-12-06 05:00:00,312.73465439503434,316.11348214356707,308.17806265285725,314.8970947265625,30032600
2021-12-07 05:00:00,320.1585374557871,324.1744910771266,318.67184447052034,323.3249816894531,31021900
2021-12-08 05:00:00,323.7013638880352,323.88478833070934,319.3474933714662,323.3731384277344,24761000
2021-12-09 05:00:00,322.83254633757906,324.84052263649073,320.62181914163386,321.5679016113281,22214200
2021-12-10 05:00:00,323.3827950413509,331.12512705634384,323.1993706024248,330.6810607910156,38095700
2021-12-13 05:00:00,328.8854647941473,331.8878102110468,327.3408517779993,327.6497802734375,28899400
2021-12-14 05:00:00,321.68377419361184,323.05462611476247,312.8891511907512,316.97271728515625,44438700
2021-12-15 05:00:00,317.23333915012444,323.5855526741377,313.2656435990005,323.0642395019531,35381100
2021-12-16 05:00:00,324.08757603047445,325.10124228323565,311.83690659632845,313.6518249511719,35034800
2021-12-17 05:00:00,309.77092210537467,313.6710628222482,306.2665904465463,312.5898132324219,47750300
2021-12-20 05:00:00,308.9696714904224,311.62446489459614,306.5755493846343,308.83453369140625,28326500
2021-12-21 05:00:00,312.09752764718075,316.38381472096694,308.7283333654757,315.95904541015625,24740600
2021-12-22 05:00:00,316.9341062072316,322.0602694505174,314.4724000480661,321.6644897460937,24831500
2021-12-23 05:00:00,321.22994510319114,324.7439397108317,321.21064812418444,323.102783203125,19617800
2021-12-27 05:00:00,323.8462152014172,330.6231984892731,323.8172549933941,330.59423828125,19947000
2021-12-28 05:00:00,331.2700063774219,331.90716045361296,328.53799505142064,329.435791015625,15661500
2021-12-29 05:00:00,329.4839910257525,332.38012934520907,327.9200810470128,330.11151123046875,15042000
2021-12-30 05:00:00,330.0729001077908,331.25066424671456,327.0898810628788,327.57257080078125,15994500
2021-12-31 05:00:00,326.7906054612649,327.6111544209489,324.2226926014007,324.6764221191406,18000800
2022-01-03 05:00:00,323.7400307283668,326.2982805863168,318.3628596847403,323.1607971191406,28865100
2022-01-04 05:00:00,323.2380239826921,323.5952391659229,314.8295762935604,317.6195373535156,32674300
2022-01-05 05:00:00,314.578473360559,314.7812242182904,305.04055096329466,305.4266967773437,40054300
2022-01-06 05:00:00,302.3085376148828,307.6664106849742,300.7060043582687,303.0132751464844,39646100
2022-01-07 05:00:00,303.27396324795524,305.5426109592931,299.35452484498177,303.16778564453125,32720000
2022-01-10 05:00:00,298.77531830555176,303.824264140596,294.1415080824136,303.38983154296875,44289500
2022-01-11 05:00:00,302.53064320042563,305.6488002414314,299.1614780529444,304.07525634765625,29386800
2022-01-12 05:00:00,308.602867078053,312.21337685592107,306.1025083336208,307.2513122558594,34372200
2022-01-13 05:00:00,309.37515937724777,309.7709684945666,293.4753583562799,294.2476501464844,45366000
2022-01-14 05:00:00,293.71664437204527,300.0591932784357,293.233954734622,299.4606628417969,39846400
2022-01-18 05:00:00,293.5429710843101,299.0745771307378,291.2936202020948,292.172119140625,42333200
2022-01-19 05:00:00,295.68612760781065,303.0423154877073,292.2204183595071,292.8285827636719,45933900
2022-01-20 05:00:00,298.369770370206,300.86043585984567,290.7143200267884,291.15838623046875,35380700
2022-01-21 05:00:00,292.2106800557735,293.58150224513423,285.37577770702404,285.78125,57984400
2022-01-24 05:00:00,282.0838813437784,286.82386842126607,266.49297997417904,286.1094970703125,85731500
2022-01-25 05:00:00,281.4273871708722,284.77725480885573,275.2972516566814,278.5022888183594,72848600
2022-01-26 05:00:00,297.3272871136232,297.81964019269344,282.88521491771667,286.43780517578125,90428900
2022-01-27 05:00:00,292.18175832051594,296.6611038089516,287.6155027527548,289.4593811035156,53481300
2022-01-28 05:00:00,289.83586478628683,297.80024475160536,284.2559730920568,297.5878601074219,49743700
2022-01-31 05:00:00,298.25399547736595,301.5652399492526,295.76329997634053,300.2137145996094,46444500
2022-02-01 05:00:00,299.66345745868625,299.875842129487,294.5662548205134,298.0705871582031,40950400
2022-02-02 05:00:00,298.9104284628024,304.21035194352163,298.1863939124947,302.6078186035156,36636000
2022-02-03 05:00:00,298.7752738080084,300.4550540690847,289.57520891247447,290.820556640625,43730000
2022-02-04 05:00:00,289.8166003905514,298.10920758842764,289.584918714947,295.3482360839844,35096500
2022-02-07 05:00:00,295.57025756283554,297.1824248464775,289.5173091795903,290.5309753417969,28533300
2022-02-08 05:00:00,290.8205570951065,294.9813401359987,289.5655756040924,294.0159606933594,32421200
2022-02-09 05:00:00,299.1421250545375,301.1308043619736,296.7480028768317,300.43572998046875,31284700
2022-02-10 05:00:00,293.5140327543915,298.4181483420068,290.2896683057425,291.9114990234375,45386200
2022-02-11 05:00:00,292.6933667977203,293.7552899724405,284.0339128700643,284.8255310058594,39175600
2022-02-14 05:00:00,283.599498987924,286.4860034605709,281.263297311286,284.78692626953125,36359500
2022-02-15 05:00:00,289.62353008877903,290.3861587262389,286.7370251821731,290.0675964355469,27058300
2022-02-16 05:00:00,288.635864710569,291.0543038082839,284.09887060149885,289.72900390625,29982100
2022-02-17 05:00:00,286.69147920261867,287.11712691828404,280.53898325758263,281.24517822265625,32461600
2022-02-18 05:00:00,283.4894271936835,284.2729991216109,276.9693246500047,278.5364685058594,34264000
2022-02-22 05:00:00,275.702080365006,282.02872584374245,275.2183925047165,278.3333435058594,41736100
2022-02-23 05:00:00,280.71310149282795,282.1835315973032,270.9619664555194,271.1264038085937,37811200
2022-02-24 05:00:00,263.6195740429497,285.5306287899003,262.6618519792794,284.9792175292969,56989700
2022-02-25 05:00:00,285.51128484773926,287.92004094921725,282.1351235020053,287.6104736328125,32546700
2022-02-28 05:00:00,284.7083218045915,289.38076267083534,283.44106207991604,289.04217529296875,34627500
2022-03-01 05:00:00,286.7301612299099,290.1836996804629,282.61881436647946,285.3274841308594,31217800
2022-03-02 05:00:00,285.72410373736466,291.63478526029775,284.11828587959104,290.39654541015625,31873000
2022-03-03 05:00:00,293.0084173965025,293.2405780996094,284.4567908872236,286.26580810546875,27314500
2022-03-04 05:00:00,284.6889072106973,286.0142067501704,277.80119926818253,280.4034118652344,32356500
2022-03-07 05:00:00,279.1169100246889,280.23906938127266,269.4431530078945,269.8107604980469,43157200
2022-03-08 05:00:00,268.736920057862,274.6959570788936,261.1914024621827,266.8505554199219,48159500
2022-03-09 05:00:00,274.1929719241488,280.1520098038728,271.6197490086795,279.087890625,35204500
2022-03-10 05:00:00,273.7866039875139,277.2498248174681,271.4262054005378,276.27276611328125,30628000
2022-03-11 05:00:00,278.56546999148014,280.0649198872489,270.31375729009164,270.9328918457031,27209300
2022-03-14 04:00:00,271.19411574307355,276.08903470394495,266.821587956301,267.4213562011719,30660700
2022-03-15 04:00:00,271.2037487581612,278.4300454950149,269.63660504784883,277.7818908691406,34245100
2022-03-16 04:00:00,279.67790429313914,284.9597955458749,273.9607413197424,284.7856750488281,37826300
2022-03-17 04:00:00,283.7216255602985,285.9659147336933,279.92949985014275,285.5886535644531,30816600
2022-03-18 04:00:00,285.7337136336589,291.1800427447232,283.17985751382827,290.6286315917969,43390600
2022-03-21 04:00:00,289.1389046674614,290.3481241566419,285.27905598306444,289.40008544921875,28351200
2022-03-22 04:00:00,290.0191385086085,295.0495024910076,289.0227430089433,294.1401672363281,27599700
2022-03-23 04:00:00,290.7060412894904,293.3373040144488,288.0070551895243,289.71929931640625,25715400
2022-03-24 04:00:00,289.3807798917864,294.2756985521243,288.5875247357409,294.178955078125,24484500
2022-03-25 04:00:00,295.2720634104139,295.533244193088,289.52585001590114,293.7726135253906,22566500
2022-03-28 04:00:00,294.401361618458,300.66028204395406,294.401361618458,300.5635681152344,29578200
2022-03-29 04:00:00,303.66890108993795,305.51659216822173,298.967439967182,305.1199645996094,30393400
2022-03-30 04:00:00,303.52379996649006,305.6423550476428,301.41489856711223,303.6205139160156,28163600
2022-03-31 04:00:00,303.6591822316137,304.8587480003614,297.8452751937795,298.2515563964844,33422100
2022-04-01 04:00:00,299.2770224362612,300.0122374321194,295.5719864101128,299.3254089355469,27110500
2022-04-04 04:00:00,299.9734475006185,304.82966159533413,299.60584010885947,304.6942443847656,24289600
2022-04-05 04:00:00,303.0498365279918,304.5976438670888,299.7607643836416,300.7378234863281,23156700
2022-04-06 04:00:00,295.23337365440614,296.98432119939486,287.03001760705087,289.72900390625,40110400
2022-04-07 04:00:00,286.9816633477329,293.7436096818607,286.6817792585373,291.5379943847656,31411200
2022-04-08 04:00:00,290.6383190722913,291.2961273756615,286.6140331520905,287.2815246582031,24361900
2022-04-11 04:00:00,282.27054447193905,283.0637700550185,275.70205565183903,275.9535827636719,34569300
2022-04-12 04:00:00,279.80375250936805,281.2548161345049,271.33921469606946,272.8580017089844,30966700
2022-04-13 04:00:00,273.5061508141746,279.1652752180004,272.12278108336227,278.2366027832031,21907200
2022-04-14 04:00:00,278.6912463967013,278.9040702197633,270.2073726066549,270.7007141113281,28221600
2022-04-18 04:00:00,269.81076436616644,273.24493634757675,269.25935312303267,271.36822509765625,20778000
2022-04-19 04:00:00,270.2653417122523,276.83382888939354,269.3269864012321,275.9921875,22297700
2022-04-20 04:00:00,279.9585306840921,280.2487611166092,276.0600076685243,277.0177001953125,22906700
2022-04-21 04:00:00,279.1652405373938,283.73125459736195,270.9232109682988,271.64874267578125,29454600
2022-04-22 04:00:00,272.4903213915854,273.960751032886,264.46111662000084,265.08990478515625,29405800
2022-04-25 04:00:00,264.37411220746367,271.93896771296136,261.9363065596579,271.56170654296875,35678900
2022-04-26 04:00:00,268.4467290276918,269.2786578732366,261.1914120269434,261.4042358398437,46518400
2022-04-27 04:00:00,272.89664665414017,281.47726299922044,270.05256019523966,273.9801025390625,63477700
2022-04-28 04:00:00,275.8859098295286,281.4870240399214,272.2775874275233,280.1810607910156,33646600
2022-04-29 04:00:00,279.1942245202134,280.4228102800614,267.47932156887543,268.4660339355469,37073900
2022-05-02 04:00:00,268.64986271938767,275.6439987559044,267.2084825593842,275.1893310546875,35151100
2022-05-03 04:00:00,274.69596890447576,274.8604357472129,271.01027020615345,272.58709716796875,25978600
2022-05-04 04:00:00,273.3706425590282,281.3901938245139,267.7018362258143,280.5195617675781,33599300
2022-05-05 04:00:00,276.22447589864737,277.00804788297944,265.3898558476399,268.3016662597656,43260400
2022-05-06 04:00:00,265.8445279493737,270.13967864846,262.4200095223799,265.76715087890625,37780300
2022-05-09 04:00:00,261.24947149546875,263.47442373123533,254.7293689162889,255.9482421875,47726000
2022-05-10 04:00:00,262.8262881528178,264.8190795955056,256.42226618437826,260.7077331542969,39336400
2022-05-11 04:00:00,257.0123704889284,262.50705741382524,250.8405087610353,252.0497283935547,48975900
2022-05-12 04:00:00,249.28301874671405,251.40157365565184,241.8632497249368,247.0193634033203,51033800
2022-05-13 04:00:00,248.9541244948476,254.4584941959466,247.0193732332159,252.6011199951172,34925100
2022-05-16 04:00:00,251.47895279178755,257.147789161054,247.43532986774056,252.96871948242188,32550900
2022-05-17 04:00:00,257.4282849486114,259.5758597796513,253.89737021197143,258.1151428222656,28828800
2022-05-18 04:00:00,255.01235236440064,255.5941355122733,245.0930547402276,246.3632659912109,31356000
2022-05-19 04:00:00,246.18872524247453,249.8442444423532,244.23008588747544,245.45181274414065,32692300
2022-05-20 04:00:00,249.4272747226564,250.6878097739671,238.9552967079481,244.8894195556641,39199300
2022-05-23 04:00:00,247.7304758561138,253.55793981579865,245.73302803213775,252.73374938964844,33175400
2022-05-24 04:00:00,250.05759219663736,253.39308813535808,245.80090744599767,251.7350311279297,29043900
2022-05-25 04:00:00,250.2999718413976,256.5443535711688,249.32063736572647,254.5469207763672,28547900
2022-05-26 04:00:00,254.3045527743794,258.9975529486111,253.4900680754524,257.8243103027344,25002100
2022-05-27 04:00:00,260.32593257304654,265.0383140061704,259.43386111985046,264.9413452148437,26910800
2022-05-31 04:00:00,264.25290403889915,266.4248628217989,260.76223485872504,263.6129455566406,37827700
2022-06-01 04:00:00,266.8418065995908,269.2561723811449,261.8385193968928,264.146240234375,25292200
2022-06-02 04:00:00,256.4183467798957,266.3085427385452,253.6548987948604,266.2406616210937,44008200
2022-06-03 04:00:00,262.10032291361057,265.14497113506803,260.25803436231683,261.8191223144531,28059000
2022-06-06 04:00:00,263.79720697367605,265.85281527967646,259.10420716791305,260.5877380371094,22400300
2022-06-07 04:00:00,258.54180604342474,264.8346867223125,257.86305412954965,264.22381591796875,22860700
2022-06-08 04:00:00,263.45777093192714,264.708600074824,261.42154501320846,262.197265625,17372300
2022-06-09 04:00:00,259.6471661169816,264.4274283960142,256.59284170053377,256.7479858398437,26439700
2022-06-10 04:00:00,252.66584504493977,252.66584504493977,244.86034549346968,245.30638122558597,31422800
2022-06-13 04:00:00,237.66570001230667,241.45695191998857,234.1944273628666,234.9022521972656,46135800
2022-06-14 04:00:00,236.453643375638,238.27654997365488,234.17501012811692,237.06451416015625,28651500
2022-06-15 04:00:00,240.76850759523,247.5462177447153,238.9359098872212,244.1137237548828,33111700
2022-06-16 04:00:00,238.5092880231499,239.9055558620673,235.639195061252,237.52996826171875,33169200
2022-06-17 04:00:00,237.26816850622123,242.89201860259925,236.61851897442412,240.12857055664065,43084800
2022-06-21 04:00:00,242.6592962620597,247.0129348663082,241.93207466775263,246.0336151123047,29928300
2022-06-22 04:00:00,244.23977847011096,249.3594317398159,242.7659386682965,245.44212341308597,25939900
2022-06-23 04:00:00,247.807975000074,251.49255164449207,245.92689325056256,250.9980316162109,25861400
2022-06-24 04:00:00,253.8584834422403,259.8411054436494,253.7712204115489,259.5696105957031,33923200
2022-06-27 04:00:00,260.0641465255424,260.151409571475,255.2838833793092,256.8450012207031,24615100
2022-06-28 04:00:00,255.9625992863611,258.8036043245108,248.5352397655749,248.6903839111328,27295500
2022-06-29 04:00:00,249.7666690083873,254.01364771630867,247.9922466002197,252.3555908203125,20069800
2022-06-30 04:00:00,249.2430741608317,251.64776426602208,245.2191205112344,249.02975463867188,31730900
2022-07-01 04:00:00,248.6031092713666,251.88042932459476,246.8771566244914,251.6961975097656,22837700
2022-07-05 04:00:00,248.3800943919095,254.9929693088594,247.0032233964507,254.86691284179688,22941000
2022-07-06 04:00:00,255.73962957154677,259.8508467542047,254.43062460156605,258.1249084472656,23824400
2022-07-07 04:00:00,257.0679106271867,260.8882493950364,256.9709418562369,260.248291015625,20859900
2022-07-08 04:00:00,256.7480534855321,259.95752288689226,255.29361008585624,259.5308837890625,19658800
2022-07-11 04:00:00,257.5818628153171,258.4351408209991,254.2172499828831,256.4765014648437,19455200
2022-07-12 04:00:00,257.8048705865574,257.863045938388,244.3851988057814,245.9656982421875,35868500
2022-07-13 04:00:00,242.59141144867635,245.84936453464945,240.57458193875397,245.0445709228516,29497400
2022-07-14 04:00:00,242.95987452362783,247.39107006314063,238.47048883303967,246.3632659912109,25102800
2022-07-15 04:00:00,247.95346694603757,252.46223474835,247.03232258587656,248.923095703125,29774100
2022-07-18 04:00:00,251.86106474959865,252.91795652335915,245.60696234722732,246.52810668945312,20975000
2022-07-19 04:00:00,249.7569629365393,251.8319826861172,245.975416691355,251.6477508544922,25012600
2022-07-20 04:00:00,252.00650426801573,256.8255603020686,251.04658128193176,254.3045196533203,22788300
2022-07-21 04:00:00,251.89986485024775,256.8449774641106,249.2236799929457,256.7964782714844,22404700
2022-07-22 04:00:00,257.1843540830661,257.2716171311826,251.2017604777432,252.4525604248047,21881300
2022-07-25 04:00:00,253.07310152958124,253.5579159003276,249.01035473546935,250.968994140625,21056000
2022-07-26 04:00:00,251.9676707006978,251.9870822105182,241.99021383444165,244.2494354248047,39348000
2022-07-27 04:00:00,253.22823052881697,261.84821413779025,250.9883906372331,260.5780029296875,45994000
2022-07-28 04:00:00,261.557404478966,269.4016989901171,259.7344973517881,268.01513671875,33459300
2022-07-29 04:00:00,269.26588177100365,273.4352730341739,268.22837203750606,272.2135314941406,32152800
2022-08-01 04:00:00,269.3822049798443,272.73711140417765,267.46232984011425,269.5664367675781,21539600
2022-08-02 04:00:00,267.61754353157727,269.45015613104664,264.10749207919315,266.473388671875,22754200
2022-08-03 04:00:00,268.35442020276383,274.8897074830674,268.208952240517,273.8909912109375,23518900
2022-08-04 04:00:00,273.2414283136965,275.18068622817475,271.6609579696077,275.0352478027344,18098700
2022-08-05 04:00:00,270.67187422288504,275.03520383289623,270.2161475022105,274.31768798828125,16774600
2022-08-08 04:00:00,275.4230317107007,277.23626231037696,270.83670670939483,271.80633544921875,18739200
2022-08-09 04:00:00,271.1469795107976,274.48247496169216,269.17860487436343,273.7261657714844,23405200
2022-08-10 04:00:00,279.4179456049466,281.0081214571068,278.22529152278446,280.3778686523437,24687800
2022-08-11 04:00:00,282.0164586647515,282.36551072556773,277.8082744730885,278.3027648925781,20065900
2022-08-12 04:00:00,279.71852241187486,283.0443420410156,278.2252857983071,283.0443420410156,22619700
2022-08-15 04:00:00,282.16199190447594,285.2454045080501,281.29900803496633,284.5569763183594,18085700
2022-08-16 04:00:00,283.1219039219732,285.1096607169614,281.5996091944976,283.8200378417969,18102900
2022-08-17 04:00:00,281.53652609959147,285.0443308942976,281.27418133685177,283.0718078613281,18253400
2022-08-18 04:00:00,281.97382980141776,283.64513249063674,280.89524189994404,281.95440673828125,17186200
2022-08-19 04:00:00,280.7203261035374,281.06042243303864,277.4748955705993,278.0481872558594,20570000
2022-08-22 04:00:00,274.0934077691384,274.46265350884744,269.3710240123007,269.8860168457031,25061100
2022-08-23 04:00:00,268.6131896972656,270.96465592056563,267.602626789956,268.6131896972656,17527400
2022-08-24 04:00:00,267.61229110085856,269.38076836522134,267.32076724046834,267.9815368652344,18137000
2022-08-25 04:00:00,269.4779423207206,271.1200957209209,266.7475042264658,270.9549255371094,16583400
2022-08-26 04:00:00,271.1783084366811,272.40264315538514,260.39260989894825,260.4994812011719,27549300
2022-08-29 04:00:00,258.3229611362696,259.82906392811554,256.3795873901303,257.72052001953125,20338500
2022-08-30 04:00:00,259.1197125909307,259.4889286383065,253.2798658713089,255.5244598388672,22767100
2022-08-31 04:00:00,257.8759964592217,259.54726943283595,253.9309204276981,254.0669708251953,24791800
2022-09-01 04:00:00,251.5405724888761,253.50339892265927,248.1785442591348,253.0272521972656,23263400
2022-09-02 04:00:00,254.29046300933092,257.2443697118644,247.265156339412,248.8101348876953,22855400
2022-09-06 04:00:00,248.94615387316767,250.5299783454673,244.80675888454647,246.0796661376953,21328200
2022-09-07 04:00:00,247.4886510615093,251.501707885987,246.05055859753543,250.7826690673828,24126700
2022-09-08 04:00:00,250.21911682986428,253.05642612748184,247.5761123040182,251.20050048828125,20319900
2022-09-09 04:00:00,253.124418506028,257.7205078743252,252.9203725752876,256.9722900390625,22084700
2022-09-12 04:00:00,258.25491798547915,259.8776479982531,257.65247691062,259.10028076171875,18747700
2022-09-13 04:00:00,251.5114389660081,253.0272681898394,244.4667087917609,244.8553924560547,33353300
2022-09-14 04:00:00,246.35176481752865,247.03194264420256,242.7856758728281,245.078857421875,23913000
2022-09-15 04:00:00,242.6981992789292,244.28203857038503,237.11100056818427,238.4324951171875,31530900
2022-09-16 04:00:00,237.3442333062289,238.3547959701018,235.2065251235573,237.81065368652344,39791800
2022-09-19 04:00:00,235.60493213001268,238.19933446520724,234.0308040411177,237.59689331054688,26826900
2022-09-20 04:00:00,235.21626404112516,236.61548077642544,232.85505707344663,235.5854949951172,26660300
2022-09-21 04:00:00,237.35396708033133,240.64798513191116,232.13599826014465,232.18458557128903,28625600
2022-09-22 04:00:00,231.1351275230768,236.9555366202575,230.8436333531247,234.15707397460935,31061200
2022-09-23 04:00:00,232.75784365187133,234.30283689307328,228.54072660512503,231.1837158203125,34176000
2022-09-26 04:00:00,230.3383971861503,234.6138138859922,230.1926352458672,230.72706604003903,27694200
2022-09-27 04:00:00,233.18539055356896,234.9538676194247,227.860551122332,229.7164764404297,27018700
2022-09-28 04:00:00,230.10518718115333,235.4689033648044,228.08407652025923,234.2445831298828,29029700
2022-09-29 04:00:00,232.12627894023527,233.15626466417,227.77312585488747,230.775634765625,27484200
2022-09-30 04:00:00,231.5432383662329,233.7295336409088,226.1406621930938,226.30584716796875,35694800
2022-10-03 04:00:00,228.7448264993668,234.76928257243105,228.01606129310665,233.9239196777344,28880400
2022-10-04 04:00:00,238.150748512622,243.2715428367649,238.04386235617537,241.8334503173828,34888400
2022-10-05 04:00:00,239.02525687467363,243.4852960194291,237.18876929584695,242.1443634033203,20347100
2022-10-06 04:00:00,240.91031948888855,243.25208841301955,239.1127076685333,239.80259704589844,20239900
2022-10-07 04:00:00,234.0793483497187,234.48746986052475,226.56821340371295,227.60792541503903,37769600
2022-10-10 04:00:00,226.45161389079223,227.91885563531727,220.3105461386793,222.7592010498047,29743600
2022-10-11 04:00:00,221.1753739104601,222.57460545971847,217.76475812921728,219.0279541015625,30474000
2022-10-12 04:00:00,219.0182257909204,221.4085821373912,217.61900908089987,219.3583221435547,21903900
2022-10-13 04:00:00,213.62535270758943,229.41526348823243,212.92573701301367,227.60792541503903,42551800
2022-10-14 04:00:00,228.8711152108653,230.52299472511268,221.8749728230323,222.0887451171875,30198600
2022-10-17 04:00:00,229.14320282236488,232.1942989747583,228.4824480465505,230.8047790527344,28142300
2022-10-18 04:00:00,236.35313103627703,237.02358255454533,228.70594491704173,231.7473297119141,26329600
2022-10-19 04:00:00,230.3286423810177,232.8258846804723,227.6565035669433,229.7845001220703,19985700
2022-10-20 04:00:00,229.09459052619272,234.4777286286027,228.2200635500685,229.4638214111328,21811000
2022-10-21 04:00:00,228.09379217943177,236.1199207742884,227.86058198177213,235.26483154296875,26299700
2022-10-24 04:00:00,236.858380322596,240.8228644348146,234.4680389836242,240.24957275390625,24911200
2022-10-25 04:00:00,240.25931991173303,243.93229554935056,238.86981463229145,243.5630645751953,34775500
2022-10-26 04:00:00,224.62485269698536,231.5529848474216,223.5462796746697,224.77061462402344,82543200
2022-10-27 04:00:00,224.49851650888635,227.0734954795491,219.38744917013727,220.3299865722656,40424600
2022-10-28 04:00:00,219.83442354607308,229.9010992303716,219.64980068466605,229.19175720214844,40647700
2022-10-31 04:00:00,227.14153310691304,228.2686935125121,224.6054296076982,225.5576934814453,28357300
2022-11-01 04:00:00,227.95773173513916,229.0654541063357,220.8935644694157,221.70977783203125,30592300
2022-11-02 04:00:00,222.9632917416644,224.7511921525638,213.80998772072712,213.8683013916016,38407000
2022-11-03 04:00:00,213.8585776839984,214.16952462545237,207.92156981485337,208.18392944335935,36633900
2022-11-04 04:00:00,211.3904909481693,215.31609955402047,207.3871307832787,215.12176513671875,36789100
2022-11-07 05:00:00,215.7047356989491,221.94296252877243,215.01483161872275,221.41824340820312,33498000
2022-11-08 05:00:00,222.2247991310753,225.09127262477088,219.44577390313017,222.38998413085935,28192500
2022-11-09 05:00:00,220.93243688127143,222.1567718154841,217.97851534706965,218.1534118652344,27852900
2022-11-10 05:00:00,228.764240055821,236.4405754721372,228.3464218051101,236.10047912597656,46268000
2022-11-11 05:00:00,236.11018052503232,240.96861451794143,235.0801800640539,240.113525390625,34620200
2022-11-14 05:00:00,235.13851261558185,237.0041496395175,232.43722428466577,234.71096801757807,31123300
2022-11-15 05:00:00,238.70457562812345,240.00663234232655,233.23397436498703,235.1190490722656,31390100
2022-11-16 05:00:00,236.58072479842383,237.564903920351,234.2713414708657,235.5478363037109,24093300
2022-11-17 05:00:00,231.69884700298584,237.02895459171623,231.55268915517976,235.4990997314453,23123500
2022-11-18 05:00:00,237.28230020466623,237.5064287297349,232.91687900998215,235.0508728027344,27613500
2022-11-21 05:00:00,235.2554806346632,238.41262379283276,235.02162809086872,235.8596343994141,26394700
2022-11-22 05:00:00,237.36022259889907,239.03623507377168,234.55388823165157,238.76339721679688,19665700
2022-11-23 05:00:00,238.8413528563776,241.93027884608756,238.0228392859944,241.2481842041016,19508500
2022-11-25 05:00:00,240.98510292788336,242.3395534122588,240.4199345063279,241.16050720214844,9200800
2022-11-28 05:00:00,239.7865813482157,240.3419960416,234.6416169163657,235.5770568847656,24778200
2022-11-29 05:00:00,235.2262362362845,236.58068666323004,232.1178323523524,234.18360900878903,17956300
2022-11-30 05:00:00,234.41749940509243,248.80001134833023,233.72565090628407,248.6148681640625,47594200
2022-12-01 05:00:00,247.3773556878608,249.56981269736585,244.50280391577544,248.1763916015625,26041500
2022-12-02 05:00:00,243.4309315609044,249.51133581657103,243.30425151606136,248.49794006347656,21528500
2022-12-05 05:00:00,245.5649312894988,247.32865369266585,241.7159540650557,243.8012237548828,23435300
2022-12-06 05:00:00,244.4053559887348,245.4187517382797,237.5453936877161,238.8511199951172,22463700
2022-12-07 05:00:00,238.5685424627585,239.86452986599545,236.01555299377063,238.12030029296875,20481500
2022-12-08 05:00:00,238.57825833331165,242.3785254696705,236.8437826963573,241.07278442382807,22611800
2022-12-09 05:00:00,238.44184527837177,241.9595208718469,237.91566220853431,239.1434326171875,20609700
2022-12-12 05:00:00,241.12151949404333,246.0813403319802,240.8486816199145,246.05210876464844,30665100
2022-12-13 05:00:00,254.9973477435735,257.1703267708484,246.59780679077176,250.34934997558597,42196900
2022-12-14 05:00:00,250.55396789409684,255.87432140305884,247.80608156750716,250.64166259765625,35410900
2022-12-15 05:00:00,247.2311661145022,247.69888605332656,241.01432850057725,242.64161682128903,35560400
2022-12-16 05:00:00,242.19341115694567,243.45041325109975,237.2822993212295,238.43212890625,86102000
2022-12-19 05:00:00,238.59774028481047,238.93879503110043,232.60503162349835,234.30052185058597,29696400
2022-12-20 05:00:00,233.27736810210143,236.6976097938858,232.32243564637847,235.61599731445312,25150800
2022-12-21 05:00:00,235.5088259570718,239.33830980722612,233.96923237652257,238.17874145507807,23690600
2022-12-22 05:00:00,235.08982055529697,235.80116166317555,227.8888188559996,232.0983428955078,28651700
2022-12-23 05:00:00,230.07152258563397,232.760930644904,227.95702179597365,232.62451171875,21207000
2022-12-27 05:00:00,232.59531655901404,232.81943021522733,229.79872070086748,230.8998260498047,16688600
2022-12-28 05:00:00,230.83162690576896,233.589252506224,228.1811886914996,228.531982421875,17457100
2022-12-29 05:00:00,229.6232871191542,235.732937144972,229.6232871191542,234.84620666503903,19770700
2022-12-30 05:00:00,232.1178658980228,233.8231102365172,230.6075036530748,233.6866912841797,21938500
2023-01-03 05:00:00,236.86327747897744,239.46499095764852,231.32853465622568,233.45278930664065,25740000
2023-01-04 05:00:00,226.3394946084548,226.9144019342719,220.1811347947113,223.24082946777344,50623400
2023-01-05 05:00:00,221.3894202164649,221.73047501122883,216.08854432449277,216.62448120117188,39585600
2023-01-06 05:00:00,217.2968261609176,219.98623444144232,213.74018002095,219.17745971679688,43613600
2023-01-09 05:00:00,220.65858404237196,225.3260890868295,220.6196135764492,221.3114471435547,27369800
2023-01-10 05:00:00,221.93508808498305,225.39430067277647,221.516092367223,222.99722290039065,27033900
2023-01-11 05:00:00,225.37482869599023,229.91565431558936,225.19943927297896,229.74026489257807,28669300
2023-01-12 05:00:00,229.2432893034318,233.76462207264603,227.58676927741644,232.41017150878903,27269500
2023-01-13 05:00:00,230.93882139485987,233.2482048508719,228.91201476463655,233.11178588867188,21333300
2023-01-17 05:00:00,231.883988045912,234.7488007848325,231.0264890305752,234.203125,29831300
2023-01-18 05:00:00,235.3919352846435,236.1812174269308,229.4966590348899,229.77923583984372,30028700
2023-01-19 05:00:00,227.8011670444437,229.49667257988827,224.78044238060093,225.99847412109372,28623000
2023-01-20 05:00:00,228.85352633542087,234.583151851916,228.51247153332469,234.07644653320312,35389800
2023-01-23 05:00:00,234.9339533057935,238.8998566722334,233.52102468067665,236.3760986328125,31934000
2023-01-24 05:00:00,236.29812619619068,237.7110398533446,234.2908125340693,235.84988403320312,40234400
2023-01-25 05:00:00,228.4832349642451,237.07767305092727,224.99479068566467,234.4564666748047,66526600
2023-01-26 05:00:00,237.41872975669403,241.9595554403983,235.81093388219037,241.6574859619141,33454500
2023-01-27 05:00:00,242.6221750994486,243.4406888312385,240.5174127589452,241.8134002685547,26498900
2023-01-30 05:00:00,238.25673078922537,239.31886569324453,236.0058106681411,236.50277709960935,25867400
2023-01-31 05:00:00,237.22379586075812,241.6087089630589,236.73658329383585,241.4722900390625,26541100
2023-02-01 05:00:00,241.65746031930016,248.6538264287376,239.19216564343,246.28598022460935,31259900
2023-02-02 05:00:00,252.20079944287716,257.9206720160433,250.670944365626,257.8329772949219,39940400
2023-02-03 05:00:00,252.9023510805395,257.4431765540325,250.52475096588475,251.74278259277344,29077300
2023-02-06 05:00:00,250.85603350578165,251.69402492949268,248.2640588264018,250.20315551757807,22518000
2023-02-07 05:00:00,253.8670453451465,261.89630103268723,253.42854202536165,260.7172546386719,50841400
2023-02-08 05:00:00,266.2129795710124,269.6819309436082,259.4017271241036,259.908447265625,54686000
2023-02-09 05:00:00,266.79756966634966,266.9729887774278,256.07889400099884,256.8779296875,42375100
2023-02-10 05:00:00,254.8414828208016,257.3360095553817,253.99373745030576,256.371337890625,25818500
2023-02-13 05:00:00,260.79525532690366,267.5772484865755,260.31776661024463,264.3811340332031,44630900
2023-02-14 05:00:00,265.69656324255214,267.9377295681392,262.39324715689656,265.2093505859375,37047900
2023-02-15 05:00:00,262.1126422431033,264.4668924311176,260.0221350925757,263.0895080566406,28922400
2023-02-16 05:00:00,257.91215337103114,260.5692301121678,255.84120219853648,256.0854187011719,29603600
2023-02-17 05:00:00,253.3892752747082,254.07306355868084,250.07768536596612,252.09002685546875,30000100
2023-02-21 05:00:00,248.59281657060217,249.5794606157764,245.7696748690076,246.8246917724609,28397400
2023-02-22 05:00:00,248.2118440405047,248.45606050673507,244.5485970470492,245.6915283203125,22491100
2023-02-23 05:00:00,249.6478466517071,250.89823380940385,244.68536609831472,248.87612915039065,29219100
2023-02-24 05:00:00,244.177384356293,245.19331823985505,242.3604133539812,243.4544982910156,24990900
2023-02-27 05:00:00,246.61955132378125,246.9712236149961,243.62056610345024,244.3727569580078,21190000
2023-02-28 05:00:00,243.30800820629165,245.6720220057633,242.97586245641224,243.64990234375,22491000
2023-03-01 05:00:00,244.95888751265775,245.1249529268237,240.10386280126264,240.57276916503903,27565300
2023-03-02 05:00:00,240.8462903940092,245.5840810609681,239.9280340639678,245.30079650878903,24808200
2023-03-03 05:00:00,246.35580375528275,249.70644650216624,245.57430808569023,249.3840789794922,30760100
2023-03-06 05:00:00,250.49775833282808,254.1023965039316,250.0581715839652,250.92758178710935,24109800
2023-03-07 05:00:00,250.3707177547005,251.72857566259853,247.5280493196724,248.2704620361328,21473200
2023-03-08 05:00:00,248.1629871256852,248.65142003720348,245.0077146908978,247.8308563232422,17340200
2023-03-09 05:00:00,249.90184935839267,253.55531839675493,245.7599324492568,246.4828186035156,26653400
2023-03-10 05:00:00,245.27151299379872,246.9419454788028,241.87202354389905,242.839111328125,28333900
2023-03-13 04:00:00,241.6766365464032,251.9435074958377,240.0452721548656,248.0458068847656,33339700
2023-03-14 04:00:00,250.81033489351847,255.0304029898369,249.9409247865165,254.7568817138672,33620300
2023-03-15 04:00:00,253.9656064423249,260.3152347680269,253.21340062279128,259.2992858886719,46028000
2023-03-16 04:00:00,259.0746169472976,270.16205172863715,257.1892727698562,269.8103942871094,54768800
2023-03-17 04:00:00,271.8226903839095,276.7753773938965,269.9275683237235,272.9656066894531,69527400
2023-03-20 04:00:00,270.5722714845319,271.06070433302705,263.6072142951392,265.9321594238281,43466600
2023-03-21 04:00:00,268.5209085708176,268.6381277112385,263.2848917432232,267.44635009765625,34558700
2023-03-22 04:00:00,267.07515164944215,274.538422009309,265.8833739672702,265.9908447265625,34873300
2023-03-23 04:00:00,271.51006295955915,274.55787926257466,268.8334604032194,271.2365417480469,36610900
2023-03-24 04:00:00,270.82624407390443,274.1378331913896,268.91159560004246,274.0792236328125,28172000
2023-03-27 04:00:00,274.01079593260914,274.9485785447106,269.14599459885903,269.9861145019531,26840200
2023-03-28 04:00:00,269.4098354483097,269.7517444509293,265.7563369743328,268.86279296875,21878600
2023-03-29 04:00:00,272.5064700346815,274.6360600949528,271.9692057795376,274.0206298828125,25087000
2023-03-30 04:00:00,277.65461829253616,277.8792783804837,274.9682369436602,277.478759765625,25053400
2023-03-31 04:00:00,277.16611747446694,282.57793202096093,276.452994776974,281.63037109375,32766000
2023-04-03 04:00:00,279.8916392622568,281.6011547846993,277.3811162661027,280.5852355957031,24883300
2023-04-04 04:00:00,280.585207618267,283.7307170583828,279.0612991751383,280.5363464355469,25824300
2023-04-05 04:00:00,279.2371315346284,280.5070453166388,276.3749215198196,277.7620544433594,22064800
2023-04-06 04:00:00,276.6581468086852,285.32294143233264,275.50545235305464,284.85406494140625,29770300
2023-04-10 04:00:00,282.5193319399248,282.90032388757146,278.12343611581,282.6951904296875,23103000
2023-04-11 04:00:00,279.1394490348436,279.36413893859026,275.1245442349261,276.2869873046875,27276600
2023-04-12 04:00:00,278.20164520430563,280.3702886729116,275.43709804068334,276.93170166015625,27403400
2023-04-13 04:00:00,277.0293546827045,283.1933751851199,276.6190877618653,283.134765625,24222700
2023-04-14 04:00:00,280.3604759948449,281.8062480666377,277.1270526810152,279.5203857421875,20987900
2023-04-17 04:00:00,283.2226985900286,284.854077618184,279.5399251996228,282.11883544921875,23836200
2023-04-18 04:00:00,284.82477404987856,285.01038094044696,280.37026829939435,281.69879150390625,20161800
2023-04-19 04:00:00,279.3738659883608,282.363073223057,277.9574283365994,281.7769775390625,17150300
2023-04-20 04:00:00,278.6509985011603,282.34355041766946,278.48491818075087,279.4910888671875,23244400
2023-04-21 04:00:00,278.41649016228104,279.6473206169973,276.51159020841027,279.1491394042969,21676400
2023-04-24 04:00:00,275.5640690535179,278.3579207345042,272.272036088016,275.25146484375,26611000
2023-04-25 04:00:00,273.04377855903545,275.0854245728964,268.9995397003019,269.04840087890625,45772200
2023-04-26 04:00:00,289.83614418187,292.6397447358396,285.957985102446,288.5368957519531,64599200
2023-04-27 04:00:00,289.1229976897944,298.13948055653924,288.419653058881,297.77801513671875,46462600
2023-04-28 04:00:00,296.9770107869876,301.78317430412875,296.2931927346846,300.1518249511719,36469600
2023-05-01 04:00:00,299.8685344351108,301.460830664017,298.0906312953761,298.4911499023437,21294100
2023-05-02 04:00:00,300.64021446242646,302.02734714079963,296.8792753413104,298.3445739746094,26404400
2023-05-03 04:00:00,299.52658392125915,301.4705373047011,297.05511466369126,297.3579406738281,22360800
2023-05-04 04:00:00,299.15535943460753,300.64021446242646,296.3810642662841,298.3445739746094,22519900
2023-05-05 04:00:00,298.6474372845863,304.7528490194279,297.2309698374708,303.46337890625,28197100
2023-05-08 04:00:00,302.9554464323352,303.02383420465094,299.0088995873121,301.5096740722656,21318600
2023-05-09 04:00:00,300.8746930349145,302.86750779057024,299.2237873018419,299.8978271484375,21340800
2023-05-10 04:00:00,301.4803236876646,305.7590007361898,300.5523190484158,305.0849609375,30078000
2023-05-11 04:00:00,302.92610366423224,303.922496091225,299.17494240713177,302.93585205078125,31680200
2023-05-12 04:00:00,303.3656699936466,303.463362538451,299.50706787229524,301.8222351074219,19774700
2023-05-15 04:00:00,301.94924591720934,302.73072668738115,300.47416891606105,302.3009033203125,16336500
2023-05-16 04:00:00,302.66241092962605,306.45265617103314,302.66241092962605,304.5282287597656,26730300
2023-05-17 04:00:00,305.73240981509633,307.8274576468927,304.21493944981296,307.406494140625,24315000
2023-05-18 04:00:00,307.92533659511486,312.3406428632518,307.1323477805687,311.83154296875,27276000
2023-05-19 04:00:00,310.08886536616376,312.05666755980644,309.7266396617467,311.6552734375,27546700
2023-05-22 04:00:00,311.9097978822903,315.8160032297939,311.3321907417464,314.43560791015625,24115700
2023-05-23 04:00:00,313.30977897111853,315.9432948088947,308.63015403990534,308.63995361328125,30797200
2023-05-24 04:00:00,308.1211390989395,309.8539609209706,306.04563091509715,307.2596130371094,23384900
2023-05-25 04:00:00,316.4523646988683,320.03551297467794,313.28041010709336,319.0761108398437,43301700
2023-05-26 04:00:00,317.2160427328644,326.39908122008313,317.0789980641952,325.8998107910156,36630600
2023-05-30 04:00:00,328.1907018049732,328.6899722814739,323.5795829729366,324.2550964355469,29503100
2023-05-31 04:00:00,325.3123928059222,328.8857420420062,320.45652421282057,321.4942932128906,45950600
2023-06-01 04:00:00,319.08589950715634,326.5263156649062,317.9013162515011,325.59625244140625,26773900
2023-06-02 04:00:00,327.2311796436286,330.4129338211657,325.566865507756,328.3570251464844,25873800
2023-06-05 04:00:00,328.18082951193753,331.4506903935802,327.6325911531441,328.8857116699219,21307100
2023-06-06 04:00:00,328.2885029579965,328.3276713767001,325.19488504565373,326.67315673828125,20396200
2023-06-07 04:00:00,324.6858396601391,327.4662003191764,315.72798196124086,316.5895080566406,40717100
2023-06-08 04:00:00,317.137673313342,319.7809886890354,316.5600661501271,318.4299621582031,23277700
2023-06-09 04:00:00,318.16563610626434,323.0606428090371,317.59782847451265,319.9278564453125,22529000
2023-06-12 04:00:00,321.6802383812358,325.1263421252022,318.3320706206992,324.881591796875,24260300
2023-06-13 04:00:00,327.44662935743804,329.9039326564141,323.45231642642443,327.2704162597656,22951300
2023-06-14 04:00:00,327.31937353377026,331.9206927538968,325.821502362411,330.2563781738281,26003800
2023-06-15 04:00:00,330.393414820895,342.4938582086499,330.1192956143464,340.7904052734375,38899100
2023-06-16 04:00:00,343.9428148643849,344.0896591143388,334.76957557062366,335.1415710449219,46552000
2023-06-20 04:00:00,332.1849367263642,334.89675963715365,328.8073702091856,330.9513854980469,26375400
2023-06-21 04:00:00,329.30671681424553,330.638174337756,325.09702248062774,326.55572509765625,25117800
2023-06-22 04:00:00,327.1038941447373,332.9779016676336,326.3402743618307,332.5765075683594,23556800
2023-06-23 04:00:00,327.33887140406574,330.86328217867896,326.4480064824584,327.9850158691406,23146900
2023-06-26 04:00:00,326.7123419071995,329.0521396707675,321.59215393137123,321.6998596191406,21520600
2023-06-27 04:00:00,324.8913794122553,329.0913036434743,322.38513830210024,327.54449462890625,24354100
2023-06-28 04:00:00,327.6326238415943,330.88291577640626,326.8004666464448,328.7976379394531,20259500
2023-06-29 04:00:00,327.6815169223393,329.052112767679,325.6354077895199,328.0143737792969,16997000
2023-06-30 04:00:00,330.6577680291321,335.533206422914,330.1193291362637,333.3891906738281,26832800
2023-07-03 04:00:00,332.067483294419,333.7415673029559,329.5025044373006,330.8926696777344,12508700
2023-07-05 04:00:00,328.0535745216964,334.4758212956056,327.701148359632,331.04931640625,18172400
2023-07-06 04:00:00,330.21715360852994,335.78767385230776,328.45496307477555,334.1037902832031,28161200
2023-07-07 04:00:00,332.1947946138884,334.6129295027738,329.9235039739729,330.1388854980469,21214800
2023-07-10 04:00:00,327.5738523279874,328.1906279486803,320.7110434161663,324.86199951171875,32791400
2023-07-11 04:00:00,324.1081605217917,325.8703508704989,320.13341772549273,325.4885559082031,26698200
2023-07-12 04:00:00,329.53185591792584,334.4758007177013,328.6213918451889,330.1192626953125,29995300
2023-07-13 04:00:00,332.4296895084344,336.52190790090776,331.9010204242932,335.464599609375,20567200
2023-07-14 04:00:00,340.2910459095937,344.0504071797022,337.0799229574127,337.9903869628906,28352700
2023-07-17 04:00:00,338.42121632729265,339.70370584522345,335.014310379646,338.4701843261719,20363900
2023-07-18 04:00:00,338.5680303394664,359.0781209733801,334.9849116200017,351.9411926269531,64738600
2023-07-19 04:00:00,354.15379349891674,354.84887620014064,345.039291901566,347.62384033203125,39732900
2023-07-20 04:00:00,346.1455335144098,350.4531337158096,338.11771005249284,339.5862121582031,33778400
2023-07-21 04:00:00,341.8183323536975,342.944177986763,332.6940321481153,336.5513000488281,69405400
2023-07-24 04:00:00,338.58764053266464,339.6351792022214,335.1219672074144,337.8631591796875,26678100
2023-07-25 04:00:00,339.8211034156389,344.50075798788623,337.82396241292906,343.60986328125,41637700
2023-07-26 04:00:00,334.2702555757294,337.43244099686376,326.11515681266013,330.67730712890625,58383700
2023-07-27 04:00:00,333.3304238013421,334.1625511308161,322.14041454334006,323.7753601074219,39635300
2023-07-28 04:00:00,326.6634206723763,332.8702861605579,326.1739199568092,331.26470947265625,28484900
2023-07-31 04:00:00,329.8451512620621,330.6087711275723,326.35987893485446,328.8661499023437,25446000
2023-08-01 04:00:00,328.151498059074,331.431158888361,326.69279546072005,329.27734375,18311900
2023-08-02 04:00:00,326.6242386250664,326.6242386250664,319.5068793964864,320.6229553222656,27761300
2023-08-03 04:00:00,319.1544231849884,322.9529530019484,319.1054850707821,319.8005676269531,18253700
2023-08-04 04:00:00,324.91100665492644,328.10256094885904,320.3684255770162,320.8970947265625,23741500
2023-08-07 04:00:00,321.4746782634423,324.15713248319014,320.6425211153688,323.1781311035156,17741500
2023-08-08 04:00:00,320.09426392900343,321.84668466116545,316.21742705872686,319.203369140625,22327600
2023-08-09 04:00:00,319.61461022525367,320.2411556284152,314.3084091267036,315.4636535644531,22373300
2023-08-10 04:00:00,319.1740366258562,321.3670201533067,314.4356732724542,316.14892578125,20113700
2023-08-11 04:00:00,313.53494463144494,315.6397913083232,312.50697541012306,314.2691955566406,24355500
2023-08-14 04:00:00,314.6411876476948,317.2551039349496,313.3586686802358,317.23553466796875,18836100
2023-08-15 04:00:00,316.2174247167932,318.26353387975075,314.1615159801267,315.1013488769531,16966300
2023-08-16 04:00:00,314.72857479436016,318.2800883607637,313.7475006460735,314.3361511230469,20698900
2023-08-17 04:00:00,314.4734552303401,315.77827042233105,310.2253882210739,310.8827209472656,21257200
2023-08-18 04:00:00,308.5379985359399,312.3543913343559,305.653638152049,310.4903564453125,24755000
2023-08-21 04:00:00,311.91289216820854,316.6612873829202,311.03975175794454,315.78814697265625,24040000
2023-08-22 04:00:00,319.3396208763862,319.9086306831472,315.37607311272194,316.3571472167969,16084600
2023-08-23 04:00:00,317.69140993027924,322.96959317403787,317.3382076991705,320.81121826171875,21166400
2023-08-24 04:00:00,326.5505151261544,326.67805954758404,313.9044558013969,313.9142761230469,23281400
2023-08-25 04:00:00,315.3859085389872,319.20227141780845,312.7664273820528,316.8673400878906,21684100
2023-08-28 04:00:00,319.49659681490056,319.9773135458313,315.63116244372804,317.5736999511719,14808500
2023-08-29 04:00:00,315.7881368695037,322.7537689845137,315.7881368695037,322.1945495605469,19284600
2023-08-30 04:00:00,322.44962819676334,323.5680370692741,320.2716425608164,322.5673522949219,15222100
2023-08-31 04:00:00,322.9696033369281,324.64723165247267,320.5953908586677,321.5568542480469,26411000
2023-09-01 04:00:00,325.0396597293619,325.7067829359754,320.5953952258838,322.4398193359375,14942000
2023-09-05 04:00:00,322.77339871686183,328.51268854223,322.4398370951833,327.2372741699219,18553900
2023-09-06 04:00:00,327.0705236753987,328.13007064456224,323.9310742393436,326.5799865722656,17535800
2023-09-07 04:00:00,325.0200859411969,326.7761872339446,322.8028486285546,323.66619873046875,18381000
2023-09-08 04:00:00,323.84278154918144,329.7979091740935,323.2247000080773,327.94366455078125,19530100
2023-09-11 04:00:00,330.8574560496714,332.01514636855427,329.0817141298704,331.5442199707031,16583300
2023-09-12 04:00:00,329.4643042616368,330.4159473154807,325.20644635330586,325.4909362792969,17565500
2023-09-13 04:00:00,325.0396960586879,330.4748555977099,324.90236123727334,329.6997985839844,16544400
2023-09-14 04:00:00,332.7312908414323,334.40891924896704,330.20013271673093,332.2898254394531,20267000
2023-09-15 04:00:00,330.54351516502703,331.0144115945299,323.4110869464427,323.9703063964844,37679800
2023-09-18 04:00:00,321.59608191122635,324.1468805902184,320.1833327948617,322.8322448730469,16834200
2023-09-19 04:00:00,319.99700867642883,323.156069031889,318.36842179106634,322.4300537109375,16505900
2023-09-20 04:00:00,323.27376651009695,323.35223927183466,314.44409878418986,314.6991577148437,21436500
2023-09-21 04:00:00,313.21772575271143,319.1924634099481,309.0383405191742,313.48260498046875,35560400
2023-09-22 04:00:00,315.2388038490683,315.366348299517,310.16663650283107,311.0103759765625,21447900
2023-09-25 04:00:00,310.59824108043864,311.6578178589932,309.0383368775715,311.5302734375,17836000
2023-09-26 04:00:00,309.16582325862754,309.90162868448726,304.15252005497035,306.232421875,26297600
2023-09-27 04:00:00,306.3894315511619,308.3515797645924,303.828842503838,306.87017822265625,19410100
2023-09-28 04:00:00,305.1042614505791,309.50930504825243,303.59342871178666,307.7041320800781,19683600
2023-09-29 04:00:00,311.7362875557097,313.4237361635249,309.01872314440465,309.7741394042969,24147300
2023-10-02 04:00:00,310.294137124608,315.7979787841784,309.21494955018176,315.70965576171875,20570000
2023-10-03 04:00:00,314.75799567015525,315.3074247202829,305.320067458415,307.4588317871094,21033500
2023-10-04 04:00:00,308.0867125300766,313.9829777218184,308.0572815033295,312.92340087890625,20720100
2023-10-05 04:00:00,313.0509776654909,313.92414811592056,308.9402741782087,313.3158569335937,16965600
2023-10-06 04:00:00,310.5589896881692,322.9597804960645,310.31372116687385,321.0663146972656,25673600
2023-10-09 04:00:00,318.6038277713841,324.04877728616253,317.063534182084,323.577880859375,19891200
2023-10-10 04:00:00,324.69629510828605,324.8336598616772,321.4685826836827,322.1749572753906,20557100
2023-10-11 04:00:00,324.9415409038971,326.5210857572993,322.91074029238723,326.128662109375,20063200
2023-10-12 04:00:00,324.313686937738,327.3157714229003,322.4986937835042,324.8925170898437,19313100
2023-10-13 04:00:00,326.0894859189591,327.51202571304924,320.18339937545744,321.5274963378906,21072400
2023-10-16 04:00:00,324.78457872571454,329.7782723940854,324.34311333126567,326.3445129394531,22158000
2023-10-17 04:00:00,323.3522278123477,327.1489800095309,321.2134933356926,325.7754821777344,18338500
2023-10-18 04:00:00,326.1973269355328,329.2386627175147,322.0866239478229,323.86236572265625,23153600
2023-10-19 04:00:00,325.86374730098373,330.50423844384994,324.6472250314816,325.0494689941406,25052100
2023-10-20 04:00:00,325.441899996805,325.63812679181063,319.2905761994472,320.48748779296875,25027700
2023-10-23 04:00:00,319.3102300618242,326.432838535165,318.2506830695963,323.0873718261719,24374700
2023-10-24 04:00:00,325.02986091343166,325.5596493490343,321.3999044443215,324.2744445800781,31153600
2023-10-25 04:00:00,338.4901826566504,339.6478728745452,331.2302401447983,334.2225341796875,55053800
2023-10-26 04:00:00,334.0949997460641,335.1643669777935,320.75238530520863,321.6844177246094,37828500
2023-10-27 04:00:00,324.1763153652428,330.3472799837888,322.1847360926127,323.56805419921875,29856500
2023-10-30 04:00:00,327.099963936506,333.02566069281073,325.54984988044805,330.9261474609375,22828100
2023-10-31 04:00:00,332.4370138355085,332.5841689842252,328.3557413843758,331.71099853515625,20265300
2023-11-01 04:00:00,333.35918048886424,340.8447807446002,333.2218157421507,339.52032470703125,28158800
2023-11-02 04:00:00,340.6682062676254,342.2281107015464,338.2449517203371,341.727783203125,24348100
2023-11-03 04:00:00,343.0129367253001,347.68285894520625,340.7564483684525,346.1229248046875,23637700
2023-11-06 05:00:00,346.76065357014403,350.7732430573265,346.66254017187435,349.7823486328125,23828300
2023-11-07 05:00:00,352.59804644995546,355.6001309786841,350.86155596843827,353.7066650390625,25833900
2023-11-08 05:00:00,354.8349502754826,356.98350541576144,353.726331511593,356.3262023925781,26767800
2023-11-09 05:00:00,355.44316251543404,357.8860575764988,353.53987621597344,353.8636474609375,24847300
2023-11-10 05:00:00,354.6484666487655,363.0955302142946,354.23643229337705,362.6736755371094,28042100
2023-11-13 05:00:00,361.2511581241037,361.49642668428953,358.97505869997684,359.74029541015625,19986500
2023-11-14 05:00:00,363.9883443604661,364.9105564931209,360.3976092367264,363.2623291015625,27683900
2023-11-15 05:00:00,364.9925108909708,366.8111878331865,360.8931150806876,363.4097900390625,26860100
2023-11-16 05:00:00,364.6778908657379,369.97662716885657,363.9111011410668,369.7996826171875,27182300
2023-11-17 05:00:00,367.2829746703197,368.03011382195285,360.7849281040197,363.586669921875,40157000
2023-11-20 05:00:00,364.9334895781409,372.4539328697612,364.7172140193924,371.0481567382813,52465100
2023-11-21 05:00:00,369.30817317536815,369.8488471174716,364.8352078331243,366.752197265625,28423100
2023-11-22 05:00:00,371.598747765699,373.3584433577172,368.6200605907828,371.4512939453125,23345300
2023-11-24 05:00:00,370.9400785666633,371.5692548643965,368.7871927998492,371.0383911132813,10176600
2023-11-27 05:00:00,370.3993982063347,374.1940464350855,369.82923344697656,372.1983947753906,22179200
2023-11-28 05:00:00,371.9428061684763,376.51405435302496,371.7560213393618,376.2191467285156,20453100
2023-11-29 05:00:00,377.2611498870986,377.7919835496105,371.04816997841607,372.4342956542969,28963400
2023-11-30 05:00:00,372.0803854957098,373.653296016865,369.1115390125993,372.4932861328125,30554400
2023-12-01 05:00:00,370.3796825127047,371.7559678971917,365.0219647650427,368.1677856445313,33040500
2023-12-04 05:00:00,362.84946292716745,363.2623336149724,356.7544451480774,362.8887939453125,32063300
2023-12-05 05:00:00,360.24430304947185,366.76200100247496,359.4283420231669,366.2114868164063,23065000
2023-12-06 05:00:00,367.214285660699,367.8434319638304,361.79758529719794,362.5545349121094,21182100
2023-12-07 05:00:00,361.9941519618629,365.15962347811006,360.11649360898355,364.6680908203125,23118900
2023-12-08 05:00:00,362.9477904343663,368.11869450448506,361.9942157102804,367.8926086425781,20154400
2023-12-11 05:00:00,362.2399851303358,365.3071446808132,359.90028444738044,365.01220703125,27708800
2023-12-12 05:00:00,364.56981930802976,368.0793700797655,364.1864093914376,368.0400390625,24838300
2023-12-13 05:00:00,369.6522644153413,371.2448556652715,364.4911707371273,368.03021240234375,30955500
2023-12-14 05:00:00,366.98815141610726,367.430542857679,357.9636180145618,359.7331237792969,43277500
2023-12-15 05:00:00,360.6375145457429,366.0935150094601,360.0771601195224,364.4518127441406,78502300
2023-12-18 05:00:00,363.1935335888459,366.6834038503824,362.4365540104277,366.3393249511719,21802900
2023-12-19 05:00:00,365.19895042864266,366.9389953613281,363.5768985428581,366.9389953613281,20603700
2023-12-20 05:00:00,368.64948928220537,369.6620453460696,364.2551861699306,364.3436584472656,26316700
2023-12-21 05:00:00,366.25084900799567,368.0695260278655,363.77353495979867,367.2142639160156,17708000
2023-12-22 05:00:00,367.3518499751321,368.8264479888416,366.3982753929024,368.2366027832031,17107500
2023-12-26 05:00:00,368.649515727109,370.5566649551992,367.1749176642006,368.3152770996094,12673100
2023-12-27 05:00:00,367.36169037934906,368.7084850989653,366.49658807749455,367.7352600097656,14905400
2023-12-28 05:00:00,369.0131854041311,370.0847228896946,367.8236848927469,368.9247131347656,14327000
2023-12-29 05:00:00,369.6326050173838,370.7729645265732,367.1552909116957,369.67193603515625,18730800
2024-01-02 05:00:00,367.528833625427,369.5342955375811,360.55890320609336,364.5894775390625,25258600
2024-01-03 05:00:00,362.760965291212,366.93899315410624,362.26943260145976,364.3240356445313,23083500
2024-01-04 05:00:00,364.3928551976836,366.7816968551165,360.95212639041375,361.7090759277344,20901500
2024-01-05 05:00:00,362.72164936252017,365.7593179114421,360.29347657411785,361.5223083496094,21004600
2024-01-08 05:00:00,363.0460505406476,368.8461605661577,362.76098316710153,368.34478759765625,23134000
2024-01-09 05:00:00,365.71016152546855,369.6227425364252,364.9040407138779,369.4261474609375,20830000
2024-01-10 05:00:00,369.99632077317983,377.6642489138574,369.9471795033604,376.2879333496094,25514200
2024-01-11 05:00:00,379.46318864295125,384.06392683874816,373.9383667068741,378.1163940429688,27850800
2024-01-12 05:00:00,378.96187275463393,382.0978537915272,378.13610141587486,381.8914184570313,21661200
2024-01-16 05:00:00,386.9935560466254,387.3572854699558,381.0558322148753,383.6609497070313,27202300
2024-01-17 05:00:00,381.4097233605343,383.503627454572,378.2933928530744,382.8744812011719,22234100
2024-01-18 05:00:00,385.0863666336801,387.317914215752,383.5134560468464,387.199951171875,23392100
2024-01-19 05:00:00,389.0579772216248,391.918701171875,386.83623978929575,391.918701171875,29331100
2024-01-22 05:00:00,393.2458273875224,393.8356726529961,386.9247237943795,389.7952880859375,27016900
2024-01-23 05:00:00,389.04812543344485,392.61665757487873,387.2589392356876,392.144775390625,20525900
2024-01-24 05:00:00,394.7401124022686,398.7608465253621,393.6685746531508,395.7428283691406,24867000
2024-01-25 05:00:00,397.4729979213706,400.11744616888006,395.7133025074248,398.013671875,21021200
2024-01-26 05:00:00,397.5221202343845,399.2916558179086,395.6149711059133,397.0895690917969,17803300
2024-01-29 05:00:00,399.1835322269837,403.03716177894273,397.4828182919345,402.7815551757813,24510200
2024-01-30 05:00:00,405.27854800251134,406.0551480614348,399.56694047651416,401.6706848144531,33477600
2024-01-31 05:00:00,400.06826467616,408.2867065664151,390.48337755581736,390.84710693359375,47871100
2024-02-01 05:00:00,395.0251188068164,401.0906449466683,394.99562804766,396.9421081542969,30657700
2024-02-02 05:00:00,396.9716461643717,405.6619409058491,396.725879808558,404.2561645507813,28256700
2024-02-05 05:00:00,402.9584843152066,404.197156266753,397.1485644483077,398.7804565429688,25352300
2024-02-06 05:00:00,399.0065482946539,401.0611511691438,396.0868431570583,398.6231384277344,18382600
2024-02-07 05:00:00,400.5401602556576,407.28397435246177,400.5008292402968,407.0382080078125,22340500
2024-02-08 05:00:00,407.0382169623767,408.5226553169628,405.5439683543155,407.0971984863281,21225300
2024-02-09 05:00:00,408.2178966207668,413.693577955035,408.060602560808,413.4281311035156,22032800
2024-02-12 05:00:00,413.4380182771655,413.6149628644096,407.7264102051555,408.227783203125,21202900
2024-02-13 05:00:00,398.0825128718903,403.1256432677088,396.55877347389134,399.4391479492188,27824900
2024-02-14 05:00:00,401.9013178119368,403.64455035620506,398.4542264131706,403.2998352050781,20401200
2024-02-15 05:00:00,401.97025586986575,402.9452806494458,398.17844942358096,400.41412353515625,21825500
2024-02-16 05:00:00,401.7929427744023,402.117971062645,397.3412815204797,397.951904296875,22296500
2024-02-20 05:00:00,397.1442902441902,398.3753942389024,391.9933703663144,396.70111083984375,24307900
2024-02-21 05:00:00,394.1208076151274,396.2087556364425,391.2153895315718,396.1004028320313,18518900
2024-02-22 05:00:00,403.98929433440406,406.5893706886108,402.393788153555,405.4272155761719,27009900
2024-02-23 05:00:00,409.38646893086735,409.5735691126935,402.7877385663373,404.1370239257813,16295900
2024-02-26 05:00:00,405.24008986741234,405.9295202265645,401.2020621700657,401.3793640136719,16193500
2024-02-27 05:00:00,401.8225215015325,402.1475498168189,397.74512033420825,401.32025146484375,14835800
2024-02-28 05:00:00,402.0096479981962,403.1127124572568,399.1928962585418,401.5566101074219,13183100
2024-02-29 05:00:00,402.4626993068263,407.9386476852448,399.7838157071772,407.3871154785156,31947300
2024-03-01 05:00:00,405.0529573414313,409.58342668223145,404.66886847100426,409.2190246582031,17823400
2024-03-04 05:00:00,407.1901585103068,411.0410558631236,406.0870940109712,408.6477966308594,17596000
2024-03-05 05:00:00,407.70225951365865,407.98788407033936,394.5836375385052,396.563232421875,26919200
2024-03-06 05:00:00,396.87845143918287,399.0353484165272,392.3676988449284,396.0117492675781,22344100
2024-03-07 05:00:00,399.9807725694748,403.5854487981229,396.1594208279708,402.95513916015625,18718500
2024-03-08 05:00:00,401.793002594602,404.21583727335775,398.2178712291556,400.0793151855469,18002200
2024-03-11 04:00:00,397.65650787745375,399.5474670630361,395.19429952187465,398.4049987792969,16120800
2024-03-12 04:00:00,401.4581399062547,409.2879744362052,400.64069996356216,409.0023498535156,22457000
2024-03-13 04:00:00,411.7797232101297,411.8585006511898,405.2302551257752,408.8250732421875,17115900
2024-03-14 04:00:00,413.8873540190868,421.3527863664109,411.6713665638625,418.7920837402344,34157300
2024-03-15 04:00:00,412.9517323671829,416.2116937258995,406.54999083820695,410.1251220703125,45079900
2024-03-18 04:00:00,407.98793648172665,414.3699915467621,407.5250400950554,411.0115356445313,20106000
2024-03-19 04:00:00,411.51383434146254,415.295813199016,409.268301301435,415.0397338867188,19837900
2024-03-20 04:00:00,415.6207267192323,419.5208559286198,414.3009867861631,418.8019104003906,17860100
2024-03-21 04:00:00,423.3323713938263,424.3074262893576,420.7027498405441,422.87933349609375,21296200
2024-03-22 04:00:00,423.2043902779049,423.36194516542855,419.62925888508494,422.2588806152344,17648500
2024-03-25 04:00:00,418.81180070101897,420.9490108695968,415.23666920718586,416.4677734375,18060500
2024-03-26 04:00:00,419.17616089060704,419.5504213482545,414.98057853086766,415.2760314941406,16725600
2024-03-27 04:00:00,418.0238957387452,418.0337541903471,412.6759863072437,415.0593872070313,16705000
2024-03-28 04:00:00,414.5964697982947,415.4927172172239,412.7842881144858,414.360107421875,21871200
2024-04-01 04:00:00,417.5412631842415,421.4217055688743,415.83740435240986,418.1518859863281,16316000
2024-04-02 04:00:00,413.7593326884334,415.9950371448598,411.52365828826186,415.0692443847656,17912000
2024-04-03 04:00:00,413.3850600991154,416.86169679254687,412.7547203879117,414.09417724609375,16502300
2024-04-04 04:00:00,418.56558637813976,422.1899801314236,411.2577683846088,411.5630798339844,19370900
2024-04-05 04:00:00,413.6608379545396,420.06257930400153,411.9963827991793,419.0875244140625,16554800
2024-04-08 04:00:00,418.7428494922185,420.8209388461148,416.9010924581036,418.1716003417969,14272400
2024-04-09 04:00:00,419.9936139789009,421.2739501766581,415.2464695179833,419.8360290527344,12496900
2024-04-10 04:00:00,415.80792292497927,417.62010476496505,413.35557288951713,416.86175537109375,16216600
2024-04-11 04:00:00,419.3829704502047,422.87929377947376,415.9752529457269,421.4610595703125,17966400
2024-04-12 04:00:00,417.6397710155257,418.75269400595073,413.4244714952131,415.5222778320313,19253800
2024-04-15 04:00:00,420.1511937797841,420.36786929358846,407.1802683588039,407.3871154785156,20273500
2024-04-16 04:00:00,408.30312936766086,412.0752196666805,407.4758308960908,408.3129577636719,16765600
2024-04-17 04:00:00,410.9425408996239,412.5479054250206,404.1271355046504,405.61431884765625,15855500
2024-04-18 04:00:00,404.4226567237303,405.6636193685748,397.843643128254,398.1587829589844,21029900
2024-04-19 04:00:00,397.92235849273936,399.3504511566713,391.7569800365575,393.0865783691406,30565800
2024-04-22 04:00:00,394.0321015888098,396.7602475945419,389.7675700796513,394.8988037109375,20286900
2024-04-23 04:00:00,398.1291964487654,402.0293557699127,396.9670414240935,401.4088745117188,15734500
2024-04-24 04:00:00,403.36878440202247,406.2347982871372,400.6308101493401,402.8763427734375,15065300
2024-04-25 04:00:00,388.0735981687377,393.84503042188726,382.16429787123263,393.00787353515625,40586500
2024-04-26 04:00:00,405.9393688090581,406.7568087350332,399.6262631587446,400.17779541015625,29694700
2024-04-29 04:00:00,399.12393070882416,400.1777629830485,393.1555407133354,396.1692810058594,19582100
2024-04-30 04:00:00,395.4208268707794,396.0807119739039,383.2870862186978,383.4446411132813,28781400
2024-05-01 04:00:00,386.6749928264685,395.64729473492514,384.4097734063593,388.96978759765625,23562500
2024-05-02 04:00:00,391.6487169798458,393.88439136644655,388.6842084752251,391.8259887695313,17709400
2024-05-03 04:00:00,396.1988709336313,400.9952480161036,395.7852067038653,400.5126647949219,17446700
2024-05-06 04:00:00,402.5808944329267,407.6727240993538,400.2270089943109,407.2886352539063,16996600
2024-05-07 04:00:00,408.3916856304919,408.40154408083737,402.9058788007464,403.152099609375,20018200
2024-05-08 04:00:00,401.9998461853561,405.9984701419799,400.56189486819255,404.3340148925781,11792300
2024-05-09 04:00:00,404.3635513602943,406.4810444841864,402.9157716795976,406.0870971679688,14689700
2024-05-10 04:00:00,406.6976812024574,409.1007986751684,405.5748998993257,408.470458984375,13402300
2024-05-13 04:00:00,411.6911003868472,412.0259571204268,404.609786667718,407.4659423828125,15440200
2024-05-14 04:00:00,405.7916217222007,411.1789347782618,405.3287253515243,410.2630004882813,15109300
2024-05-15 04:00:00,412.3250840833171,418.1562465444383,411.7034836524185,417.43597412109375,22239500
2024-05-16 04:00:00,416.1730628235195,419.744796345379,414.7424242787078,415.3738708496094,17530100
2024-05-17 04:00:00,416.903243294278,417.2781788386251,412.4533979292135,414.6043090820313,15352200
2024-05-20 04:00:00,414.6042935983872,421.0767792819616,414.3872272445279,419.6658630371094,16272100
2024-05-21 04:00:00,421.1359884863952,427.1940941013643,419.1824213563369,423.3165283203125,21453300
2024-05-22 04:00:00,424.3525074308652,426.6415653807663,421.43200286988593,424.7767639160156,18073700
2024-05-23 04:00:00,427.194070817087,427.8156712738496,419.7448017896618,421.3037109375,17211700
2024-05-24 04:00:00,421.49118910602255,425.3095575941792,418.7482761527639,424.4215698242188,11855300
2024-05-28 04:00:00,423.8986396092449,425.0727671383065,420.9090617260336,424.5794372558594,15718000
2024-05-29 04:00:00,420.0112068053538,425.1911706830153,420.0112068053538,423.4447937011719,15517100
2024-05-30 04:00:00,418.639722265152,418.639722265152,408.7139275324575,409.1382141113281,28394500
2024-05-31 04:00:00,411.19045552886206,411.19045552886206,399.1137496856911,409.5920715332031,47995300
2024-06-03 04:00:00,409.9867358256656,410.8747236026411,403.4649291544174,408.0035400390625,17484700
2024-06-04 04:00:00,406.9281055414635,410.8846210861788,404.21479101509067,410.5195617675781,14348900
2024-06-05 04:00:00,412.23633479956106,418.42268099839066,410.746468843911,418.3536376953125,16988000
2024-06-06 04:00:00,418.35363549566944,419.6362812039373,414.969369464852,418.8568115234375,14861300
2024-06-07 04:00:00,420.5143961734044,420.5933157045514,417.3570729391347,418.19573974609375,13621700
2024-06-10 04:00:00,419.0344450692757,422.3693300275411,418.2352530096641,422.1621398925781,13982900
2024-06-11 04:00:00,419.8039964152252,427.0460752832231,419.57705383558175,426.9079284667969,14551100
2024-06-12 04:00:00,429.51276024474697,437.4849583450047,427.47036718999846,435.1761779785156,22366200
2024-06-13 04:00:00,434.9689666213265,437.4750908737884,433.508699318619,435.689208984375,15960600
2024-06-14 04:00:00,432.43323683903066,437.22841891267086,430.8940500278538,436.666015625,13582000
2024-06-17 04:00:00,436.6857490254933,444.92436422206765,434.8407000519968,442.3886413574219,20790000
2024-06-18 04:00:00,443.71078097637735,444.1350675846114,438.955103509122,440.3857421875,17112500
2024-06-20 04:00:00,440.3462747944722,440.5732173975681,435.383377000911,439.7543029785156,19877400
2024-06-21 04:00:00,441.4118383251449,444.5691314199007,440.553449170913,443.7798156738281,34187100
2024-06-24 04:00:00,443.7995887534264,446.7102473568692,440.45482751735335,441.6980285644531,15913700
2024-06-25 04:00:00,442.270271535042,445.3979964641079,440.7902817808812,444.9342651367188,16413400
2024-06-26 04:00:00,443.0102035051884,447.5488441288935,442.2110115602634,446.1280517578125,16507000
2024-06-27 04:00:00,446.1478236075156,450.08461670642896,445.74328947401983,446.8088989257813,14806300
2024-06-28 04:00:00,447.0259630244696,449.3051447547128,440.4548051400977,440.9876098632813,28362300
2024-07-01 04:00:00,442.67479410049566,451.2685926172397,439.7148146696088,450.63714599609375,17662800
2024-07-02 04:00:00,447.15428864808064,453.4590298915599,447.0654627578952,453.1531677246094,13979800
2024-07-03 04:00:00,452.0776609183421,454.86989493305913,451.7717987859675,454.6232299804688,9932800
2024-07-05 04:00:00,453.4787047518369,462.1021320411031,452.8472581254068,461.3226623535156,16000300
2024-07-08 04:00:00,460.326095268591,461.4607780718062,458.26398000009,460.0202331542969,12962300
2024-07-09 04:00:00,460.770141890067,461.0957263862654,451.8902033953976,453.40966796875,17207200
2024-07-10 04:00:00,455.06725356597207,460.2373415030919,452.7387206812327,460.0301513671875,18196100
2024-07-11 04:00:00,456.8037581244286,458.5797336933404,445.5262138972975,448.63421630859375,23111200
2024-07-12 04:00:00,448.26913567933263,450.2720538778231,444.6382348256943,447.4995422363281,16324300
2024-07-15 04:00:00,447.252884157794,451.1600787227488,445.40783511291056,447.9040832519531,14429400
2024-07-16 04:00:00,448.1605978328616,448.2395173651341,440.7014524487549,443.5232849121094,17175700
2024-07-17 04:00:00,436.68574615539535,438.9156068819966,433.3212327097638,437.6033325195313,21778000
2024-07-18 04:00:00,438.4124018485707,438.71826397070777,428.6050012530057,434.495361328125,20794800
2024-07-19 04:00:00,427.32232365737326,435.25507610536096,426.2369919613048,431.27880859375,20940400
2024-07-22 04:00:00,435.89641421757136,438.6689256733767,433.0548293535728,437.0310668945313,15808800
2024-07-23 04:00:00,437.9782800404941,442.4084030261348,437.1889642431626,438.9156188964844,13107100
2024-07-24 04:00:00,434.5742824737623,435.59054077335657,421.88582291184935,423.1783447265625,26805800
2024-07-25 04:00:00,423.0797067418699,424.066366533815,411.94033937034624,412.8184509277344,29943800
2024-07-26 04:00:00,412.6211398648851,423.19813411147953,411.7035233681291,419.5968017578125,23583800
2024-07-29 04:00:00,425.8226295279651,426.3850328487882,419.0344352964457,421.037353515625,15125800
2024-07-30 04:00:00,422.0141226280364,423.32636688783225,411.7923116419938,417.2781677246094,32687600
2024-07-31 04:00:00,414.89044707540063,416.1533704185598,406.7110288792971,412.7691345214844,42891400
2024-08-01 04:00:00,415.1765852410534,421.7575892383458,407.5792927447693,411.545654296875,30296400
2024-08-02 04:00:00,406.9872577716768,409.4637833012088,398.9459870855653,403.0406188964844,29437900
2024-08-05 04:00:00,383.9783648799992,395.6900105848848,380.4362300950072,389.8785705566406,40709200
2024-08-06 04:00:00,394.6639255499671,400.2582999432438,393.18393582915473,394.2791137695313,24946500
2024-08-07 04:00:00,403.18868669056855,404.6094491416932,392.1676831598232,393.1148681640625,20650900
2024-08-08 04:00:00,397.0714197373412,400.4457797944305,394.60476994278486,397.3180847167969,20203000
2024-08-09 04:00:00,398.6401030455613,402.60646405710486,396.8937262791542,400.6035461425781,19276700
2024-08-12 04:00:00,401.6297215819056,403.30705522680034,398.84733381774834,401.383056640625,16762900
2024-08-13 04:00:00,404.1259503092639,409.4144620555377,404.10622795467,408.4869995117188,19414300
2024-08-14 04:00:00,409.26646397851016,412.14752377963794,406.9478375879701,411.2989807128906,18267000
2024-08-15 04:00:00,414.9462891736181,416.2411406304339,412.8310473922666,416.1620788574219,20752100
2024-08-16 04:00:00,415.7370612802868,416.46849580465874,412.4751975268654,413.6316833496094,22775600
2024-08-19 04:00:00,414.1160178789319,416.87376862371895,411.6449226292359,416.65631103515625,15234000
2024-08-20 04:00:00,416.8243851157124,420.93626132598814,416.7650812391523,419.8885192871094,16387600
2024-08-21 04:00:00,419.17681098270833,421.46999458583696,416.8441115746798,419.2361450195313,16067300
2024-08-22 04:00:00,419.45362155809136,421.8555493177983,409.8163490739685,410.7454833984375,19361900
2024-08-23 04:00:00,412.15893602611095,414.4125737215799,407.32545916499066,411.97113037109375,18493800
2024-08-26 04:00:00,411.5559963087608,412.4554786638681,406.58415351672016,408.7092895507813,13152800
2024-08-27 04:00:00,408.0865261332207,409.5691832347041,405.5067172557128,409.0552062988281,13492900
2024-08-28 04:00:00,410.08323636580656,410.2018441208808,402.6007521142328,405.8527221679688,14882700
2024-08-29 04:00:00,410.142500929111,417.17028122626607,405.85268326493673,408.3435363769531,17045200
2024-08-30 04:00:00,410.7948745382869,412.663006834999,407.36499317358016,412.3170776367188,24308300
2024-09-03 04:00:00,413.07815685238506,415.0253810540411,402.32394584007614,404.7060852050781,20313600
2024-09-04 04:00:00,401.21691249953295,406.4852742962245,399.6947093805116,404.1723327636719,15135800
2024-09-05 04:00:00,402.9071267784607,408.3237783354607,401.4343636867301,403.6682434082031,14195500
2024-09-06 04:00:00,404.3304930777104,405.9021060614487,396.165984591682,397.05560302734375,19609500
2024-09-09 04:00:00,402.531498215159,403.9251994729139,397.5003522055993,401.0290832519531,15295100
2024-09-10 04:00:00,403.4804732718071,411.5164502597468,402.9862541865475,409.4111022949219,19594300
2024-09-11 04:00:00,410.6960329818373,419.0878628478116,404.8444661227044,418.14886474609375,19266900
2024-09-12 04:00:00,418.415740735589,422.42879711427406,414.8969034199413,422.0630798339844,17395700
2024-09-13 04:00:00,420.9065970976519,426.837225898396,420.5408798146308,425.611572265625,15874600
2024-09-16 04:00:00,425.6215011650568,428.5176178937892,423.26901338836296,426.3529357910156,13834700
2024-09-17 04:00:00,435.14011791593873,436.7413828200211,427.2721288798558,430.1188354492188,18874200
2024-09-18 04:00:00,429.9705680090547,430.9886580324637,425.43364080776206,425.8290100097656,18898000
2024-09-19 04:00:00,436.12856118496126,436.3954286172224,431.8486072464737,433.617919921875,21706600
2024-09-20 04:00:00,432.1649543638202,434.161588684006,429.1996397408119,430.2374877929688,55167100
2024-09-23 04:00:00,429.25888919848313,431.41367697848,425.4138807437856,428.497802734375,15128900
2024-09-24 04:00:00,427.9937125983331,428.33967197864655,421.1734954974966,424.2080078125,17015800
2024-09-25 04:00:00,424.8603757953974,428.1123459008628,423.6149641825675,427.114013671875,13396400
2024-09-26 04:00:00,430.0595370663028,430.2671006249204,424.1684543301705,426.3232421875,14492000
2024-09-27 04:00:00,426.5308226116947,426.8570240957296,422.5276601420935,423.0712890625,14896100
2024-09-30 04:00:00,423.2591189255808,425.4435890958682,420.451958019216,425.324951171875,16807300
2024-10-01 04:00:00,423.49633953955015,423.525991477608,413.9677812470877,415.8260498046875,19092900
2024-10-02 04:00:00,417.6941904099043,417.9314360837514,411.8920631533064,412.3072204589844,16582300
2024-10-03 04:00:00,412.801423489292,414.699207817815,409.50004373541833,411.7240295410156,13686400
2024-10-04 04:00:00,413.4043299959165,414.89688113885154,410.172148356534,411.2495422363281,19169700
2024-10-07 04:00:00,411.190264062665,412.287415913181,404.2711971193028,404.8049621582031,20919800
2024-10-08 04:00:00,406.14924457508937,410.8542199929417,403.4508276328713,409.9151916503906,19229300
2024-10-09 04:00:00,411.0518548194861,415.5196143481408,409.5098937927917,412.6333618164063,14974300
2024-10-10 04:00:00,410.42917171763446,412.5246557071608,408.37320353432506,411.0321044921875,13848400
2024-10-11 04:00:00,411.3286496589972,412.3071937353824,408.4720490414364,411.5065612792969,14144900
2024-10-14 04:00:00,412.9397598241915,419.1372858012014,412.6926503077809,414.2939453125,16653100
2024-10-15 04:00:00,417.29881980944174,417.5953693595967,410.4588445581101,413.8985900878906,18900200
2024-10-16 04:00:00,410.36987028679,411.5460839058675,405.7340930599272,411.3088684082031,15508900
2024-10-17 04:00:00,417.4766915704916,417.6150873802946,410.7849766509456,411.9019165039063,14820000
2024-10-18 04:00:00,412.3171212877513,414.7980806340248,411.44729085370335,413.3253173828125,17145300
2024-10-21 04:00:00,411.3088916838687,414.1160525024568,408.96629801765454,413.9381408691406,14206100
2024-10-22 04:00:00,413.6514683614362,425.6016818775397,413.2066892964129,422.5671997070313,25482200
2024-10-23 04:00:00,425.87842845603865,426.09588604624633,417.6447522942533,419.6908264160156,19654400
2024-10-24 04:00:00,420.4123746810587,421.0548835944768,417.5162582126422,419.8193359375,13581600
2024-10-25 04:00:00,421.82588520642906,427.519268582281,421.638079540004,423.1997985839844,16899100
2024-10-28 04:00:00,426.6691948141605,426.94595627618617,421.37115090072086,421.6578063964844,14882400
2024-10-29 04:00:00,423.0515288179329,428.16176733338216,420.8769528188613,426.9558715820313,17644100
2024-10-30 04:00:00,432.3823482739382,433.4300902065265,427.1040926423887,427.5291137695313,29749100
2024-10-31 04:00:00,410.5576940417458,411.348462734814,401.6024459753444,401.6518859863281,53971000
2024-11-01 04:00:00,404.2811047814158,410.69605883957496,402.7885534948901,405.6253662109375,24230400
2024-11-04 05:00:00,405.06193022116906,405.67478719502446,400.8808562716615,403.7374267578125,19672300
2024-11-05 05:00:00,403.6484884800003,410.102988488707,403.3618329661191,406.7027587890625,17626000
2024-11-06 05:00:00,407.65170044035887,415.5888580717452,405.7736437068039,415.3219604492188,26681800
2024-11-07 05:00:00,416.40918800268514,421.9147952799536,415.0253807406908,420.5111999511719,19901800
2024-11-08 05:00:00,420.4025199280503,421.568869701991,416.9034404414896,417.6546630859375,16891400
2024-11-11 05:00:00,417.6348679260246,419.89839969038087,411.1902621762221,413.1770324707031,24503300
2024-11-12 05:00:00,413.4142440397733,419.5326784209289,412.3763960787903,418.1389770507813,19401200
2024-11-13 05:00:00,416.7650676989441,424.366129168666,413.3747019871383,420.2839050292969,21502200
2024-11-14 05:00:00,420.086213638624,423.2195758457781,415.1440228899343,421.9543762207031,30246900
2024-11-15 05:00:00,414.9661225121513,417.9116489727903,408.85758182070697,410.2018432617188,28247600
2024-11-18 05:00:00,410.0733395128572,413.5625250527604,407.33537663624696,410.95306396484375,24727000
2024-11-19 05:00:00,408.33368112951007,413.1078544202765,406.7917199854057,412.9595947265625,18133500
2024-11-20 05:00:00,412.05020669970736,412.46536399512735,405.8329222910528,410.6861572265625,19191700
2024-11-21 05:00:00,415.4797975064388,415.7571129679985,406.3580683412615,408.913330078125,20780200
2024-11-22 05:00:00,407.4276728377604,413.39988374041405,407.1206461090675,413.0037231445313,24814600
2024-11-25 05:00:00,414.3705063731925,417.0446130867062,410.8743369468268,414.7765808105469,27691100
2024-11-26 05:00:00,415.5689336176803,424.92838338966095,414.8360349421383,423.888427734375,23458900
2024-11-27 05:00:00,421.0359881797192,423.1356967701012,417.9756044992004,418.9363098144531,18332400
2024-11-29 05:00:00,416.06412568619913,420.808229889217,413.7960631011275,419.4018249511719,16271900
2024-12-02 05:00:00,417.5299380247713,428.8503926364112,417.27242003383,426.8497619628906,20207200
2024-12-03 05:00:00,425.7207055754366,428.3255063010946,423.640824485454,427.0676879882813,18302000
2024-12-04 05:00:00,428.8800841135143,435.4564646159383,428.48392353237045,433.22802734375,26009400
2024-12-05 05:00:00,433.7232643154077,440.3986627358307,431.9900352112823,438.3782043457031,21697800
2024-12-06 05:00:00,438.0612738202398,441.824875239188,437.5363542028089,439.3191223144531,18821000
2024-12-09 05:00:00,438.3583975889403,444.03346541962105,436.2785166631167,441.74560546875,19144400
2024-12-10 05:00:00,440.1312292230723,445.3110884832869,437.3679585600472,439.0813598632813,18469500
2024-12-11 05:00:00,439.7945337941877,446.0341772846715,439.7945337941877,444.6871948242188,19200200
2024-12-12 05:00:00,444.8060093995974,451.7884649521135,444.8060093995974,445.251708984375,20834800
2024-12-13 05:00:00,444.1424739509361,447.1038102558032,441.3098664298775,442.9836730957031,20177800
2024-12-16 05:00:00,442.9836607244317,447.8466102847365,441.0127411892908,447.2622680664063,23598800
2024-12-17 05:00:00,446.6878170659997,450.9267990627913,445.2616146909001,450.104736328125,22733500
2024-12-18 05:00:00,446.9947983161777,448.3120390101096,432.83182371521207,433.19830322265625,24444500
2024-12-19 05:00:00,437.387805771624,438.9328533616484,432.1386095010433,432.841796875,22963700
2024-12-20 05:00:00,428.95937961527454,439.4875143941051,424.5223319655796,432.41595458984375,64263700
2024-12-23 05:00:00,432.5545685943141,433.4558513948008,428.6820357713906,431.078857421875,19152500
2024-12-24 05:00:00,430.48460812290455,435.38718282685113,430.02902490868655,435.1197509765625,7164500
2024-12-26 05:00:00,434.8721127935591,436.7143034093448,432.4456102286952,433.9114074707031,8194200
2024-12-27 05:00:00,430.4350863105853,431.0491398035233,422.2641488688207,426.4040832519531,18117700
2024-12-30 05:00:00,421.9768902799759,423.45260132830686,417.8567536350218,420.7586669921875,13158700
2024-12-31 05:00:00,422.0165551158413,422.6405224628075,416.6286859366367,417.4606323242188,13246500
2025-01-02 05:00:00,421.452011579828,421.9868450538027,410.8743686174563,414.568603515625,16896500
2025-01-03 05:00:00,417.0446121521978,419.9663532369274,415.519392337396,419.2928771972656,16662900
2025-01-06 05:00:00,423.8983428352595,430.15778356293015,421.4025036603563,423.7497863769531,20573600
2025-01-07 05:00:00,424.8887326935554,426.5229140819689,416.7673042676413,418.322265625,18139100
2025-01-08 05:00:00,419.40180766065134,422.8781796209664,417.5002247025303,420.49127197265625,15054600
2025-01-10 05:00:00,420.5605868581897,420.6398068835906,411.0426680414125,414.9350280761719,20201100
2025-01-13 05:00:00,411.2606308642647,414.489399057034,408.3389196630922,413.1919555664063,17604800
2025-01-14 05:00:00,413.8059381113699,415.7174348070365,406.7838883687819,411.68646240234375,16935900
2025-01-15 05:00:00,415.1133035563719,424.046850174096,414.2615295855494,422.2244873046875,19637800
2025-01-16 05:00:00,424.5916197701724,425.3740271428382,420.3229265289763,420.5110778808594,15300000
2025-01-17 05:00:00,429.9299628963343,430.31623990051855,424.066713214512,424.91845703125,26197500
2025-01-21 05:00:00,426.07727516253885,426.770548715405,421.52135231106814,424.3935546875,26085700
2025-01-22 05:00:00,433.366705345479,442.98364251820686,431.82165779523024,441.9239196777344,27803800
2025-01-23 05:00:00,437.7641319289048,442.46861072225846,437.2689236348676,442.4289855957031,18389300
2025-01-24 05:00:00,440.8938771960258,442.3695883246394,437.169900939795,439.8044128417969,15549500
2025-01-27 05:00:00,419.9465634582157,431.0293279263355,419.4414413066827,430.39544677734375,35647800
2025-01-28 05:00:00,430.4350813460536,444.0830215490328,427.2459385298944,442.9143371582031,23491700
2025-01-29 05:00:00,442.409205107017,442.5973866839753,436.1794760661476,438.0909729003906,23581400
2025-01-30 05:00:00,414.7567742579652,418.8075747745586,409.20055129765046,411.0130004882813,54586300
2025-01-31 05:00:00,414.9648138373058,416.6584179883712,410.9338104783747,411.0823669433594,34161900
2025-02-03 05:00:00,407.6555317858933,411.4290171061556,404.7437041840203,406.9820556640625,25679100
2025-02-04 05:00:00,408.7350313881363,409.9532546940812,405.8132903115337,408.4180908203125,20532100
2025-02-05 05:00:00,408.39832109505767,409.8641184268012,406.4669964929513,409.3293151855469,16316700
2025-02-06 05:00:00,410.03245657619226,414.1922182257068,410.03245657619226,411.83502197265625,16309800
2025-02-07 05:00:00,412.4887264302527,414.6379135781928,404.1890302854019,405.8232116699219,22886800
2025-02-10 05:00:00,409.7452423090315,411.4784713555885,406.982001762604,408.26953125,20817900
2025-02-11 05:00:00,405.714301867279,408.5369652151938,405.3775335991668,407.4970397949219,18140600
2025-02-12 05:00:00,403.30754628100544,406.813629604169,400.4947666868975,405.1200256347656,19121700
2025-02-13 05:00:00,403.0995685212682,407.0612350423618,402.4656873698372,406.6056518554688,23891700
2025-02-14 05:00:00,403.8820181953633,404.99128001840967,401.99031874797896,404.515869140625,22758500
2025-02-18 05:00:00,404.0899662104477,406.6650553734785,402.6043413346739,405.7142639160156,21423100
2025-02-19 05:00:00,403.9711199361536,411.50817561028913,403.74331324145845,410.7950744628906,24114200
2025-02-20 05:00:00,412.134891295379,416.1243389128722,409.40578409861945,412.968505859375,23508700
2025-02-21 05:00:00,414.1692516421462,414.8738489302143,404.791066280818,405.1086120605469,27524800
2025-02-24 05:00:00,405.4063787741937,406.2598304371672,396.2861968407472,400.9306335449219,26443700
2025-02-25 05:00:00,398.0526532749328,398.8664306026397,393.6860882830661,394.876953125,29387400
2025-02-26 05:00:00,394.9861207223364,400.533646950774,391.25467770642615,396.6930541992188,19619000
2025-02-27 05:00:00,398.22134834414993,402.657388820498,389.1905096396701,389.5477600097656,21127400
2025-02-28 05:00:00,389.67678725566606,394.6090291195634,383.6330593862238,393.973876953125,32845700
2025-03-03 05:00:00,395.7899873220531,395.7899873220531,383.2261675615013,385.5384521484375,23007700
2025-03-04 05:00:00,380.48712304915495,389.59737098453536,378.1053630399061,385.6575317382813,29342900
2025-03-05 05:00:00,386.3820118850688,398.6183524988304,385.85603973587394,397.9732666015625,23433100
2025-03-06 05:00:00,391.2844778913856,399.0946811478794,389.6966277473878,393.8746643066406,23304600
2025-03-07 05:00:00,389.33936956128906,391.8005084637196,382.61088158953936,390.3218383789063,22034100
2025-03-10 04:00:00,382.9085982783761,383.4643412864511,374.3540930979484,377.2717590332031,32840100
2025-03-11 04:00:00,376.1205440687611,383.0673615053873,374.0464264969692,377.5595397949219,30380200
2025-03-12 04:00:00,380.040547480545,382.2932902407784,376.0709375015268,380.3580932617188,24253600
2025-03-13 04:00:00,380.24893433302753,382.3925273041687,374.58232470495466,375.8922729492188,20473000
2025-03-14 04:00:00,376.8946473094157,387.2652662935844,376.6267095180303,385.6079406738281,19952800
2025-03-17 04:00:00,383.7620517263702,389.72637004614455,382.6406320765131,385.7468566894531,22474300
2025-03-18 04:00:00,384.1292790671939,384.4269877309022,378.2046343736099,380.6062316894531,19486900
2025-03-19 04:00:00,382.60095534567967,386.719419886704,381.0825806498319,384.8735656738281,19185500
2025-03-20 04:00:00,382.8093521082507,388.8134057411041,380.36805030146087,383.9010009765625,18470500
2025-03-21 04:00:00,380.3084899151049,388.7637483712437,379.8916675364793,388.2874145507813,39675900
2025-03-24 04:00:00,392.3959786933822,392.3959786933822,386.84845184017416,390.0935974121094,21004500
2025-03-25 04:00:00,390.9272368910712,393.34867131877104,389.6569628025314,392.1578063964844,15775000
2025-03-26 04:00:00,391.9990163975736,392.3066587723948,385.61787512073846,387.0072326660156,16108400
2025-03-27 04:00:00,387.16604684664975,389.260001880214,384.4567767361847,387.6126098632813,13766800
2025-03-28 04:00:00,385.1315521729189,386.1735929782764,374.0662702602893,375.9220581054688,21632000
2025-03-31 04:00:00,369.7096411618319,374.2052233402368,364.449889664545,372.5379943847656,35184700
2025-04-01 04:00:00,371.8036224636276,379.9413357760227,370.3944277527412,379.2863464355469,19689500
2025-04-02 04:00:00,375.0983928958324,382.1543604865691,373.7586433966847,379.2367248535156,16092600
2025-04-03 04:00:00,371.94258902020607,374.6121545094563,366.5439163069489,370.27532958984375,30198000
2025-04-04 04:00:00,361.36358655898334,371.74410993496775,356.7489202327306,357.1061706542969,49209900
2025-04-07 04:00:00,348.2142236601539,368.1813588125757,342.17049555544185,355.14117431640625,50425000
2025-04-08 04:00:00,365.4621683401468,370.8112022714622,347.5889889390993,351.8662414550781,35868900
2025-04-09 04:00:00,350.85399906862426,390.2424579220484,350.41733953240174,387.5232543945313,50199700
2025-04-10 04:00:00,379.1572950457799,380.983312003396,365.0056257671045,378.4526977539063,38024400
2025-04-11 04:00:00,377.748147775892,387.0866297777136,376.01144319106686,385.4988098144531,23839200
2025-04-14 04:00:00,390.2325491274343,391.651677567929,381.29099206627785,384.8636474609375,19251200
2025-04-15 04:00:00,385.5583162962043,388.9126416904877,381.24135923720473,382.7994384765625,17199900
2025-04-16 04:00:00,377.7779079921512,378.71073856569086,365.2041538267982,368.7867126464844,21967800
2025-04-17 04:00:00,370.9104537724408,371.4761304955969,364.10258680355696,364.9858093261719,21120200
2025-04-21 04:00:00,360.0635031391147,361.71089501866106,352.9678309109542,356.3916015625,20807300
2025-04-22 04:00:00,360.6192443688487,364.9758758256959,357.12596800122816,364.0331115722656,19485000
2025-04-23 04:00:00,373.20291916052497,377.5000393765428,370.18600677791767,371.5456237792969,20545500
2025-04-24 04:00:00,372.8456379358323,385.4987700338485,372.3395029604808,384.35748291015625,22232300
2025-04-25 04:00:00,384.0597967732597,389.1805976978566,381.6780366488648,388.8729553222656,18973200
2025-04-28 04:00:00,388.9820812843996,389.7561540346409,383.70252292195136,388.1881713867188,16579400
2025-04-29 04:00:00,388.3270916828822,392.0982394081848,387.414098329844,391.0462951660156,14974000
2025-04-30 04:00:00,387.3347411416079,393.6464377272527,381.5192761653572,392.257080078125,36461100
2025-05-01 04:00:00,427.8346397458207,433.669971462135,421.6718285206496,422.16802978515625,58938100
2025-05-02 04:00:00,428.4598480759583,436.10135948336034,426.72314369115975,431.9729614257813,30757400
2025-05-05 04:00:00,429.58128511716615,436.1609188409604,428.827049490993,432.8562316894531,20136100
2025-05-06 04:00:00,428.91639204817295,434.4043769104007,427.8942186382879,430.0179443359375,15104200
2025-05-07 04:00:00,430.54391525930873,434.79139692835327,427.8346454163337,430.0576477050781,23295300
2025-05-08 04:00:00,434.6028672327044,440.2992788018954,432.3501242134362,434.841064453125,23491300
2025-05-09 04:00:00,436.65712990925,437.3914981181206,432.5684361749063,435.3967895507813,15324200
2025-05-12 04:00:00,442.5519572732001,445.9558904565641,436.4387544599253,445.84674072265625,22821900
2025-05-13 04:00:00,444.3780084465138,447.2460663261757,441.9763809723924,445.7276916503906,23618800
2025-05-14 04:00:00,444.7352595327789,450.45147719255016,444.7352595327789,449.498779296875,19902800
2025-05-15 04:00:00,448.1665539237944,453.55526390744575,447.8285212445724,450.512939453125,21992300
2025-05-16 04:00:00,449.4391522856184,451.73580834700897,446.1383501578063,451.6463317871094,23849800
2025-05-19 04:00:00,448.27591363294266,456.9355998797858,448.1963586877965,456.2197570800781,21336500
2025-05-20 04:00:00,452.9587181303489,455.6928353955898,451.69606398891386,455.5238342285156,15441800
2025-05-21 04:00:00,451.94462570262056,455.1360777634671,449.2005564495621,449.9561767578125,19216900
2025-05-22 04:00:00,452.32244757902833,457.5918252828005,451.2784936511554,452.2329406738281,18025600
2025-05-23 04:00:00,447.3811293692874,451.06969358680703,446.3173019248347,447.5799560546875,16883500
2025-05-27 04:00:00,453.8435898996704,458.2877744248074,453.48565331857327,458.0292663574219,20974300
2025-05-28 04:00:00,458.55619745791415,459.8486770934628,454.2909661144885,454.7184753417969,17086300
2025-05-29 04:00:00,458.884303233251,459.05333474747385,452.6803520976962,456.0308837890625,13974800
2025-05-30 04:00:00,457.0648535034259,459.0135248792732,452.9090026922185,457.7011413574219,34770500
2025-06-02 04:00:00,454.49978904014216,459.4410555312044,454.2512329224997,459.3018798828125,16626500
2025-06-03 04:00:00,458.8047449110186,461.4593374660713,458.1982522365384,460.2960815429688,15743800
2025-06-04 04:00:00,461.3201414833542,463.00038321908,460.3457906064832,461.1908874511719,14162700
2025-06-05 04:00:00,462.2745901279283,466.9375052091058,461.3499686746429,464.9788818359375,20131700
2025-06-06 04:00:00,467.37499647452495,470.6062261334739,466.07256479314685,467.663330078125,15285600
2025-06-09 04:00:00,466.9872502760202,470.69568816704816,465.9134708467471,470.0196228027344,16469900
2025-06-10 04:00:00,468.4686555284736,470.0693424470396,464.2630748723301,468.2002258300781,15375900
2025-06-11 04:00:00,467.30536072753216,472.72389606625393,466.9474544926898,469.8903503417969,16399200
2025-06-12 04:00:00,472.2764779222473,477.6453141185156,470.7851412769109,476.104248046875,18950600
2025-06-13 04:00:00,473.6584649544854,476.4124557062983,470.0295518485209,472.2168273925781,16814500
2025-06-16 04:00:00,472.4653860858625,477.91374692205306,472.2566074497181,476.3727111816406,15626100
2025-06-17 04:00:00,472.6542856879232,475.97499162724574,471.3419021646973,475.279052734375,15414100
2025-06-18 04:00:00,475.2392860574369,478.2219594008936,471.71972301658775,477.4663391113281,17526500
2025-06-20 04:00:00,479.4448824655413,480.667759158903,474.1158234691147,474.6427612304688,37576200
2025-06-23 04:00:00,475.4480677233997,484.932977511559,469.7810065395394,483.1930847167969,24864000
2025-06-24 04:00:00,486.1260537385937,489.009298556199,483.9884469122188,487.2793273925781,22305600
2025-06-25 04:00:00,489.1982276680394,491.7036624656625,486.56353883181055,489.4268798828125,17495100
2025-06-26 04:00:00,490.1327808219991,495.1635541172166,489.9637493151316,494.5769653320313,21578900
2025-06-27 04:00:00,494.6763704185467,496.4162632322767,490.1824867596744,493.07568359375,34539200
2025-06-30 04:00:00,494.1693427257206,497.86785899517616,492.4691970236715,494.5372009277344,28369000
2025-07-01 04:00:00,493.60258452282886,495.1734457101395,488.1443023264632,489.2080993652344,19945400
2025-07-02 04:00:00,487.1600396387865,490.6497772469701,485.8775119148357,488.2536926269531,16319600
2025-07-03 04:00:00,490.9580057562307,497.2415119784696,490.5901475399693,495.9589538574219,13984800
2025-07-07 04:00:00,494.5073652747992,495.8694479262707,492.36978876052433,494.8453979492188,13981600
2025-07-08 04:00:00,494.36815380384166,495.3226311177228,491.25622643335066,493.7517395019531,11846600
2025-07-09 04:00:00,497.4104769193033,503.8530622357068,496.8537136582796,500.6019592285156,18659500
2025-07-10 04:00:00,500.1445884984204,501.5265750230592,494.8752111441128,498.5836791992188,16492100
2025-07-11 04:00:00,495.59103056526646,502.1131401056752,494.9248868769196,500.41302490234375,16459500
2025-07-14 04:00:00,498.6234399223271,501.0593019842245,498.1362796464767,500.1147766113281,12058800
2025-07-15 04:00:00,500.1147739294682,505.36427783294863,499.88612172349406,502.8986206054688,14927200
2025-07-16 04:00:00,502.2623068754336,503.793421043838,498.99133023831314,502.6997680664063,15154400
2025-07-17 04:00:00,502.7594088608256,510.40499725185873,502.6997578215743,508.7446594238281,17503100
2025-07-18 04:00:00,511.5085634207008,511.6676733111879,504.4992933518648,507.1041564941406,21209700
2025-07-21 04:00:00,503.7834776665751,509.1324405638626,502.6301736290422,507.1141357421875,14066800
2025-07-22 04:00:00,508.018867615488,508.2475501614973,502.3517761230469,502.3517761230469,13868600
2025-07-23 04:00:00,503.8232255681408,503.8630030405687,497.80817995491657,502.94830322265625,16396600
2025-07-24 04:00:00,505.8315833881949,510.703277326071,504.3700721726997,507.9294128417969,16107000
2025-07-25 04:00:00,509.51021364184703,515.2966076642933,507.4124144561098,510.74310302734375,19125700
2025-07-28 04:00:00,511.110930710653,512.0256002286585,507.1737799777055,509.5400390625,14308000
2025-07-29 04:00:00,512.5525759685828,514.6304711522027,508.60547322287385,509.6096496582031,16469200
2025-07-30 04:00:00,512.1946027794743,512.9701269930791,506.4977159897069,510.2757568359375,26380400
2025-07-31 04:00:00,552.0232408256204,552.2420017670738,528.8280273057109,530.4187622070312,51617300
2025-08-01 04:00:00,531.9100652869249,532.7054326872741,517.8517174087783,521.0829467773438,28977600
2025-08-04 04:00:00,525.218957545317,535.141297909759,525.0797515616827,532.54638671875,25349000
2025-08-05 04:00:00,534.077432699505,534.196734767709,524.194840165689,524.701904296875,19171600
2025-08-06 04:00:00,527.8338028961505,528.6291703469228,521.0034855448089,521.908203125,21355700
2025-08-07 04:00:00,523.7573865594029,525.0399748350125,514.56081112672,517.8318481445312,16079100
2025-08-08 04:00:00,519.5817267008259,521.629826851029,516.4101479520375,519.0249633789062,15531000
2025-08-11 04:00:00,519.2834381856256,524.5429245664681,516.7183220142601,518.7565307617188,20194400
2025-08-12 04:00:00,520.7250669698358,527.9132904806338,519.6811434112465,526.183349609375,18667000
2025-08-13 04:00:00,529.0367402367135,529.6233593434064,516.3703308668756,517.5733642578125,19619200
2025-08-14 04:00:00,519.5418962511537,522.9123315064297,517.1358902118243,519.4623413085938,20269100
2025-08-15 04:00:00,519.7507304052322,523.0614541020369,516.0820397908819,517.1657104492188,25213300
2025-08-18 04:00:00,518.5775217659684,519.8003983365775,511.0512359172718,514.1134033203125,23760600
2025-08-19 04:00:00,512.0256106523992,512.1846598699071,505.6128505766311,506.8258056640625,21481000
2025-08-20 04:00:00,506.925219770199,508.0486982628479,501.5265882427872,502.7991943359375,27723000
2025-08-21 04:00:00,501.6041452591809,505.5278315490841,500.6381609615915,502.15185546875,18443300
2025-08-22 04:00:00,502.1618461633245,508.6150227226763,500.32946944945456,505.1295166015625,24324200
2025-08-25 04:00:00,504.5319946732823,506.0855321115255,502.0323791323648,502.17181396484375,21638600
2025-08-26 04:00:00,502.2713680297872,502.8888260614156,496.4456179190968,499.96099853515625,30835700
2025-08-27 04:00:00,499.9211487290224,505.1892506185915,497.8298390405613,504.6415100097656,17277900
2025-08-28 04:00:00,504.9900522378754,508.9734875719172,503.4066403395377,507.5295104980469,18015600
2025-08-29 04:00:00,506.5535790393771,507.4896888132377,502.40083415821226,504.59173583984375,20961600
2025-09-02 04:00:00,498.3974910813857,503.90458943006223,494.75264396148896,503.0282287597656,18128000
2025-09-03 04:00:00,501.70375627159575,505.68719181229375,500.2398424947412,503.2572937011719,16345100
2025-09-04 04:00:00,502.2116394820944,506.0457023892234,501.0664078062513,505.866455078125,15509500
2025-09-05 04:00:00,506.9619070760115,509.8498918622262,490.3310509759443,492.9501647949219,31994800
2025-09-08 04:00:00,496.0472478127919,499.1244784694731,492.9800158612091,496.1369018554688,16771000
2025-09-09 04:00:00,499.3535217605099,500.17013335375145,495.6389875077243,496.3460388183594,14410500
2025-09-10 04:00:00,500.8971201283455,501.1460848531792,494.6630336933239,498.29791259765625,21611800
2025-09-11 04:00:00,500.1701275152439,501.08633106619584,495.8182290284252,498.9352722167969,18881600
2025-09-12 04:00:00,504.55191069082485,510.42747218178897,501.7635178992086,507.7884521484375,23624900
2025-09-15 04:00:00,506.68306017742736,513.3353599697668,504.9004642300766,513.225830078125,17143800
2025-09-16 04:00:00,514.7395367165727,515.0880630075219,506.4938265025834,506.9320068359375,19711900
2025-09-17 04:00:00,508.5054498653079,509.1726886784055,503.8348693472275,507.9079284667969,15816600
2025-09-18 04:00:00,509.3718409712672,510.9453149965379,505.55771489166153,506.3444519042969,18913700
2025-09-19 04:00:00,508.445681539448,517.1494779837726,508.1967168320822,515.78515625,52474100
2025-09-22 04:00:00,513.4548737162081,515.5959337012963,510.4174557013089,512.319580078125,20009300
2025-09-23 04:00:00,511.6722984831285,512.4590659268906,505.2091838485409,507.1212463378906,19799600
2025-09-24 04:00:00,508.266442508536,510.35772177145367,504.82077941210207,508.0373840332031,13533700
2025-09-25 04:00:00,506.1950582100621,507.89799878212006,502.94857891661616,504.9303283691406,15786500
2025-09-26 04:00:00,507.94778361103766,511.8117209714621,504.52202659403474,509.3419799804688,16213100
2025-09-29 04:00:00,509.3817950243417,514.7096154882738,506.77264973451184,512.4689331054688,17617800
2025-09-30 04:00:00,511.11459757878936,516.0142062084105,507.54943619028296,515.8051147460938,19728200
2025-10-01 04:00:00,512.6681599915194,518.3545363078492,509.5710533372991,517.557861328125,22632300
2025-10-02 04:00:00,515.496404228155,519.439966484546,508.5652045551738,513.604248046875,21222900
2025-10-03 04:00:00,514.9585548343116,518.3345307125708,512.8672756929882,515.20751953125,15112300
2025-10-06 04:00:00,516.4623876768178,528.8309994124726,516.0541122577388,526.3811645507812,21388600
2025-10-07 04:00:00,526.1022689962125,527.6060256392368,519.2806599401652,521.8101196289062,14615200
2025-10-08 04:00:00,521.1130687043808,524.7678538085896,520.923853084141,522.676513671875,13363400
2025-10-09 04:00:00,520.1769452354545,522.158694647609,515.2574000210162,520.2366943359375,18343600
2025-10-10 04:00:00,517.4881335274953,521.4118200258811,507.5195762105422,508.8440551757813,24133800
2025-10-13 04:00:00,514.2714464494894,514.2714464494894,509.5610534984588,511.9212341308594,14284200
2025-10-14 04:00:00,508.11707238992415,513.1461778212379,503.9045785101632,511.4432373046875,14684300
2025-10-15 04:00:00,512.8274957075639,515.0482414945574,507.888013925759,511.3038024902344,14694700
2025-10-16 04:00:00,510.4573477017149,514.7096236704256,506.02576365101777,509.4913330078125,15559600
2025-10-17 04:00:00,506.9320390116644,513.3453425707617,505.2091921192977,511.4532470703125,19867800
2025-10-20 04:00:00,512.4788764440519,516.5519656323323,511.3037703677804,514.6498413085938,14665600
2025-10-21 04:00:00,515.3569857054445,516.5420602391357,510.9154330870712,515.5162963867188,15586200
2025-10-22 04:00:00,518.9919195722497,523.0549803520576,515.5661623300699,518.3843994140625,18962700
2025-10-23 04:00:00,520.2964530626382,521.7802730707533,516.4623598997719,518.404296875,14023500
2025-10-24 04:00:00,520.6250388201142,523.1744351060786,518.5536961256696,521.441650390625,15532400
2025-10-27 04:00:00,529.577902779321,532.3662956890146,526.819354031342,529.3189697265625,18734700
2025-10-28 04:00:00,547.7224103521172,551.4269763883988,538.5306518978505,539.8252563476562,29986700
2025-10-29 04:00:00,542.6833492925585,544.0078586434945,534.507325873603,539.307373046875,36023000
2025-10-30 04:00:00,528.2831883129468,532.7545848667123,519.9578228356851,523.582763671875,41023100
2025-10-31 04:00:00,526.6898137654194,527.1279940743384,512.9668501497666,515.6656494140625,34006400
2025-11-03 05:00:00,517.657371934483,522.7860691817526,512.4590180581705,514.888916015625,22374700
2025-11-04 05:00:00,509.6407695643784,513.4150529816625,505.73698923396887,512.2001342773438,20958700
2025-11-05 05:00:00,511.17434154282535,512.6980347767452,504.4821687767013,505.0597839355469,23024300
2025-11-06 05:00:00,503.5659922381216,503.6058351018555,493.75677643867937,495.04144287109375,27406500
2025-11-07 05:00:00,494.8920702735404,497.31199999791255,491.2073803526309,494.7626037597656,24019800
2025-11-10 05:00:00,497.9692613740871,504.7510576229119,496.7343757501637,503.9045715332031,26101500
2025-11-11 05:00:00,502.7095490222416,507.48968986721945,500.2697130079768,506.573486328125,17980000
2025-11-12 05:00:00,507.2506574723947,509.5511194130969,497.0530724082431,509.0233154296875,26574900
2025-11-13 05:00:00,508.1967287528611,511.3735209246628,499.2140928412288,501.205810546875,25273100
2025-11-14 05:00:00,496.166765720741,509.4813936811572,495.3800287197931,508.0672607421875,28505700
2025-11-17 05:00:00,506.34444359286346,509.9992285471841,502.8190947602184,505.3883972167969,19092800
2025-11-18 05:00:00,493.3186219236693,500.8971240097586,484.7641975590384,491.74517822265625,33815100
2025-11-19 05:00:00,488.0704229659532,493.1393408084164,480.8305097576304,485.1027526855469,23245300
2025-11-20 05:00:00,491.5879641710541,492.4460215630244,474.417164289732,477.3404846191406,26802500
2025-11-21 05:00:00,477.4103368698009,477.8293938228302,467.2036221547232,471.04486083984375,31769200
2025-11-24 05:00:00,473.9183160323131,475.8139832068258,466.9542001322548,472.9205932617188,34421000
2025-11-25 05:00:00,472.9904142849383,478.0588322743821,463.8313270788984,475.90374755859375,28019800
2025-11-26 05:00:00,485.2025316262965,487.1979770584782,480.1041831621511,484.3943786621094,25709100
2025-11-28 05:00:00,486.489626354464,491.5081706450152,485.541777548382,490.88958740234375,14386700
2025-12-01 05:00:00,487.3277021324389,488.7444513856018,483.5463243869077,485.6315612792969,23964000
2025-12-02 05:00:00,485.6116258193264,492.3761849539621,485.2125428025972,488.8841552734375,19562700
2025-12-03 05:00:00,475.23529714339696,483.13724409881166,474.1178525596479,476.64208984375,34615100
2025-12-04 05:00:00,478.6674679630734,480.2239129901724,475.40489514051177,479.7449951171875,22318200
2025-12-05 05:00:00,481.4211657314621,482.299166614698,477.78947078944657,482.0597229003906,22608700
2025-12-08 05:00:00,483.7858099301447,491.1789088824645,483.2769615726175,489.9018249511719,21965900
2025-12-09 05:00:00,487.9862027558801,490.9993144973556,487.3875630167038,490.8995361328125,14696100
2025-12-10 05:00:00,482.9277288439703,483.1472290611573,473.9980982856002,477.4701843261719,35756200
2025-12-11 05:00:00,475.5445986070271,484.9231863556336,474.7763326037194,482.3690185546875,24669200
2025-12-12 05:00:00,478.72734800157895,481.3513637649093,475.2552617920193,477.4402770996094,21248100
2025-12-15 05:00:00,479.0066832317436,479.6252664455081,471.44392797474177,473.73870849609375,23727700
2025-12-16 05:00:00,470.8353364785088,476.80172935648005,469.8076832860371,475.3051452636719,20705600
2025-12-17 05:00:00,475.8239455574328,478.9069051052783,473.9182915104317,475.0357360839844,24527200
2025-12-18 05:00:00,477.1010453906704,488.4850656489584,476.8017407441929,482.87786865234375,28573500
2025-12-19 05:00:00,486.2501387748106,486.7390436209232,481.39123391446,484.8134460449219,70836100
2025-12-22 05:00:00,485.0129839081317,487.6170561484318,481.5908021440126,483.8157348632813,16963000
2025-12-23 05:00:00,483.8755963136496,486.7190818282799,483.6361221459561,485.7413330078125,14683600
2025-12-24 05:00:00,484.5739628623746,488.04604888584674,483.7258924615979,486.90863037109375,5855900
2025-12-26 05:00:00,485.601642461088,487.0084352251927,484.85335038112265,486.599365234375,8842200
2025-12-29 05:00:00,483.7558335295542,487.23790659993216,483.0773893732932,485.9907531738281,10893400
2025-12-30 05:00:00,484.8234150126488,488.5648753746365,484.39440153201394,486.3699035644531,13944500
2025-12-31 05:00:00,486.7290680267604,487.0284031238816,482.1993981667827,482.5186767578125,15601600
2026-01-02 05:00:00,483.2869444224563,483.5563186075122,469.0893385249197,471.8630065917969,25571600
2026-01-05 05:00:00,472.98042932285466,474.9858617296903,468.4308161640092,471.773193359375,25250300
2026-01-06 05:00:00,472.72102257015473,477.6497753472042,468.6802576477938,477.4203186035156,23037700
2026-01-07 05:00:00,478.6674756822987,488.5848422406915,476.86159994291296,482.3690185546875,25564200
2026-01-08 05:00:00,480.1440867981463,481.5608665012806,474.7763335277468,477.0212097167969,18162600
2026-01-09 05:00:00,472.9804540365218,478.72734693664125,471.1247042989064,478.1885681152344,18491000
2026-01-12 05:00:00,475.5845048686955,479.89464390147504,474.5967386659474,476.0933227539063,23519900
2026-01-13 05:00:00,473.5990225282599,474.6965236309785,464.888922501957,469.5981750488281,28545800
2026-01-14 05:00:00,465.39775666549855,467.13381499707015,456.1289340170423,458.3338928222656,28184300
2026-01-15 05:00:00,463.0630900555096,463.1927988881192,454.8618076165624,455.6200866699219,23225800
2026-01-16 05:00:00,456.78739866953146,462.13520850615447,455.4404972994736,458.8127746582031,34246700
2026-01-20 05:00:00,450.1924514863621,455.7597309230742,448.2568669541529,453.4849243164063,26130000
2026-01-21 05:00:00,451.5693196059127,451.6591109990197,437.68100562513575,443.0986328125,37980500
2026-01-22 05:00:00,446.600636936346,451.8087507279656,443.6873036586902,450.1126403808594,25349400
2026-01-23 05:00:00,450.8409629929935,470.0271819611143,449.50401819491054,464.888916015625,38000200
2026-01-26 05:00:00,464.2503622118351,473.1700058760031,460.9479024031912,469.20904541015625,29291200
2026-01-27 05:00:00,472.6212886177101,481.7703893732875,472.0825097961169,479.485595703125,29213900
2026-01-28 05:00:00,482.10959164059926,482.63838346935967,476.9114647448887,480.533203125,36875400
2026-01-29 05:00:00,438.98802836564175,441.4923222419712,420.06122635013605,432.5128173828125,128855300
2026-01-30 05:00:00,438.1699022937122,438.5989157576861,425.47886802078926,429.3101196289063,58566800
2026-02-02 05:00:00,429.2602343395754,429.7590957240154,421.2884391596101,422.4058837890625,42219900
2026-02-03 05:00:00,421.0489834358989,421.0888704228976,407.6296003977664,410.2735595703125,61424100
2026-02-04 05:00:00,410.0640575889883,418.84400576689177,408.3080557741746,413.2467956542969,45012400
2026-02-05 05:00:00,406.5121603821184,407.37018733348754,391.4265972483441,392.7735290527344,66289200
2026-02-06 05:00:00,398.2609865133262,400.87501513504304,392.0252195920243,400.22650146484375,53515300
2026-02-09 05:00:00,403.9280678877113,413.9452129833927,399.9571203178888,412.65814208984375,45480500
2026-02-10 05:00:00,418.6644027817824,422.7151545880433,411.76017861217,412.328857421875,44857900
2026-02-11 05:00:00,415.2322299614449,415.51159110220135,400.096793508188,403.4491271972656,42491000
2026-02-12 05:00:00,404.07770370563327,405.2749831551046,397.1036315998776,400.9248962402344,40802400
2026-02-13 05:00:00,403.528974460687,404.6164885937556,397.1435245648219,400.4060974121094,34091600
2026-02-17 05:00:00,398.31087932693146,399.607906728736,393.6315571718042,395.9562377929688,32078800
2026-02-18 05:00:00,397.2233488345012,401.6432531481791,395.41747315874426,398.6900024414063,23223400
2026-02-19 05:00:00,400.6900024414063,404.4299926757813,396.6700134277344,398.4599914550781,28234000
2026-02-20 05:00:00,396.1099853515625,400.1199951171875,395.1600036621094,397.2300109863281,34015200
2026-02-23 05:00:00,395.0,395.3599853515625,383.1000061035156,384.4700012207031,43238300
2026-02-24 05:00:00,384.1400146484375,389.3599853515625,381.7099914550781,389.0,33884700
2026-02-25 05:00:00,390.5299987792969,401.4700012207031,390.1600036621094,400.6000061035156,43625500
2026-02-26 05:00:00,404.7099914550781,407.489990234375,398.739990234375,401.7200012207031,34405900
2026-02-27 05:00:00,390.8800048828125,396.8200073242188,389.8800048828125,392.739990234375,51367200
2026-03-02 05:00:00,392.8599853515625,401.1900024414063,390.6300048828125,398.5499877929688,35474900
2026-03-03 05:00:00,393.1400146484375,406.7000122070313,392.6700134277344,403.9299926757813,38199200
2026-03-04 05:00:00,401.2699890136719,411.0299987792969,400.30999755859375,405.2000122070313,35808000
2026-03-05 05:00:00,404.4200134277344,411.6099853515625,404.3999938964844,410.6799926757813,39001300
2026-03-06 05:00:00,409.2000122070313,413.0499877929688,408.510009765625,408.9599914550781,31123900
2026-03-09 04:00:00,404.9200134277344,410.2099914550781,403.5,409.4100036621094,30131900
2026-03-10 04:00:00,410.0299987792969,410.2000122070313,402.9299926757813,405.760009765625,31706400
2026-03-11 04:00:00,405.5700073242188,409.010009765625,401.5899963378906,404.8800048828125,25512100
2026-03-12 04:00:00,404.6300048828125,406.1199951171875,401.7099914550781,401.8599853515625,27263900
2026-03-13 04:00:00,401.0,404.7999877929688,394.25,395.5499877929688,26848000
2026-03-16 04:00:00,398.0700073242188,400.6300048828125,394.7900085449219,399.9500122070313,27733700
2026-03-17 04:00:00,400.2699890136719,404.3999938964844,397.75,399.4100036621094,26228300
2026-03-18 04:00:00,397.1300048828125,398.0,391.0,391.7900085449219,25908500
2026-03-19 04:00:00,390.1000061035156,392.489990234375,387.05999755859375,389.0199890136719,25138800
2026-03-20 04:00:00,386.7900085449219,387.0,380.1199951171875,381.8699951171875,50853200
2026-03-23 04:00:00,383.8999938964844,387.2099914550781,381.6799926757813,383.0,29680100
2026-03-24 04:00:00,382.3599853515625,382.4700012207031,371.8500061035156,372.739990234375,42733600
2026-03-25 04:00:00,376.9200134277344,377.05999755859375,369.6300048828125,371.0400085449219,31181200
2026-03-26 04:00:00,370.8200073242188,374.7200012207031,365.1900024414063,365.9700012207031,36836600
2026-03-27 04:00:00,361.8999938964844,362.4500122070313,356.510009765625,356.7699890136719,37883400
2026-03-30 04:00:00,361.8999938964844,365.3599853515625,356.2799987792969,358.9599914550781,44797000
2026-03-31 04:00:00,364.5499877929688,372.8999938964844,363.0700073242188,370.1700134277344,45244400
2026-04-01 04:00:00,373.489990234375,373.989990234375,368.2000122070313,369.3699951171875,29417200
2026-04-02 04:00:00,367.2099914550781,373.6400146484375,364.1499938964844,373.4599914550781,24099100
2026-04-06 04:00:00,373.489990234375,373.7300109863281,369.5,372.8800048828125,16095200
2026-04-07 04:00:00,370.3399963378906,372.45001220703125,366.55999755859375,372.2900085449219,21443300
2026-04-08 04:00:00,384.9800109863281,385.0,371.4100036621094,374.3299865722656,33064800
2026-04-09 04:00:00,372.5,373.5,367.04998779296875,373.07000732421875,30435300
2026-04-10 04:00:00,372.9800109863281,375.6400146484375,370.0299987792969,370.8699951171875,28111100
2026-04-13 04:00:00,373.6099853515625,384.5400085449219,371.0199890136719,384.3699951171875,35745800
2026-04-14 04:00:00,387.9200134277344,394.69000244140625,386.5199890136719,393.1099853515625,37504500
2026-04-15 04:00:00,398.0,414.3699951171875,396.7300109863281,411.2200012207031,45063400
2026-04-16 04:00:00,419.8599853515625,420.82000732421875,412.1400146484375,420.260009765625,41642400
2026-04-17 04:00:00,424.82000732421875,431.5799865722656,420.69000244140625,422.7900085449219,48568200
2026-04-20 04:00:00,421.1499938964844,423.3299865722656,416.29998779296875,418.07000732421875,27582200
2026-04-21 04:00:00,420.239990234375,427.17999267578125,417.20001220703125,424.1600036621094,32048500
2026-04-22 04:00:00,426.19000244140625,433.70001220703125,423.6700134277344,432.9200134277344,29378200
2026-04-23 04:00:00,419.8900146484375,423.6600036621094,411.4100036621094,415.75,38308000
2026-04-24 04:00:00,416.9700012207031,424.95001220703125,415.79998779296875,424.6199951171875,27457400
2026-04-27 04:00:00,422.3800048828125,427.1099853515625,417.07000732421875,424.82000732421875,30867300
2026-04-28 04:00:00,424.57000732421875,429.9200134277344,421.8999938964844,429.25,30438100
2026-04-29 04:00:00,424.5799865722656,426.82000732421875,420.2900085449219,424.4599914550781,38288300
2026-04-30 04:00:00,410.80999755859375,414.4200134277344,398.010009765625,407.7799987792969,70909400
2026-05-01 04:00:00,412.79998779296875,417.1099853515625,410.44000244140625,414.44000244140625,31372400
2026-05-04 04:00:00,411.5400085449219,420.7799987792969,410.79998779296875,413.6199951171875,28033200
