Date,Open,High,Low,Close,Volume
2021-04-07 04:00:00,109.74792488664195,111.30505479925696,109.74792488664195,111.03379821777344,24134000
2021-04-08 04:00:00,112.27207187647824,112.658382510487,111.23117534122576,111.59913635253906,28664000
2021-04-09 04:00:00,111.35167993918044,112.76648496837154,110.94602844319752,112.60283660888672,26146000
2021-04-12 04:00:00,111.78211703998792,111.91947814319695,110.4778940603642,111.3110122680664,25024000
2021-04-13 04:00:00,111.62691342728266,112.2457989452042,111.2331645513878,111.79750061035156,25682000
2021-04-14 04:00:00,112.44217717256038,112.44217717256038,110.884555124109,111.1766357421875,21002000
2021-04-15 04:00:00,112.1704155210859,113.8589591031954,111.63583238423234,113.32585906982422,29174000
2021-04-16 04:00:00,113.5237224246354,113.77167310788025,112.61523075801728,113.2018814086914,26282000
2021-04-19 04:00:00,112.5785359848576,114.26013311386431,112.5785359848576,113.54950714111328,30290000
2021-04-20 04:00:00,113.93284788352209,114.00772947962533,111.93090021599528,113.01642608642578,22288000
2021-04-21 04:00:00,112.67127568827584,113.06551638343235,111.32093263815868,112.98369598388672,23204000
2021-04-22 04:00:00,112.837393589657,113.50587220316932,111.09777377545008,111.70277404785156,24146000
2021-04-23 04:00:00,112.4208378072845,114.36080521624169,112.13569603609702,114.05384063720705,29066000
2021-04-26 04:00:00,114.28147605175818,115.27377833952217,113.92442641129978,114.5497589111328,32038000
2021-04-27 04:00:00,114.93158969348886,114.97225396912138,113.37098650498808,113.61001586914062,44386000
2021-04-28 04:00:00,118.6444052488308,120.57247005777243,116.69650771409113,116.98512268066406,81106000
2021-04-29 04:00:00,118.48224361950828,119.22262247919517,117.71954253961522,118.65729522705078,41234000
2021-04-30 04:00:00,117.4304349006282,118.1162643027293,116.36623251844566,116.71038818359376,44856000
2021-05-03 04:00:00,117.2762166409626,118.10139729687744,115.81777346888248,116.19366455078124,28242000
2021-05-04 04:00:00,114.7292632611338,115.29657305551342,111.9090738290094,114.3960189819336,44818000
2021-05-05 04:00:00,115.47708449305684,115.79297039823858,114.46792338467594,114.78976440429688,26636000
2021-05-06 04:00:00,114.3712116819427,115.90950012207033,113.71216140342943,115.90950012207033,25190000
2021-05-07 04:00:00,117.22563540770174,117.59061507127338,116.34639717350244,116.63253021240234,28898000
2021-05-10 04:00:00,115.45278230823058,115.59461543086714,113.29065197517464,113.64820098876952,30914000
2021-05-11 04:00:00,111.23414573224052,113.079391175707,110.78039176678136,112.57257843017578,34186000
2021-05-12 04:00:00,110.3970831268485,111.4776527768128,108.78193027743689,109.11071014404295,46376000
2021-05-13 04:00:00,110.39359185483993,111.05413282086089,109.43154201842614,110.53839874267578,33204000
2021-05-14 04:00:00,112.00131096781348,113.29957888960938,111.577809256897,112.98517608642578,31996000
2021-05-17 04:00:00,112.25074645700624,113.55050506879932,111.85105006420112,113.5078582763672,21598000
2021-05-18 04:00:00,114.17385549892236,114.43817329757108,112.18231233154226,112.19619750976562,22204000
2021-05-19 04:00:00,110.50815409240448,112.81706629241611,110.35988157512776,112.6439971923828,23684000
2021-05-20 04:00:00,113.611006621068,114.65239495545592,113.24007185238472,114.40196990966795,32352000
2021-05-21 04:00:00,114.920672247248,114.99407073122585,113.52669126628258,113.7662124633789,40632000
2021-05-24 04:00:00,114.79571714938808,117.30795076933327,114.65041840397706,117.08430480957033,31832000
2021-05-25 04:00:00,117.6278039964334,118.22288412982375,116.78477317689254,117.175048828125,22440000
2021-05-26 04:00:00,117.35604726795344,118.47034224534134,117.3530734941784,118.03990173339844,21572000
2021-05-27 04:00:00,118.47330744370343,118.47330744370343,116.84725108794768,117.16561889648438,35224000
2021-05-28 04:00:00,117.7478111847202,117.82963157956378,116.67815310319966,116.8765106201172,21482000
2021-06-01 04:00:00,117.74879520281785,118.30767545540137,116.74905491589836,118.0830307006836,23354000
2021-06-02 04:00:00,118.478278661861,118.70094093106418,116.65385700275765,117.55789184570312,21158000
2021-06-03 04:00:00,116.3250761646754,116.88494774617168,115.52121891925472,116.41681671142578,18696000
2021-06-04 04:00:00,117.49241971560096,118.96822109902912,117.15222909034824,118.69745635986328,24458000
2021-06-07 04:00:00,118.492667006448,119.23999231025896,118.07412912075807,119.1303939819336,24120000
2021-06-08 04:00:00,119.61191557625074,119.98433347180782,118.75747389251524,118.93897247314452,24240000
2021-06-09 04:00:00,119.5831490532692,119.65504930518124,118.86260289582098,119.41007995605467,17942000
2021-06-10 04:00:00,119.35950822281023,120.80159194896392,119.2037974733741,120.7584457397461,25904000
2021-06-11 04:00:00,120.99993539094038,121.08522897452744,119.95655696176604,120.51395416259766,21958000
2021-06-14 04:00:00,120.61610010936498,121.44227193584572,119.90894733034322,121.44178009033205,22098000
2021-06-15 04:00:00,121.44624948123858,121.76908177598152,120.06367916664864,120.42420196533205,21562000
2021-06-16 04:00:00,120.5754393849675,120.88686840654948,118.49067266185558,119.7824935913086,26472000
2021-06-17 04:00:00,119.70812106140868,121.51815815207104,119.51223788888802,120.74554443359376,25842000
2021-06-18 04:00:00,120.37211233184088,120.6061778242269,119.03119771508092,119.12641143798828,46116000
2021-06-21 04:00:00,119.51273077628596,120.99993548875224,118.91566055698492,120.81397247314452,27414000
2021-06-22 04:00:00,120.75198899495656,121.39666231815684,120.07161525109758,121.32772827148438,22390000
2021-06-23 04:00:00,121.09265895404788,122.08644415141389,120.83578696282714,121.12588500976562,19148000
2021-06-24 04:00:00,121.6941842278722,122.04676934961248,121.29746921451058,121.4958267211914,21362000
2021-06-25 04:00:00,120.99993398696203,121.62774832820789,120.5685022175003,121.50426483154295,34594000
2021-06-28 04:00:00,121.67288132884134,121.77851462630449,120.41032128479314,121.53155517578124,28526000
2021-06-29 04:00:00,121.66494274006068,122.0125716067318,120.69347211365788,121.27020263671876,23108000
2021-06-30 04:00:00,120.99447687115276,121.2548296268427,120.35972373185534,121.08869934082033,24474000
2021-07-01 04:00:00,120.7272037205101,121.58213731642527,120.5352931326428,121.44081115722656,18110000
2021-07-02 04:00:00,122.14050574564968,124.37602688380984,122.0507477211,124.23072814941406,25982000
2021-07-06 04:00:00,124.61852879829608,125.39164190205774,123.56126516970392,125.15559387207033,26404000
2021-07-07 04:00:00,126.11962731057842,126.240621316996,125.1188956447412,125.43726348876952,24060000
2021-07-08 04:00:00,123.0093289727932,124.56595957690324,123.005363941043,124.01898193359376,23790000
2021-07-09 04:00:00,124.00014669515204,124.70382636334314,123.53052498165192,124.4896011352539,18632000
2021-07-12 04:00:00,125.14369092382792,126.02788545144588,124.581337423186,125.93465423583984,17668000
2021-07-13 04:00:00,125.99712795199184,127.00777214039664,125.63611333534344,126.29764556884766,19240000
2021-07-14 04:00:00,126.90910159126688,128.2663910341705,126.865955385297,127.1858139038086,23742000
2021-07-15 04:00:00,127.59444929137344,127.64502615274154,125.49281574408224,125.96392059326172,24218000
2021-07-16 04:00:00,126.61651932695658,126.7638005858177,125.11939443436252,125.92919921875,20424000
2021-07-19 04:00:00,125.05592359959856,125.17047821898709,122.4926060326798,123.55681610107422,27968000
2021-07-20 04:00:00,124.49850294432188,126.00158275916938,123.33115686036928,125.17491912841795,26312000
2021-07-21 04:00:00,125.09956995372688,126.55008320503262,124.9904710296278,126.50347137451172,20746000
2021-07-22 04:00:00,126.79602416530378,127.4297860202273,126.4538510284207,127.36878204345705,14302000
2021-07-23 04:00:00,129.36134951410625,132.30552235060202,128.7365239533056,131.92466735839844,41506000
2021-07-26 04:00:00,132.23557346986715,133.13661932706722,131.2169841004671,132.936279296875,30572000
2021-07-27 04:00:00,133.1500131960715,133.29729444563313,129.0375036233096,130.8187713623047,54710000
2021-07-28 04:00:00,135.19460884795575,137.16333785236336,134.1685888131194,134.9783935546875,95130000
2021-07-29 04:00:00,135.0339491373532,135.54076195696248,134.4319301471159,134.6645050048828,31716000
2021-07-30 04:00:00,133.92807412606015,134.19536566595704,133.1544692717714,133.62210083007812,25576000
2021-08-02 04:00:00,134.00942969336194,134.22712811804664,132.69727646334016,133.74908447265625,21634000
2021-08-03 04:00:00,134.02726631580427,134.61937271017896,132.22665752851483,134.51821899414062,20762000
2021-08-04 04:00:00,134.24000035779645,134.53754419070725,133.38456751331833,134.01783752441406,19676000
2021-08-05 04:00:00,134.56830968720467,135.23233153572974,133.74064701893116,135.13462829589844,17870000
2021-08-06 04:00:00,134.9268333121691,135.3538006308955,134.10165272092112,134.6258087158203,20488000
2021-08-09 04:00:00,134.8281306553872,136.05945443864798,134.23006169786746,135.79066467285156,17760000
2021-08-10 04:00:00,136.21616508986884,136.64314754338798,135.246684585336,135.68556213378906,19414000
2021-08-11 04:00:00,136.05699411421284,136.55387918721985,135.15444996704406,135.16189575195312,15352000
2021-08-12 04:00:00,134.86087941942685,136.17453085667606,134.3153999728154,136.06939697265625,16506000
2021-08-13 04:00:00,136.12493157350525,136.72646625528014,135.90971509193332,136.5985107421875,15948000
2021-08-16 04:00:00,136.39766610111587,137.22830997813796,134.18991525462013,137.1757354736328,22384000
2021-08-17 04:00:00,136.62083810095478,137.13211535901215,134.96651172789996,135.541259765625,21716000
2021-08-18 04:00:00,135.38106359666662,135.98061569212976,134.21222682101478,134.33868408203125,19258000
2021-08-19 04:00:00,133.33350458588953,135.234782779033,133.1495240793781,134.5677947998047,21782000
2021-08-20 04:00:00,134.8851768373789,136.42643919078785,134.1413247592316,136.30296325683594,31194000
2021-08-23 04:00:00,136.83853312618544,139.71971902868404,136.47950099945666,138.8935546875,28454000
2021-08-24 04:00:00,139.4588501005937,140.91531805934204,139.18809294920172,140.10353088378906,19268000
2021-08-25 04:00:00,140.4640639174662,141.02393547801682,140.21711205572635,140.91433715820312,15848000
2021-08-26 04:00:00,140.58805446280763,141.2500786299819,140.19827061437374,140.28109741210938,20610000
2021-08-27 04:00:00,140.49133697664018,143.3278934785733,140.3371093469741,142.8235626220703,28780000
2021-08-30 04:00:00,143.2163138187646,144.77395084299167,142.98125704674328,143.40525817871094,24434000
2021-08-31 04:00:00,143.9571917138558,143.98148131585134,143.0982932268432,143.51136779785156,22448000
2021-09-01 04:00:00,143.8113978553602,145.05511631686906,143.69585198821633,144.02513122558594,21936000
2021-09-02 04:00:00,144.02563035315396,144.32663982177834,142.01127317307444,142.11244201660156,32342000
2021-09-03 04:00:00,141.90763889729274,142.9733244158988,141.23320515681905,142.5612335205078,19850000
2021-09-07 04:00:00,142.65543520513765,143.37994628303565,142.4417018644276,143.0977783203125,20124000
2021-09-08 04:00:00,142.9187663228827,143.21629500759505,141.82777736657997,142.5131072998047,18344000
2021-09-09 04:00:00,142.66139378468432,143.12754225665788,142.0038341746833,142.36434936523438,15314000
2021-09-10 04:00:00,143.030327736573,143.53219172169224,139.58432216189144,139.72119140625,36840000
2021-09-13 04:00:00,140.78588503191912,141.77818710345173,140.09212560958235,141.16575622558594,22094000
2021-09-14 04:00:00,141.82332937621524,142.18782475783476,140.5880403778888,141.3760223388672,19674000
2021-09-15 04:00:00,141.60119149102275,143.26642945602535,140.18886811566094,143.24560546875,27408000
2021-09-16 04:00:00,142.77050902430236,143.1171466443425,141.23421048693598,142.43280029296875,26190000
2021-09-17 04:00:00,141.858059023679,142.27411498980177,139.31854675119118,139.64584350585938,53384000
2021-09-20 04:00:00,137.02895758765368,137.86058517975945,135.20454353336754,137.58238220214844,46518000
2021-09-21 04:00:00,138.60394429145057,138.86380522550456,137.1445098358899,137.89332580566406,25332000
2021-09-22 04:00:00,138.16211224583924,139.73212885375122,137.41577814102456,139.13357543945312,25056000
2021-09-23 04:00:00,139.83181383714714,140.53500172725538,139.25061879288333,140.05844116210938,20952000
2021-09-24 04:00:00,139.38648419130865,141.16380230179908,139.09142223509036,141.0492401123047,22984000
2021-09-27 04:00:00,139.6502793563309,140.77498621502428,138.91932129401908,139.91558837890625,21882000
2021-09-28 04:00:00,137.51839213084114,137.95627081170986,134.2504042886669,134.716552734375,45772000
2021-09-29 04:00:00,135.85713198450668,136.02673545516842,132.7676762055498,133.25216674804688,30848000
2021-09-30 04:00:00,133.1609261171282,134.4314160804283,132.46120397036233,132.58021545410156,37996000
2021-10-01 04:00:00,133.3453939422307,135.7882166913334,132.97396732571667,135.42372131347656,35360000
2021-10-04 04:00:00,134.84597552340657,134.84597552340657,129.97573673510337,132.5638427734375,51202000
2021-10-05 04:00:00,132.9422266108893,136.09963269834668,132.9422266108893,134.90797424316406,32404000
2021-10-06 04:00:00,133.64543520241895,136.62084377835407,133.44707765743206,136.43736267089844,24364000
2021-10-07 04:00:00,137.75347740127893,138.89405973958108,137.51445558203253,138.08375549316406,25110000
2021-10-08 04:00:00,138.4328463076523,139.1806633910254,138.07629612988345,138.6396484375,26526000
2021-10-11 04:00:00,138.15020647249565,139.55856466782143,137.72074204736637,137.77529907226562,17954000
2021-10-12 04:00:00,138.33666593391,138.36345260313473,134.64715789042404,135.3305206298828,36332000
2021-10-13 04:00:00,136.27617541967604,136.86878120226152,135.39991852664056,136.45420837402344,19654000
2021-10-14 04:00:00,138.33070229242213,140.17892171906655,137.68702021920703,139.99395751953125,31894000
2021-10-15 04:00:00,140.4536525487432,140.55630449662968,139.60120099035484,140.20916748046875,30274000
2021-10-18 04:00:00,139.92007540027947,141.62547801674657,139.91312902751054,141.6076202392578,20396000
2021-10-19 04:00:00,142.21211472454235,142.4848695628123,141.43107913400408,142.06285095214844,20164000
2021-10-20 04:00:00,142.16302664662172,142.36932937667234,140.21760340386373,140.6068878173828,23288000
2021-10-21 04:00:00,140.60690087056568,140.99073718424137,139.34830579006115,140.7229461669922,26292000
2021-10-22 04:00:00,138.00934325689758,139.4305952313603,134.94071143427604,136.43882751464844,50588000
2021-10-25 04:00:00,136.42246503075222,136.86877322103567,134.31388545894404,136.3203125,34412000
2021-10-26 04:00:00,138.12195088453703,138.93472200245623,137.1708122409943,138.1665802001953,49236000
2021-10-27 04:00:00,138.26227904833755,147.43149181607174,138.26227904833755,145.01893615722656,85782000
2021-10-28 04:00:00,145.92841199689116,145.9517179093353,143.44145926717053,144.6534423828125,36206000
2021-10-29 04:00:00,143.8887552596137,147.0268204605567,143.46377046547764,146.83242797851562,43320000
2021-11-01 04:00:00,146.8324309481015,146.8324309481015,142.05143515277334,142.32070922851562,46924000
2021-11-02 04:00:00,143.39436697063186,145.4072262525026,143.15236379198146,144.24037170410156,33482000
2021-11-03 04:00:00,144.7045091916116,145.46671841466951,143.40574947129778,145.39630126953125,27494000
2021-11-04 04:00:00,145.91847295050908,148.5060949140484,145.10866822451723,147.05210876464844,38412000
2021-11-05 04:00:00,147.94670774549678,149.0952199954821,146.98219111996391,147.63182067871094,38354000
2021-11-08 05:00:00,148.59683920952253,149.38037183168208,147.21376959274264,147.80935668945312,23052000
2021-11-09 05:00:00,148.00970530712945,148.60627612949312,146.03799485146035,147.69778442382812,19530000
2021-11-10 05:00:00,146.29090824279103,146.85624308458767,143.35269859682205,144.69757080078125,29970000
2021-11-11 05:00:00,145.28870535866426,146.3261363445216,144.40698511974696,144.57162475585938,16518000
2021-11-12 05:00:00,145.41365059304397,147.6298460762428,144.21902587009922,147.45924377441406,22360000
2021-11-15 05:00:00,147.6799019486694,148.3235839005728,146.3652671051845,147.23507690429688,23508000
2021-11-16 05:00:00,146.93509022325514,147.5430567260628,146.10494573454355,146.66383361816406,18904000
2021-11-17 05:00:00,146.8140636628539,147.34170037420662,146.033028153426,146.83340454101562,19594000
2021-11-18 05:00:00,147.026320462845,149.3461514524102,146.67225222682112,148.6102294921875,35608000
2021-11-19 05:00:00,148.7461161421964,149.7290051929881,147.67844804906963,147.70571899414062,33682000
2021-11-22 05:00:00,148.10839815896483,148.60131822577375,144.94950861350554,145.1027374267578,30594000
2021-11-23 05:00:00,144.9549360689054,145.45778377770264,142.93364778882065,144.58697509765625,27218000
2021-11-24 05:00:00,144.280995397565,145.05063520690538,143.18952217259164,144.9221954345703,18040000
2021-11-26 05:00:00,143.16521675032945,143.37250313576732,140.67976264069813,141.01747131347656,30470000
2021-11-29 05:00:00,142.81958339759728,145.098250620001,142.71395011842046,144.33753967285156,32596000
2021-11-30 05:00:00,143.819835487134,144.80320881089577,140.44076564760363,140.73434448242188,42068000
2021-12-01 05:00:00,142.8195800691717,144.75409160154007,139.7568960612623,139.89524841308594,34020000
2021-12-02 05:00:00,140.0921154938086,142.68518529611637,139.06509677127372,141.79405212402344,29194000
2021-12-03 05:00:00,142.5032312136305,143.21633168228553,139.15093259281727,140.83749389648438,41230000
2021-12-06 05:00:00,141.8679430077585,142.67328324398704,139.0011345584632,141.98150634765625,30618000
2021-12-07 05:00:00,144.4030265379746,146.32167843600868,144.03704800153227,146.06231689453125,32240000
2021-12-08 05:00:00,146.3865960515908,147.17657557723103,145.205864201199,146.9717559814453,24270000
2021-12-09 05:00:00,146.38117245241173,147.8778055616714,145.9090763713213,146.42828369140625,23270000
2021-12-10 05:00:00,147.481060069157,147.75628168931388,145.501419679147,146.7882843017578,24458000
2021-12-13 05:00:00,146.5700951293805,146.75705697342113,144.32466128723686,144.63113403320312,27070000
2021-12-14 05:00:00,142.78784526013442,143.29564167577516,140.05740665054037,142.7273406982422,38446000
2021-12-15 05:00:00,142.23342665334246,145.51827360710053,140.51661343560883,145.24057006835938,36370000
2021-12-16 05:00:00,145.96412418925743,146.4664725789084,142.42982768319294,143.26097106933594,33650000
2021-12-17 05:00:00,141.33187339915958,142.655437143821,140.141713281487,140.563232421875,50416000
2021-12-20 05:00:00,138.85239100741393,140.61235063263806,138.17895606354023,140.4462127685547,27192000
2021-12-21 05:00:00,140.88904290220043,142.68966664568237,139.35076199155114,142.29641723632812,28756000
2021-12-22 05:00:00,141.89474965551238,145.2991078691126,141.89474965551238,145.2147979736328,26322000
2021-12-23 05:00:00,145.29909901208103,147.028306818594,145.25148836497797,145.71218872070312,26384000
2021-12-27 05:00:00,146.0488809691419,147.1279596597085,145.9630879857215,146.6940460205078,15976000
2021-12-28 05:00:00,147.0208719014242,147.08335898865232,144.85726596471994,145.4845733642578,18200000
2021-12-29 05:00:00,145.44242309096177,146.208597395199,144.45360165448406,145.4528350830078,17788000
2021-12-30 05:00:00,145.49149904628018,146.0925342403559,144.7977396262419,145.00204467773438,15688000
2021-12-31 05:00:00,144.85278953169097,145.49597213944008,143.66461181640625,143.66461181640625,18136000
2022-01-03 05:00:00,143.86596514809975,144.6554454776026,142.53497035254995,143.80299377441406,28646000
2022-01-04 05:00:00,144.20414226489285,145.28421989053714,142.5384203965496,143.2158203125,28400000
2022-01-05 05:00:00,143.23614798069272,143.3149946024937,136.55933735130031,136.64561462402344,54618000
2022-01-06 05:00:00,135.8754787528965,138.79286404298605,135.43908316933738,136.6183319091797,37348000
2022-01-07 05:00:00,137.01308839091683,137.31361360301065,134.6535916733449,135.8938446044922,29760000
2022-01-10 05:00:00,133.97072480010584,137.68155536055949,132.07291243739996,137.53277587890625,44408000
2022-01-11 05:00:00,136.87572990846158,139.06662188460535,135.57200624477076,138.59054565429688,28730000
2022-01-12 05:00:00,139.99296095115926,141.4390172004531,139.54120457664413,140.2711639404297,26108000
2022-01-13 05:00:00,140.37977039221903,141.67904485341882,137.27443890098434,137.45098876953125,31436000
2022-01-14 05:00:00,135.9553241572003,139.5883072001904,135.87549384235362,138.33714294433594,29662000
2022-01-18 05:00:00,135.0587449968263,136.00740156008052,134.32828625328975,134.88319396972656,34872000
2022-01-19 05:00:00,135.40440607477944,136.82863968515622,133.90877161248727,134.00894165039062,28648000
2022-01-20 05:00:00,135.1331212999803,136.49784887181025,131.8745463034307,132.21473693847656,29908000
2022-01-21 05:00:00,131.50663135157177,133.75999568673876,129.0201775821634,129.2830047607422,55652000
2022-01-24 05:00:00,124.94532175448224,130.12749709636913,123.47944046052136,129.7317657470703,76622000
2022-01-25 05:00:00,127.68469738972522,128.33829204225916,125.46355309123716,125.8944854736328,46960000
2022-01-26 05:00:00,130.04418655853962,131.9097642410679,126.0997821030536,128.17364501953125,49130000
2022-01-27 05:00:00,130.22766790037994,131.56510941651305,127.87560201075176,127.94751739501952,31950000
2022-01-28 05:00:00,128.59613680815025,132.2633368035548,127.43176448871137,132.25787353515625,34362000
2022-01-31 05:00:00,133.06225920242,134.3625173657848,131.1257647038749,134.19439697265625,39986000
2022-02-01 05:00:00,136.46660753981268,136.6634819687619,133.26705377749363,136.5157012939453,68644000
2022-02-02 05:00:00,150.01014748135128,150.30421054385434,144.32960458845056,146.7867889404297,123200000
2022-02-03 05:00:00,144.5111378369467,148.4480970136978,141.49604864905484,141.9170684814453,71518000
2022-02-04 05:00:00,142.26867081780298,143.6874410729593,139.36317994593287,142.118408203125,57998000
2022-02-07 05:00:00,143.06754453763955,143.06754453763955,137.76139385139092,138.0599365234375,54974000
2022-02-08 05:00:00,137.8868730262489,138.8523885484705,135.8908729676065,138.25631713867188,54284000
2022-02-09 05:00:00,139.80797789700927,141.3561864794341,139.03783863725857,140.4313201904297,40144000
2022-02-10 05:00:00,138.55831786227063,140.3247091861647,136.8261287196153,137.4836883544922,39330000
2022-02-11 05:00:00,137.46389194059492,138.0158184054632,132.30650460553775,133.18177795410156,39958000
2022-02-14 05:00:00,132.16415735662878,135.18271167288583,132.16415735662878,134.41505432128906,34302000
2022-02-15 05:00:00,136.4427979327925,136.9763973849014,134.7081419187358,135.4886932373047,26680000
2022-02-16 05:00:00,135.52638804007637,136.9540871557712,133.81800399557383,136.60894775390625,25022000
2022-02-17 05:00:00,135.12617731893766,135.98954027468156,131.39254001045597,131.45254516601562,38950000
2022-02-18 05:00:00,132.37293985364457,132.97100892915242,129.12925617493363,129.3340606689453,45620000
2022-02-22 05:00:00,128.77367925061782,131.09697591573786,127.17241181915688,128.7493896484375,44990000
2022-02-23 05:00:00,130.56934576146136,130.9685427450542,126.48212435927556,126.54212951660156,32786000
2022-02-24 05:00:00,123.92923223959936,131.90977476291786,123.92923223959936,131.60330200195312,54456000
2022-02-25 05:00:00,132.4572527893111,134.16265544616002,130.67150526556998,133.35731506347656,36406000
2022-02-28 05:00:00,131.95933857117558,134.63868565985877,131.50558464556352,133.94989013671875,38864000
2022-03-01 05:00:00,133.77285909543676,135.13857036774974,132.12647806196426,132.96255493164062,26496000
2022-03-02 05:00:00,133.52443917740345,134.1537291225903,131.9806947822643,133.46839904785156,23520000
2022-03-03 05:00:00,134.8950682854782,135.32105186734134,131.9350362852021,132.8018798828125,24604000
2022-03-04 05:00:00,131.83786771432526,132.75428947542676,129.26908704703752,130.82522583007812,30430000
2022-03-07 05:00:00,130.41017325885227,130.65514261832865,125.25973295853518,125.3425521850586,45112000
2022-03-08 05:00:00,125.21509629053482,130.17411000501144,124.64431332771989,126.06259155273438,40428000
2022-03-09 05:00:00,130.17409924594682,132.63922887603567,128.83565901257035,132.32630920410156,37026000
2022-03-10 05:00:00,130.1900181571221,132.1795716931348,129.83941543572246,131.34397888183594,27102000
2022-03-11 05:00:00,132.39427790231107,132.69876817612587,128.5688993986971,128.80593872070312,31526000
2022-03-14 04:00:00,129.1823123139877,129.34000556632407,124.2480949884942,124.91854858398438,38812000
2022-03-15 04:00:00,125.93513042039176,128.79004377353704,124.68992141435147,128.138916015625,30920000
2022-03-16 04:00:00,129.66135482928354,132.240032982956,127.67923236827228,132.18797302246094,35576000
2022-03-17 04:00:00,132.05755123913005,132.98141880336502,131.10144887364655,132.7418975830078,28264000
2022-03-18 04:00:00,132.3307953908697,135.12718720596732,131.17435293501333,135.00965881347656,44566000
2022-03-21 04:00:00,135.04734336733472,135.92658166615294,132.99332054198618,134.98585510253906,26832000
2022-03-22 04:00:00,134.98586098558138,139.89379910609253,134.98586098558138,138.7214813232422,35496000
2022-03-23 04:00:00,137.56551524552734,138.44425402347676,136.70513365586095,137.1420135498047,25154000
2022-03-24 04:00:00,138.058933800913,140.458110844999,136.62132231474047,140.4114990234375,26396000
2022-03-25 04:00:00,140.7526772850465,140.87070507937713,138.59203769066454,140.5116729736328,24126000
2022-03-28 04:00:00,139.74553147376514,140.83850330776082,138.66545356262523,140.29598999023438,35050000
2022-03-29 04:00:00,141.47820601311636,142.6148082235357,140.87418935059165,141.3373565673828,34318000
2022-03-30 04:00:00,141.29220332405055,141.55056596107124,140.43925249315063,140.7749786376953,19884000
2022-03-31 04:00:00,140.88856773781393,140.9431247655112,137.88490447229108,137.92755126953125,37524000
2022-04-01 04:00:00,138.3564979945896,139.3195316638882,137.1737682495904,139.0016632080078,25942000
2022-04-04 04:00:00,139.20795791982718,142.53396895874045,139.16034726925992,141.79953002929688,25942000
2022-04-05 04:00:00,141.69787954637118,141.8183741448747,139.23176584389168,139.4385528564453,21418000
2022-04-06 04:00:00,137.6126258686909,138.21812553888182,134.40612601563646,135.42868041992188,32468000
2022-04-07 04:00:00,134.89509176328988,136.04013849416,133.1272020827794,134.77459716796875,26234000
2022-04-08 04:00:00,134.47206944780507,134.55786243440133,131.87553388786895,132.1949005126953,25142000
2022-04-11 04:00:00,130.7429100506066,131.009702203024,127.61377361707454,127.76750183105467,36884000
2022-04-12 04:00:00,130.52125805208976,130.52125805208976,125.74969005200958,126.6676025390625,32710000
2022-04-13 04:00:00,126.95075200878496,129.26561926423614,126.6938724329844,128.8292236328125,27928000
2022-04-14 04:00:00,129.40993832117093,129.40993832117093,125.56322179244722,125.69116973876952,31598000
2022-04-18 04:00:00,125.958960284829,127.16151517107208,125.14766477730132,126.62991333007812,20808000
2022-04-19 04:00:00,126.64477542409657,129.26461711503015,125.95844660693362,128.9432830810547,26490000
2022-04-20 04:00:00,129.81904388797793,130.3218916355038,126.45485065417712,126.99041748046876,31696000
2022-04-21 04:00:00,128.1905009821093,129.03204110665789,123.50571776803208,123.7913589477539,36446000
2022-04-22 04:00:00,123.97534345046292,124.37404857874348,117.95014478551222,118.65481567382812,56884000
2022-04-25 04:00:00,118.12469276013913,122.26695521347696,117.53953279206785,122.06512451171876,46128000
2022-04-26 04:00:00,121.29202455748772,121.50575793064276,117.53953815889362,117.67739868164062,73054000
2022-04-27 04:00:00,113.53116592670582,116.2809382238553,111.81237758233146,113.35760498046876,91820000
2022-04-28 04:00:00,115.46071897101857,118.66870208583144,113.17956960106592,117.55094146728516,48884000
2022-04-29 04:00:00,115.77760037683387,116.9533836790152,112.88153803374084,113.1741180419922,42676000
2022-05-02 04:00:00,112.47538421530976,115.78850102043891,111.67698273748518,115.62733459472656,35534000
2022-05-03 04:00:00,115.47610271052352,117.4711193100596,115.08335264004305,116.37220001220705,24968000
2022-05-04 04:00:00,116.07216443085974,121.84742986414152,114.1723618582886,121.25879669189452,49916000
2022-05-05 04:00:00,119.21866011890872,120.04681450711568,114.06277194925556,115.55047607421876,45840000
2022-05-06 04:00:00,114.24031691379544,116.60775134383856,113.08090065435618,114.7977066040039,39710000
2022-05-09 04:00:00,112.32165521736496,114.1336821917544,111.08240126088768,111.58871459960938,40802000
2022-05-10 04:00:00,114.56065900721823,115.29707287210782,111.97502692676184,113.457275390625,39900000
2022-05-11 04:00:00,112.30828274140973,115.41064030425352,112.30828274140973,112.67127990722656,37534000
2022-05-12 04:00:00,110.46451302431396,113.35809330514908,108.92424196384516,111.9189910888672,53836000
2022-05-13 04:00:00,113.594142514748,116.90875017939356,112.67375572924637,115.09920501708984,35038000
2022-05-16 04:00:00,114.0131874898772,115.2177324454328,112.95593136795684,113.50687408447266,25990000
2022-05-17 04:00:00,115.88272969753332,115.94174359590812,113.9283852135548,115.51824188232422,23054000
2022-05-18 04:00:00,114.0573097597848,114.45403235058096,110.64104162864624,110.9822235107422,35126000
2022-05-19 04:00:00,110.51807047133238,112.08362994881232,109.0983015778271,109.47915649414062,34144000
2022-05-20 04:00:00,111.03329836194462,111.26389823607131,104.92925348383902,108.01524353027344,48962000
2022-05-23 04:00:00,108.6891932186079,111.2282060203502,107.84962795327247,110.57411193847656,37184000
2022-05-24 04:00:00,104.90496623527925,105.58583938493663,101.04932840845038,105.1013412475586,76780000
2022-05-25 04:00:00,104.1249046244502,105.62699334651612,103.0051614939558,104.93769073486328,40258000
2022-05-26 04:00:00,104.8107448453719,107.7588746889584,104.3624465360755,106.90890502929688,37948000
2022-05-27 04:00:00,108.58555116701476,111.3973112881312,108.24386982480868,111.39582061767578,37914000
2022-05-31 04:00:00,111.8222815933293,114.78628645360024,111.1597581140478,112.82946014404295,50012000
2022-06-01 04:00:00,113.91351567650608,116.14159882441552,112.32166882859195,112.95840454101562,36606000
2022-06-02 04:00:00,113.06551449385536,116.93304735382672,112.02065295107872,116.65831756591795,37992000
2022-06-03 04:00:00,115.111101117536,115.36798068092384,112.5879563145143,113.6020736694336,26136000
2022-06-06 04:00:00,115.74786099819684,118.36870200353404,115.21179467323218,115.8629150390625,33542000
2022-06-07 04:00:00,114.53388373543116,116.72626645111426,114.10889889465038,116.18920135498048,31590000
2022-06-08 04:00:00,115.80437996795136,117.59855692060148,115.64420478456094,116.23333740234376,26108000
2022-06-09 04:00:00,115.37393150433296,117.329274764035,113.83515114216875,113.8941650390625,25798000
2022-06-10 04:00:00,111.52326952209091,112.35043272359222,109.4613090664686,110.2502899169922,41452000
2022-06-13 04:00:00,105.91113796225396,107.89969964994523,105.24911389802192,105.52037048339844,47252000
2022-06-14 04:00:00,105.66171211229964,107.03981794977923,104.9327364683916,105.84072875976562,33706000
2022-06-15 04:00:00,107.65522972129614,110.5101358678124,106.78691045306238,108.86473846435548,39698000
2022-06-16 04:00:00,106.34209542849808,107.75789189656318,104.27616988348034,105.1643295288086,51684000
2022-06-17 04:00:00,105.16431896946578,107.80846549966309,104.18491071395393,106.26522064208984,51376000
2022-06-21 04:00:00,108.03656858558828,111.56739132946274,107.70977129217108,110.629638671875,47416000
2022-06-22 04:00:00,109.6502478770662,112.41737098859431,109.47767062090766,110.57361602783205,30774000
2022-06-23 04:00:00,111.31151793905036,111.81833075860877,109.5947120241901,111.32192993164062,28362000
2022-06-24 04:00:00,112.06876813927676,117.11109357252704,112.02661318784044,117.00794219970705,41164000
2022-06-27 04:00:00,117.30348135340884,117.60746457783736,114.23533394157802,114.88397979736328,36420000
2022-06-28 04:00:00,114.85323751449626,116.34788803372123,110.9311551773519,111.08934783935548,35792000
2022-06-29 04:00:00,110.63758563635704,112.23289804690752,109.96365128893204,110.78585815429688,24716000
2022-06-30 04:00:00,109.09829563062534,109.9790169014494,105.87493689608417,108.06979370117188,43170000
2022-07-01 04:00:00,107.04823602503195,108.35444147045118,105.85559392220436,107.8461456298828,35476000
2022-07-05 04:00:00,106.22257357959492,112.4476205204141,104.8647923311928,112.33455657958984,39342000
2022-07-06 04:00:00,112.37324154606672,114.64198891272858,110.5622056578975,113.63282775878906,37432000
2022-07-07 04:00:00,114.13666975081996,118.2124805128393,113.89219223353552,117.80931091308594,40936000
2022-07-08 04:00:00,116.28887225514453,118.70390952621402,115.94322591003493,118.37512969970705,38238000
2022-07-11 04:00:00,117.03075205965408,117.03075205965408,114.38511466684228,114.72827911376952,31196000
2022-07-12 04:00:00,115.26236105063236,116.01514205426072,112.75806498456316,113.08585357666016,29960000
2022-07-13 04:00:00,110.78535185551785,113.25990236152596,110.28994990879096,110.44070434570312,43722000
2022-07-14 04:00:00,109.30708070983805,110.18234634307092,107.48464162453595,109.4627914428711,37004000
2022-07-15 04:00:00,111.08241574521796,112.2130703596854,109.99093473931616,110.86123657226562,46770000
2022-07-18 04:00:00,111.71665403211723,112.74812973437768,107.48165988903676,108.13624572753906,43164600
2022-07-19 04:00:00,109.94133235969358,113.08534523356836,108.66190591539451,112.87706756591795,36530900
2022-07-20 04:00:00,112.24231974638516,114.45404329391756,111.55798096785529,112.96633911132812,35600400
2022-07-21 04:00:00,113.34321947485182,113.61101046049744,110.1992065063923,113.40272521972656,32676200
2022-07-22 04:00:00,110.0901051986722,111.41911725096242,105.62699282575304,107.01551818847656,48901200
2022-07-25 04:00:00,107.52134719462656,108.96937840173452,105.42864264206897,106.62872314453124,34690900
2022-07-26 04:00:00,105.72617651509084,106.3212566791784,103.21691665250424,104.15912628173828,47991000
2022-07-27 04:00:00,108.36437093577844,112.97625525163264,107.12461749425069,112.13321685791016,59858500
2022-07-28 04:00:00,111.44888067205848,113.40272578477608,110.5463365137364,113.2837142944336,32816600
2022-07-29 04:00:00,112.15306191622032,115.7533033393372,112.13322162287426,115.3665008544922,37223400
2022-08-01 04:00:00,114.35485263414594,115.76321063113234,113.40271539749044,113.91845703125,26034300
2022-08-02 04:00:00,113.06550683255934,115.39624164424568,112.78780328963217,114.18624114990234,20236000
2022-08-03 04:00:00,114.76149298206536,117.6476425585004,114.53338259160024,117.11206817626952,28499000
2022-08-04 04:00:00,116.51699706271334,117.80633617133454,115.93182947198484,117.22117614746094,21602900
2022-08-05 04:00:00,115.27723158541431,117.14181794438284,115.0491136341377,116.50706481933594,19159500
2022-08-08 04:00:00,117.41953186952958,119.16510690112828,115.92190753578308,116.33847045898438,19138300
2022-08-09 04:00:00,116.1797793713598,116.35830417801051,114.76150106487228,115.67395782470705,19086500
2022-08-10 04:00:00,117.80633141765588,119.9287887330406,117.43936923676468,118.71878814697266,30930400
2022-08-11 04:00:00,120.28583826796728,120.4941159408362,117.58813353334271,117.86583709716795,24293700
2022-08-12 04:00:00,119.2741980957184,120.68255615234376,118.48075288719056,120.68255615234376,19096300
2022-08-15 04:00:00,120.137067490984,121.29748248930952,119.62133337705964,121.07928466796876,19494800
2022-08-16 04:00:00,120.5238677790755,121.42641192061868,119.65108407641937,120.702392578125,19041200
2022-08-17 04:00:00,119.13534985161822,120.29575726084148,118.40141036356964,118.5700225830078,22847000
2022-08-18 04:00:00,118.4510045956292,119.82960983443398,117.74682554009156,119.1849365234375,17987700
2022-08-19 04:00:00,118.08403247971836,118.1732986615942,115.8028907047583,116.24919891357422,21809500
2022-08-22 04:00:00,114.25567281481072,114.68214829640736,112.9167406269134,113.30354309082033,21456600
2022-08-23 04:00:00,112.54977631975122,114.0672332750328,112.50018315686644,112.9266586303711,15870400
2022-08-24 04:00:00,112.5696116974473,113.83911800192884,111.94477869138812,112.758056640625,17734600
2022-08-25 04:00:00,113.3035459506188,115.76322014148404,113.17461431501371,115.69379425048828,16956800
2022-08-26 04:00:00,113.77962535824992,114.1763480157896,109.28675961123744,109.4355239868164,37245700
2022-08-29 04:00:00,109.08839096914106,110.04052077631388,107.9081507488915,108.52306365966795,21191200
2022-08-30 04:00:00,109.26691024996742,109.59420698279374,106.91634250859858,108.0469970703125,27513300
2022-08-31 04:00:00,109.7429899257436,109.94134747453214,107.24364243661744,107.3329086303711,28627000
2022-09-01 04:00:00,107.39241516821052,109.544625612437,106.4799583301314,108.84044647216795,28360900
2022-09-02 04:00:00,109.68346459238305,109.832236521105,106.38076712239958,106.96592712402344,24160700
2022-09-06 04:00:00,106.42044469733727,107.14445651227068,104.91290018646605,105.93445587158205,25068300
2022-09-07 04:00:00,106.18239517986083,109.07846482937784,106.02371068181908,108.55280303955078,23167000
2022-09-08 04:00:00,107.15437545780348,108.70158540495544,106.28159171756349,107.49158477783205,24238300
2022-09-09 04:00:00,108.17591568145532,110.0801749701095,108.12632252177896,109.7429656982422,23197700
2022-09-12 04:00:00,110.08017979616116,110.70502034132072,109.0288713532444,109.95124816894533,22966800
2022-09-13 04:00:00,106.91632790525952,107.41222922658844,103.2367334421676,103.46485137939452,38172900
2022-09-14 04:00:00,103.7128143662537,104.41699341820951,102.8102777889331,104.13928985595705,26395100
2022-09-15 04:00:00,103.17724342441043,104.40707676995652,101.51101442821536,102.0664291381836,34188300
2022-09-16 04:00:00,101.2333018624559,102.2846103090457,100.11256752914517,101.9573211669922,42797200
2022-09-19 04:00:00,100.91593353936474,102.4829837582816,100.71757600878112,102.22511291503906,23036800
2022-09-20 04:00:00,101.24322534010722,101.5308490422322,99.6960079229227,100.31092834472656,26517100
2022-09-21 04:00:00,100.83657912239514,102.03665948648352,98.45625111888704,98.46617126464844,31487300
2022-09-22 04:00:00,98.00995057481283,100.4101114902342,97.98019770206167,99.31912994384766,34298600
2022-09-23 04:00:00,98.8133068840168,98.84306732316416,96.67101684353818,97.93060302734376,31625400
2022-09-26 04:00:00,97.29584663330871,99.06125428806656,96.99831035340092,97.36527252197266,27072700
2022-09-27 04:00:00,98.61495489564795,99.18028220152245,96.0759420926826,96.70077514648438,30072800
2022-09-28 04:00:00,96.8495379657094,99.87453174796886,96.31396358421772,99.22986602783205,32466300
2022-09-29 04:00:00,97.83141465127956,97.83141465127956,95.17338319605308,96.62141418457033,31047200
2022-09-30 04:00:00,96.25446940903004,98.08930316415186,94.77667771762164,94.8659439086914,32941500
2022-10-03 04:00:00,95.9668344859771,98.47609418773558,95.728796382115,97.8314208984375,27982000
2022-10-04 04:00:00,99.61667108123068,101.00518888401722,99.5571577705009,100.80683135986328,28850800
2022-10-05 04:00:00,99.01166607108686,101.09445024273644,97.99011049341637,100.59854888916016,22176900
2022-10-06 04:00:00,99.85470635132027,102.08626265455284,99.76544016442644,100.58863830566406,22324000
2022-10-07 04:00:00,99.03150112865876,99.70592728808386,97.49421143647145,97.87109375,27502800
2022-10-10 04:00:00,98.18847777441846,98.2876565416277,96.21479230959145,97.05782318115234,18225100
2022-10-11 04:00:00,96.6313430235072,98.43642374055914,95.52052121037734,96.38339233398438,26507100
2022-10-12 04:00:00,96.50240591070916,97.94051680156004,95.9469912522471,96.76026916503906,21876400
2022-10-13 04:00:00,94.37001872764498,98.96206203302695,93.60632648962915,98.24796295166016,34574500
2022-10-14 04:00:00,99.1703544867437,99.86462094928686,95.58003338781864,95.76847076416016,25410700
2022-10-17 04:00:00,98.04962623156622,100.10265774202443,98.0198733580147,99.15052795410156,28419200
2022-10-18 04:00:00,102.28461724659432,102.62183412414964,99.15052441894925,99.94396209716795,24060700
2022-10-19 04:00:00,99.19020627528847,100.191921717045,98.109137221729,98.81331634521484,23811100
2022-10-20 04:00:00,99.18028082765306,101.48126304018042,98.575280509256,99.15052795410156,25323200
2022-10-21 04:00:00,97.04789091631268,100.47952728786818,96.91895929172544,100.3010025024414,32458700
2022-10-24 04:00:00,100.96551960605208,101.90772916035505,99.1604389639881,101.67961120605467,27176400
2022-10-25 04:00:00,102.05651534606606,103.96077501261335,101.8779905293988,103.62356567382812,40611400
2022-10-26 04:00:00,95.63954441159298,97.50413095357072,93.91380965641918,94.15184020996094,88114100
2022-10-27 04:00:00,93.74519988449306,94.64774408921,91.0475025510424,91.46405792236328,60710900
2022-10-28 04:00:00,91.51365001907476,95.75857277635563,91.37479821877903,95.50070190429688,43697300
2022-10-31 04:00:00,94.637811790529,95.242812042702,93.20962104840368,93.73527526855467,31675000
2022-11-01 04:00:00,94.6675668774688,95.2428142728165,89.62921479576478,89.7283935546875,47161400
2022-11-02 04:00:00,90.19453791873644,90.43256844263183,86.16781390238052,86.257080078125,57038300
2022-11-03 04:00:00,85.61241063994241,85.81076815755338,82.6568351996716,82.74610137939453,61288000
2022-11-04 04:00:00,84.69996499661167,85.92979841324605,83.02381575687284,85.87029266357422,51124900
2022-11-07 05:00:00,86.56455262317961,88.17127598440243,86.13807708965564,87.76463317871094,34078900
2022-11-08 05:00:00,88.17127227783203,89.5796304672484,86.87200543719126,88.17127227783203,30429000
2022-11-09 05:00:00,87.72495193475426,88.70684212468586,86.56454451049467,86.60421752929688,31769100
2022-11-10 05:00:00,91.4938033302298,93.61626060159357,90.8590501780568,93.16995239257812,51620100
2022-11-11 05:00:00,93.91381827388382,96.1354546334574,93.15012580953145,95.61972045898438,33090500
2022-11-14 05:00:00,94.31051185350876,95.99658092538591,93.73527205818615,94.91551208496094,30179500
2022-11-15 05:00:00,97.4545394739204,99.31912590340237,95.91724219824152,97.63306427001952,41640800
2022-11-16 05:00:00,97.09750131019068,98.82323616436666,96.83963044839486,98.03971099853516,29105200
2022-11-17 05:00:00,96.17512087878868,98.46618297666176,95.99659606811966,97.55372619628906,26052600
2022-11-18 05:00:00,97.96035978371822,98.08929899123864,95.5800391036644,96.63134765625,28342300
2022-11-21 05:00:00,96.49248658714596,97.59338820085924,94.5783070537111,94.81633758544922,21647400
2022-11-22 05:00:00,95.1634740801226,96.42306785300386,93.27905484436155,96.25446319580078,23438500
2022-11-23 05:00:00,96.29412064149612,97.9504369035514,96.29412064149612,97.65289306640624,18868100
2022-11-25 05:00:00,97.43469190584294,97.83141448608896,96.60158129749476,96.6610870361328,9701400
2022-11-28 05:00:00,96.24454747735288,96.78012191327572,94.8262691285725,95.26266479492188,26237500
2022-11-29 05:00:00,94.94528818097686,95.33209067906634,93.33856487339784,94.4097137451172,20061700
2022-11-30 05:00:00,94.0427341497428,100.21174831439473,93.64601154608545,100.1621551513672,43647500
2022-12-01 05:00:00,100.191908022442,101.4118287044889,99.42822325305634,100.1621551513672,28687100
2022-12-02 05:00:00,98.23807103454332,99.94396550598157,98.08929910016104,99.6166763305664,21480700
2022-12-05 05:00:00,98.58518186748104,100.54894681617124,98.18845930640768,98.6645278930664,24405100
2022-12-06 05:00:00,98.48601782310948,98.9620789139917,95.62962101039768,96.1850357055664,24910700
2022-12-07 05:00:00,95.61971746872926,96.08585845727798,93.94356821211184,94.1617660522461,31045400
2022-12-08 05:00:00,94.59814224941027,94.79650733675184,92.6839626659769,92.94183349609376,32213300
2022-12-09 05:00:00,93.00135082192593,93.4873396713005,91.98971523447791,92.06906127929688,28225400
2022-12-12 05:00:00,91.9500324704772,92.79306329851202,90.85905095379364,92.54511260986328,29420000
2022-12-13 05:00:00,96.95863687909691,98.7141243795283,94.2510121002556,94.8460922241211,40593700
2022-12-14 05:00:00,94.4196191950435,96.07593554575188,92.83273630132555,94.29068756103516,28733600
2022-12-15 05:00:00,92.36658508509043,92.87240659372344,89.27216542487523,90.11519622802734,40107000
2022-12-16 05:00:00,90.01601241882409,90.5813396378672,88.78617166028681,89.52011108398438,58011800
2022-12-19 05:00:00,89.52012290883614,89.81765920892968,87.48692414068339,87.71504211425781,29493000
2022-12-20 05:00:00,87.38773902543626,88.44896764240224,86.7232330132954,88.29027557373047,23453800
2022-12-21 05:00:00,88.34977892837271,89.48043330627605,87.59600682081934,88.8456802368164,24745600
2022-12-22 05:00:00,87.43733387958731,87.81421619968995,85.61241288884075,87.04061126708984,27658300
2022-12-23 05:00:00,86.39593360126003,88.81593460502073,86.35626058532988,88.4985580444336,23003000
2022-12-27 05:00:00,88.07208282991216,88.21093460263191,86.29675508801945,86.67363739013672,20097300
2022-12-28 05:00:00,86.26701779431262,87.31832642526183,85.23554189153839,85.31488037109375,19523200
2022-12-29 05:00:00,85.90996683615387,88.12168298626916,85.90004668879064,87.72496032714844,23333500
2022-12-30 05:00:00,86.26701373187004,87.57619316857544,85.8603709383056,87.50676727294922,23986300
2023-01-03 05:00:00,88.85560627643153,90.30364497529531,87.79437761826055,88.38946533203125,28131200
2023-01-04 05:00:00,89.60938314842804,89.90692702075431,86.55462865105089,87.35799407958984,34854800
2023-01-05 05:00:00,86.75300214197873,86.85218092005755,85.19587186888855,85.493408203125,27194400
2023-01-06 05:00:00,86.07855936732152,86.97118333274179,84.16437980636358,86.6240463256836,41381500
2023-01-09 05:00:00,87.63569405206921,89.31184316795068,87.13979266316744,87.29847717285156,29003900
2023-01-10 05:00:00,85.27521189352831,87.94315639958413,85.12643995349273,87.69520568847656,30467800
2023-01-11 05:00:00,88.44896825112974,90.8491290549015,88.28036360214634,90.76978302001952,26862000
2023-01-12 05:00:00,90.73012501545804,91.1169275086837,89.0143028128799,90.38298797607422,30258100
2023-01-13 05:00:00,90.10528201196576,91.43430168612431,89.39118279204233,91.36487579345705,26329200
2023-01-17 05:00:00,91.30535652243567,91.49380146174484,89.3118384915669,90.54167175292967,32602400
2023-01-18 05:00:00,91.38469752910903,92.03929092426316,89.8969935221448,90.37306213378906,29116700
2023-01-19 05:00:00,89.9763594126032,92.84266916002711,89.88709321771738,92.28726196289062,37000400
2023-01-20 05:00:00,94.3204372009586,97.49421044649549,94.24109116727796,97.21649932861328,63191100
2023-01-23 05:00:00,97.1470790758333,99.21995081656388,96.70077085248676,98.97200012207033,40005100
2023-01-24 05:00:00,97.29584675272618,98.79347100071968,96.40322277819844,96.8991241455078,33078500
2023-01-25 05:00:00,94.78657489485524,95.37174236803632,92.9914145966969,94.43944549560548,42330000
2023-01-26 05:00:00,95.70896088534776,96.77018947539196,94.59813913338816,96.72059631347656,30114000
2023-01-27 05:00:00,96.51233145386188,99.4976601059748,96.51233145386188,98.55545043945312,33879800
2023-01-30 05:00:00,96.68093725731848,97.48429507886306,95.60978845068932,96.1453628540039,27226200
2023-01-31 05:00:00,96.07593251835176,98.06945054380512,96.02633935545111,98.02977752685548,29870700
2023-02-01 05:00:00,97.90084854753133,100.360522697024,96.78011416406396,99.60675048828124,35531100
2023-02-02 05:00:00,104.93273458159672,106.9659256907038,104.74428963661704,106.85682678222656,69883800
2023-02-03 05:00:00,102.08626312403275,106.92625809323452,101.7391336553045,103.9210968017578,65309300
2023-02-06 05:00:00,101.56059433437012,103.5045266483121,101.04485271151285,102.0564956665039,31999600
2023-02-07 05:00:00,102.37387842734272,107.29321903254016,102.27469966826962,106.75764465332033,49010200
2023-02-08 05:00:00,101.21348233996603,102.29454379804132,97.23635085283868,98.55545043945312,94743500
2023-02-09 05:00:00,99.18027975409596,99.21003262732542,92.86249320969232,94.23118591308594,119455000
2023-02-10 05:00:00,94.66757593087634,95.9569226207394,93.47741557627585,93.79479217529295,54980700
2023-02-13 05:00:00,93.96338902898977,94.4196173792314,93.07076505379771,93.83445739746094,50076100
2023-02-14 05:00:00,93.65594180887688,94.07249718262943,91.50373147763352,93.90389251708984,54726100
2023-02-15 05:00:00,93.7154415296958,96.32388765510876,93.37823222030585,96.1453628540039,50169000
2023-02-16 05:00:00,94.58822952133472,96.87929141683016,93.96338895576008,94.72708129882812,42462600
2023-02-17 05:00:00,94.07249288547276,94.77667195660864,92.44593691924388,93.57659149169922,34284100
2023-02-21 05:00:00,92.23764745016229,92.33682620286696,90.96814125509322,91.03756713867188,33629300
2023-02-22 05:00:00,90.94830538293208,91.35494812568692,89.86724406227897,90.89871978759766,30884000
2023-02-23 05:00:00,91.1665064831145,91.18634677544836,89.02421648917793,90.14495086669922,41206400
2023-02-24 05:00:00,88.70685522372197,89.15316350915597,87.85390411065882,88.3993911743164,36585100
2023-02-27 05:00:00,89.1333236694336,89.42094740013515,88.6076618097586,89.1333236694336,27502300
2023-02-28 05:00:00,88.59773510812792,90.4821617111098,88.5878149626214,89.32174682617188,30142000
2023-03-01 05:00:00,89.24241850559551,90.28380689652272,88.93495449477956,89.61930084228516,31111200
2023-03-02 05:00:00,88.92504976339052,91.5235684635877,88.85561629767915,91.24586486816406,32204400
2023-03-03 05:00:00,91.72191687766424,92.96167025066715,91.69215644055474,92.88232421875,35160100
2023-03-06 05:00:00,93.24929513438325,95.18331511806566,93.22946240796789,94.3501968383789,32639300
2023-03-07 05:00:00,94.20143621358584,94.8857750214838,92.76331756858708,93.09061431884766,27835500
2023-03-08 05:00:00,93.3484777291188,95.1733911604508,93.229458674828,93.47740936279295,34103300
2023-03-09 05:00:00,93.27906233445889,94.74692633492973,91.14668466466472,91.56324005126952,28813500
2023-03-10 05:00:00,91.41445442058324,92.02937482791764,89.65896694454361,89.88707733154297,35941000
2023-03-13 04:00:00,89.35150093708918,91.811174943956,88.68699494914536,90.36314392089844,37335600
2023-03-14 04:00:00,91.80126901552406,93.58651716528313,91.68225751677691,93.19971466064452,36050200
2023-03-15 04:00:00,92.45586439440324,96.135452119845,91.88061691598348,95.32217407226562,50622100
2023-03-16 04:00:00,95.41142746724536,100.36052894620208,94.71716852573586,99.4976577758789,65492000
2023-03-17 04:00:00,99.43814263216196,101.99698789396676,99.27945056518114,100.78699493408205,61028500
2023-03-20 04:00:00,99.29929255271747,100.91592828670724,99.05134186896636,100.39027404785156,32960400
2023-03-21 04:00:00,100.42003718857242,104.23847659545822,100.39028431417634,104.05995178222656,42110300
2023-03-22 04:00:00,103.415268082394,105.71625013011209,102.48297865485124,102.52265167236328,43427400
2023-03-23 04:00:00,104.19879298533532,105.42863382566868,103.60371285731998,104.73436737060548,40797800
2023-03-24 04:00:00,104.12937541633212,104.62527682377592,102.98880066584036,104.57569122314452,30393300
2023-03-27 04:00:00,103.7624149352095,103.90126672624382,101.0944628976051,101.6201171875,31120900
2023-03-28 04:00:00,101.60028121184264,101.61019379170308,98.92240911282488,100.20183563232422,32057900
2023-03-29 04:00:00,101.44158753942646,101.64986521604924,99.82495172553269,100.5588836669922,28779600
2023-03-30 04:00:00,100.08281331374552,100.33076398682464,98.96207142864132,100.06297302246094,33086200
2023-03-31 04:00:00,100.4696262399886,103.03839184898722,100.21175539436456,102.87970733642578,36863400
2023-04-03 04:00:00,101.55068678803492,103.67314414754485,101.0944584138917,103.5045394897461,25035400
2023-04-04 04:00:00,103.47478504857116,104.7145385139278,103.18716133658586,103.86158752441406,24420100
2023-04-05 04:00:00,104.91290680452715,105.23028342154356,102.8102895543644,103.6136474609375,28290500
2023-04-06 04:00:00,104.39715731293522,108.2751020463202,103.47478047282404,107.53125,48711500
2023-04-10 04:00:00,106.1030640296918,106.7080567599706,104.25831026578564,105.56748962402344,27067400
2023-04-11 04:00:00,105.67657981839106,105.85510460555604,103.82190606100232,104.48641204833984,26311800
2023-04-12 04:00:00,105.70634162712136,105.87494628290852,103.484697961902,103.78224182128906,24370300
2023-04-13 04:00:00,104.97240702008682,106.6088831893166,104.97240702008682,106.54937744140624,24843600
2023-04-14 04:00:00,106.01378179776589,108.04698020224498,105.96418863986013,107.97755432128906,26578000
2023-04-17 04:00:00,103.80208203407156,105.2897861961485,103.66322268410477,105.1013412475586,37571200
2023-04-18 04:00:00,105.61707218442864,105.66666534841484,103.2169113578442,103.64338684082033,26596400
2023-04-19 04:00:00,102.7309239306776,104.11944920307992,102.225102442597,103.32600402832033,20905700
2023-04-20 04:00:00,103.05821782699525,105.37903241467328,103.01854481265195,104.4269027709961,27820800
2023-04-21 04:00:00,104.6054346972307,105.13108893118996,103.92108839505885,104.54592895507812,25800100
2023-04-24 04:00:00,104.62527258627792,105.75592714410804,103.8417474862282,105.1013412475586,23542800
2023-04-25 04:00:00,104.96249889083178,105.81544995903872,102.98880574375588,102.99872589111328,46664100
2023-04-26 04:00:00,104.05994371224028,105.47822196102052,101.788714484929,102.85986328125,53347600
2023-04-27 04:00:00,103.59379357823072,107.48166608530138,102.6912570160058,106.7080535888672,50089200
2023-04-28 04:00:00,106.16256199648848,106.47001841232824,104.22854218991014,106.46009826660156,36139800
2023-05-01 04:00:00,105.96420132305944,107.1047759897289,105.9443685976354,106.32125091552734,26681700
2023-05-02 04:00:00,106.26175349764247,106.32125924543108,102.85986952338662,104.45667266845705,30997200
2023-05-03 04:00:00,104.66494043938329,106.60887287386204,104.09961318837088,104.54592895507812,21795400
2023-05-04 04:00:00,104.62527823765616,104.73437715411652,103.11774126807067,103.83184051513672,23419500
2023-05-05 04:00:00,103.9607682679493,105.01207680519784,103.25658919423994,104.70462036132812,26639300
2023-05-08 04:00:00,104.3178158732233,107.07502636899284,104.29798314719712,106.88658142089844,26511400
2023-05-09 04:00:00,107.50149988087897,109.2470748463162,106.31133960304034,106.47002410888672,36360100
2023-05-10 04:00:00,107.0849481613148,112.01420922516128,107.04527514179809,110.8339614868164,63153400
2023-05-11 04:00:00,114.45403357017952,116.95337305517585,113.47215101180822,115.61444091796876,78900000
2023-05-12 04:00:00,115.72354718741605,117.06247940985592,115.15821991274792,116.54674530029295,41102300
2023-05-15 04:00:00,115.15821666094423,117.50879187706045,115.05903790038904,115.55493927001952,36266800
2023-05-16 04:00:00,115.535101164742,119.76018303268906,115.47559542065336,118.53034973144533,45035600
2023-05-17 04:00:00,118.62952082286564,120.67263195090872,117.91542167256014,119.84943389892578,33323600
2023-05-18 04:00:00,119.95854884860572,122.29920412469264,119.83953735220288,121.8231430053711,35234200
2023-05-19 04:00:00,122.53722528891174,124.93738598095622,121.1487000105305,121.75370025634766,41353400
2023-05-22 04:00:00,121.9322210212038,125.39361017394512,121.73385594977576,124.0249252319336,35253000
2023-05-23 04:00:00,123.14222636559452,123.60836727655008,121.2082065683112,121.55533599853516,34046300
2023-05-24 04:00:00,120.1271486155692,120.91067367529487,118.87747506501968,119.90895080566406,34182600
2023-05-25 04:00:00,123.49926443779586,124.29270959603248,120.96025203840478,122.4677963256836,42317000
2023-05-26 04:00:00,122.1603483083236,124.2332200823341,121.44624908602052,123.58854675292967,35635900
2023-05-30 04:00:00,124.61010271936992,124.62994301273424,120.99994114625623,122.65625,35076700
2023-05-31 04:00:00,121.74379679384124,123.0430560734654,121.49584608754014,121.8628158569336,37325800
2023-06-01 04:00:00,121.81320947582672,123.40009231065324,121.61485195904372,122.7058334350586,30772700
2023-06-02 04:00:00,122.97362222070808,125.11591981661115,122.745511823111,123.6480484008789,26980100
2023-06-05 04:00:00,122.99346805796284,126.38543183753264,122.82485583017812,124.9770736694336,32305500
2023-06-06 04:00:00,124.97706418870804,127.2383656366913,124.3323909005138,126.2664031982422,26638300
2023-06-07 04:00:00,125.9291858538776,127.98220950527096,121.11894443175632,121.4958267211914,52539000
2023-06-08 04:00:00,121.22805249747212,122.21985523958172,120.24616233464845,121.13878631591795,29389200
2023-06-09 04:00:00,121.2478905876319,122.74551491320052,120.9106812724846,121.22805786132812,23778300
2023-06-12 04:00:00,121.78344935610956,123.03312282465018,120.66271507597186,122.62648010253906,28306400
2023-06-13 04:00:00,123.95552382933973,124.13404864545598,122.17027566817724,122.81494903564452,22278300
2023-06-14 04:00:00,122.09092270879414,123.0331399053738,120.45444658155986,122.65625,30592300
2023-06-15 04:00:00,122.13059332494936,124.43157546435972,121.39666138886584,124.06460571289062,35246300
2023-06-16 04:00:00,124.8977309595371,125.07625577200432,122.26945194087992,122.51740264892578,45535600
2023-06-20 04:00:00,121.9223072208865,123.5488630569753,121.13878217339122,122.09091186523438,26097500
2023-06-21 04:00:00,121.39666224993184,121.654533092438,119.11551282046044,119.56182861328124,30306300
2023-06-22 04:00:00,119.01633037340912,122.22976917477192,117.85592296831348,122.14051055908205,26952200
2023-06-23 04:00:00,120.38501322694266,121.78345871511222,120.06763665447824,121.33714294433594,34913600
2023-06-26 04:00:00,119.77010249354858,120.99993578775404,117.30050819204033,117.36993408203124,33969900
2023-06-27 04:00:00,116.12026248820284,118.10386789770332,115.1482925081318,117.36001586914062,39535900
2023-06-28 04:00:00,116.1301877388727,119.4031400484243,115.89215718247868,119.19486236572266,27091400
2023-06-29 04:00:00,118.26256241740738,119.07584040154654,117.33027294139968,118.12371063232422,24090900
2023-06-30 04:00:00,119.1849366580173,120.08748080780242,118.708875567441,118.71878814697266,29532200
2023-07-03 04:00:00,118.26256653867198,119.20478376097655,117.84601116890616,118.91716003417967,14467900
2023-07-05 04:00:00,118.262556645478,121.60493460466256,118.25264406620929,120.75198364257812,27584800
2023-07-06 04:00:00,118.81799364838648,119.31389511174892,117.42946803760044,119.12545013427734,24745200
2023-07-07 04:00:00,119.1155002818165,120.05771736735292,118.42124143298246,118.5005874633789,21709500
2023-07-10 04:00:00,117.33026342725442,117.34017600620317,115.187965945079,115.49542236328124,35315200
2023-07-11 04:00:00,115.33674061449469,116.74509867791642,114.40444362500358,116.17977142333984,23078800
2023-07-12 04:00:00,117.82616938013048,119.34362637246984,117.4393669141167,117.9551010131836,30404400
2023-07-13 04:00:00,119.93871802592176,123.80675062438884,119.46264933218596,123.51912689208984,44297900
2023-07-14 04:00:00,123.7769938382548,125.7407591665756,122.47772701039696,124.39190673828124,33283100
2023-07-17 04:00:00,124.9076384065508,126.05812564014278,123.18189620588134,123.62821197509766,25716200
2023-07-18 04:00:00,123.57862461739118,123.65797065567116,121.95206866692536,122.74551391601562,26193600
2023-07-19 04:00:00,123.57862647852336,124.15387391443448,120.80158319859368,121.02969360351562,37224000
2023-07-20 04:00:00,120.42468068272518,123.0727920463188,117.25091510465651,118.2228775024414,37906800
2023-07-21 04:00:00,119.6312510365837,119.99821321316035,117.75674443491287,119.03616333007812,72937900
2023-07-24 04:00:00,120.66273743006376,121.99174960669664,119.98831119460458,120.53379821777344,29686100
2023-07-25 04:00:00,120.365182977595,122.14051081744287,120.02796610605938,121.20821380615234,52509600
2023-07-26 04:00:00,129.00380296662527,129.90633205152977,127.26814799253997,128.21035766601562,61682100
2023-07-27 04:00:00,130.59066029279523,132.14779780312753,127.73426366088836,128.33926391601562,44952100
2023-07-28 04:00:00,129.7079618698937,132.64370465595107,129.49969176817697,131.4932098388672,36591200
2023-07-31 04:00:00,131.64196213896054,132.43540728957092,130.69975264360772,131.63204956054688,28055500
2023-08-01 04:00:00,129.70797201734953,131.5428132938943,129.6087856815379,130.47166442871094,23166800
2023-08-02 04:00:00,128.38888852056863,129.0236418015877,126.51438155523796,127.32766723632812,26273300
2023-08-03 04:00:00,126.9209955105974,128.32935355941024,126.37550098690372,127.39705657958984,20089500
2023-08-04 04:00:00,128.22025231793552,130.43196810964983,126.8614874567136,127.05984497070312,26147200
2023-08-07 04:00:00,128.10124510100812,130.53115877911966,127.962393323222,130.45181274414062,22746300
2023-08-08 04:00:00,129.54928620643437,130.431990156543,128.4781372893849,130.32289123535156,23535200
2023-08-09 04:00:00,130.58074278541653,130.95761750800182,127.94254405878128,128.59713745117188,24912900
2023-08-10 04:00:00,130.2435507528464,130.9675625582551,128.38886922887625,128.6269073486328,20857800
2023-08-11 04:00:00,127.60533894622364,128.86491747828384,127.11935017534717,128.49795532226562,19591100
2023-08-14 04:00:00,128.3293488553076,130.29311393491162,127.9028809647762,130.25344848632812,24695600
2023-08-15 04:00:00,130.02535827661376,130.34272731563817,128.22026984503316,128.71617126464844,19770700
2023-08-16 04:00:00,127.64502716064452,129.21207752133685,126.8218365240768,127.64502716064452,25216100
2023-08-17 04:00:00,128.73599949955613,130.90804993539842,128.23017041335734,128.85501098632812,33446300
2023-08-18 04:00:00,127.4565647289768,128.19050420505582,125.34402761585469,126.41517639160156,30504800
2023-08-21 04:00:00,126.13747078000075,127.6747604625636,125.52255036686309,127.31771087646484,25248700
2023-08-22 04:00:00,127.4565767415667,129.21207199508038,127.2681469154346,128.02191162109375,22054900
2023-08-23 04:00:00,129.11286188164175,132.31639534159987,128.80540548113294,131.284912109375,27819700
2023-08-24 04:00:00,132.85198728819475,133.14953116670597,128.5079011432878,128.71617126464844,28500700
2023-08-25 04:00:00,128.47811371877063,129.68811421046675,126.20689221900474,128.81533813476562,26762900
2023-08-28 04:00:00,130.23360950918428,131.45352258706555,129.0732021716326,129.93606567382812,20543300
2023-08-29 04:00:00,131.15600145683445,135.45050919179718,131.15600145683445,133.46690368652344,43075600
2023-08-30 04:00:00,133.67517000710467,135.16287409396253,132.9709985475354,134.7661590576172,28315800
2023-08-31 04:00:00,134.89509514927343,136.8687881952977,134.67689731971456,135.0537872314453,30053800
2023-09-01 04:00:00,136.3332217281178,136.3332217281178,133.7446157733526,134.5479736328125,21543700
2023-09-05 04:00:00,134.32977722585983,135.30173975827023,133.47682618982745,134.65707397460938,19403100
2023-09-06 04:00:00,134.9050286366341,135.41084264478113,132.57428587282706,133.35781860351562,18684500
2023-09-07 04:00:00,132.49492113945962,134.46861399155742,131.8601680068501,134.15122985839844,18844300
2023-09-08 04:00:00,133.80411838628038,135.53977327338907,133.7446126401159,135.26206970214844,23558300
2023-09-11 04:00:00,135.42074803161276,136.35304508761172,134.676895929534,135.79763793945312,20763400
2023-09-12 04:00:00,135.14303224154853,135.74803250189984,134.08181120803886,134.23057556152344,18405500
2023-09-13 04:00:00,133.98263986174015,135.77780055178212,133.05034278578884,135.58937072753906,20749500
2023-09-14 04:00:00,136.47205520158755,137.5630290724014,135.1232029476824,136.96795654296875,24751000
2023-09-15 04:00:00,136.84894433199983,137.3845263119322,135.36124015129133,136.27369689941406,38919600
2023-09-18 04:00:00,135.49018160432044,138.019281780227,135.49018160432044,137.0770721435547,21861300
2023-09-19 04:00:00,136.29353439301667,137.2754245802509,135.5000891528616,136.908447265625,20353700
2023-09-20 04:00:00,136.9481276445737,136.9481276445737,132.52468065263594,132.64370727539062,29927500
2023-09-21 04:00:00,130.36257622016777,131.14609385607787,129.00381108346423,129.3707733154297,31503900
2023-09-22 04:00:00,129.68811066252235,130.94770428096794,128.53763107597587,129.1822967529297,26397300
2023-09-25 04:00:00,128.76577182393018,130.09478407268804,127.90290814706238,130.0352783203125,20094600
2023-09-26 04:00:00,128.70625840016731,129.29141844193066,126.17715813897232,127.51609802246094,25718700
2023-09-27 04:00:00,127.51608742320651,129.82697452376246,127.51608742320651,129.4699249267578,22746500
2023-09-28 04:00:00,128.77567908657804,132.20732362438935,128.7260859170761,131.22543334960938,22513100
2023-09-29 04:00:00,132.187484105663,132.95117654608515,129.29142156753832,129.78732299804688,30859800
2023-10-02 04:00:00,130.1344474612235,133.31812586216128,130.09476687574428,133.07017517089844,22288000
2023-10-03 04:00:00,132.84209941443424,133.15946851248424,130.75930701119998,131.34446716308594,22989400
2023-10-04 04:00:00,131.70147985901755,134.45870541332442,131.44361659343454,134.13140869140625,26752300
2023-10-05 04:00:00,133.96279907226562,134.37935439370042,132.3560683939219,133.96279907226562,19832600
2023-10-06 04:00:00,132.91148163496393,137.02747214489506,132.91148163496393,136.4522247314453,27597600
2023-10-09 04:00:00,135.8174603789753,137.80106572376255,134.49836100864687,137.2853240966797,19278100
2023-10-10 04:00:00,137.36466401043336,138.5746644275756,136.20425675144423,136.9282684326172,27786600
2023-10-11 04:00:00,137.44403543423456,139.95329533664227,137.44403543423456,139.39788818359375,25884300
2023-10-12 04:00:00,139.89376180106655,140.06236642948565,137.1266240317535,137.830810546875,24765500
2023-10-13 04:00:00,138.23748528968676,138.85239821040267,135.50009975367846,136.23403930664062,23420500
2023-10-16 04:00:00,137.03737818636395,138.4854167971643,136.8588609633149,137.9597625732422,28501900
2023-10-17 04:00:00,137.49361518669917,138.75319373814438,136.0554891433646,138.57467651367188,23515800
2023-10-18 04:00:00,138.30689326315832,139.56648701861894,136.25386939858822,136.82911682128906,23375000
2023-10-19 04:00:00,137.36467110137107,138.51516584160242,136.25385694319343,136.62081909179688,26066000
2023-10-20 04:00:00,136.2042789444492,136.73984579212933,133.97272266731449,134.48846435546875,26335700
2023-10-23 04:00:00,133.9330343496389,136.53156779993722,132.85197300320976,135.38107299804688,26317900
2023-10-24 04:00:00,136.70017196237376,138.21762892713875,136.2935292113691,137.67213439941406,44814300
2023-10-25 04:00:00,127.10943743152842,127.25820178277296,124.04476315937148,124.58033752441406,84366200
2023-10-26 04:00:00,122.25951622711597,123.31083224083282,120.27591081531207,121.2776336669922,57061100
2023-10-27 04:00:00,121.87272000373476,122.29919549173574,119.22460845972752,121.16854095458984,44566500
2023-10-30 04:00:00,122.20001252709248,124.3720629106878,121.74378418278032,123.43976593017578,28940100
2023-10-31 04:00:00,124.03484388332474,124.34230786737872,121.6842763149313,123.06288146972656,26292300
2023-11-01 04:00:00,123.0529643757322,125.45312516564948,122.7058349336953,125.4134521484375,30082400
2023-11-02 04:00:00,127.36730789447058,127.92271501549958,125.88952390924445,126.44493103027344,27124600
2023-11-03 04:00:00,126.970599202535,128.4682159884043,126.81190712180836,128.041748046875,26393100
2023-11-06 05:00:00,127.9921365850185,129.2715553604388,127.61524673059203,129.1822967529297,19052700
2023-11-07 05:00:00,129.6385295842965,130.82868972418774,128.81533157799734,129.89639282226562,29757300
2023-11-08 05:00:00,129.89641375169958,131.1262546701782,129.70796879855988,130.75927734375,26425800
2023-11-09 05:00:00,130.87828025532772,131.46344016841792,129.00377391086258,129.17237854003906,23747800
2023-11-10 05:00:00,129.0335637670161,131.7114285790635,128.34921734237602,131.50314331054688,26913300
2023-11-13 05:00:00,130.69977620897475,131.50313408284546,130.17412191783197,131.00723266601562,18324800
2023-11-14 05:00:00,133.09002359550504,134.58764041410248,132.2271599799759,132.52468872070312,32395200
2023-11-15 05:00:00,133.76441488908887,133.92310694082042,132.47508358646422,133.51646423339844,23861500
2023-11-16 05:00:00,134.08182888951592,136.09518745195533,133.21896525810195,135.80755615234375,28013200
2023-11-17 05:00:00,134.88516720728182,134.94467294789172,132.5544248086727,134.20082092285156,37240600
2023-11-20 05:00:00,132.59412016100978,135.53977571897755,132.524686700092,135.1331329345703,27815500
2023-11-21 05:00:00,135.17279523893023,136.05549911438757,134.84551363674532,135.84722900390625,22635300
2023-11-22 05:00:00,136.34312381394363,138.2771361292862,136.34312381394363,137.35476684570312,17813900
2023-11-24 05:00:00,136.89856190011784,136.99774824999542,134.87529051254057,135.56954956054688,12514300
2023-11-27 05:00:00,134.914934431914,137.28534253189412,134.88518155844346,135.2918243408203,23436500
2023-11-28 05:00:00,134.964518417708,136.1249258052487,134.309924978467,136.07533264160156,18730000
2023-11-29 05:00:00,136.44230617886066,137.15639020757226,133.7346738823066,133.88345336914062,23967200
2023-11-30 05:00:00,133.94296597089948,134.43886735166274,130.2038653225059,131.44361877441406,38988300
2023-12-01 05:00:00,130.7791290283203,131.02707974958335,129.59888117371452,130.7791290283203,31442300
2023-12-04 05:00:00,128.81535800518807,128.9641223780541,126.85158504794954,128.21035766601562,36669900
2023-12-05 05:00:00,127.8929584712312,131.05681158807658,127.19869958988002,129.91624450683594,27384800
2023-12-06 05:00:00,130.3625665785439,130.75928165761354,128.81535658297804,128.95420837402344,23576200
2023-12-07 05:00:00,133.93304938270325,137.42419963070353,133.59584004786453,135.80755615234375,56767100
2023-12-08 05:00:00,133.0999207527898,135.281883689647,132.93131610801126,133.88345336914062,32260100
2023-12-11 05:00:00,131.29485865478858,132.24698086173262,130.28321556791462,132.1973876953125,31138000
2023-12-12 05:00:00,130.72952914922644,131.9097769432704,130.18403456369643,131.4337158203125,29032800
2023-12-13 05:00:00,132.28666474618618,132.40567624159368,130.49150406647652,131.48330688476562,30104800
2023-12-14 05:00:00,132.28664245291358,132.6238517222141,128.62688824878407,130.8584442138672,38722400
2023-12-15 05:00:00,130.54106870618423,132.41557523506742,130.10467308952005,131.51304626464844,50847100
2023-12-18 05:00:00,131.54280052592037,136.02573795572846,131.34442787355178,134.6868133544922,32258000
2023-12-19 05:00:00,135.71827586427287,136.34311639898218,134.96451127135808,135.5298309326172,25476800
2023-12-20 05:00:00,137.830818921437,140.5384359860807,136.9382025676404,137.2059783935547,49107200
2023-12-21 05:00:00,138.34656689160218,139.5367271291243,138.03909533601887,139.26893615722656,27488300
2023-12-22 05:00:00,139.61607052198642,140.82607102846447,139.5565647812921,140.33016967773438,26532200
2023-12-26 05:00:00,140.42934263685476,141.5104039629761,140.03262760475596,140.35992431640625,16780300
2023-12-27 05:00:00,140.42933024896718,140.91531898406916,138.74326881071957,139.21932983398438,19628600
2023-12-28 05:00:00,139.62599994946305,139.98304957042205,138.60444425438513,139.08050537109375,16045700
2023-12-29 05:00:00,138.48540088203316,139.20941253737374,137.6423626246305,138.54490661621094,18733000
2024-01-02 05:00:00,137.41427392066478,138.3068903414109,135.36123496575607,137.03738403320312,23711200
2024-01-03 05:00:00,136.12494105781897,138.48543668179107,135.95633638949388,137.78125,24212100
2024-01-04 05:00:00,137.28531548543515,138.01925486510476,135.23229195188463,135.27195739746094,27137700
2024-01-05 05:00:00,135.62904430152844,136.0356871158028,134.04215363464405,134.61740112304688,22513900
2024-01-08 05:00:00,135.17280399831742,137.87050896561743,135.1430511234635,137.701904296875,21404000
2024-01-09 05:00:00,137.36470260408373,140.330198743817,137.01756553318816,139.79461669921875,24759600
2024-01-10 05:00:00,139.84420205691225,141.82780775984716,139.75494343237068,141.11370849609375,21320200
2024-01-11 05:00:00,142.31377441409103,144.02958884214237,139.48713067468557,140.9153289794922,24008700
2024-01-12 05:00:00,141.50049214729324,142.02614637782855,140.6574689161085,141.48065185546875,18785500
2024-01-16 05:00:00,140.83598692471,143.16672938152487,140.29049239931624,141.3219757080078,22670500
2024-01-17 05:00:00,140.19133701313217,140.67731071751322,137.76140795638582,140.3103485107422,20968600
2024-01-18 05:00:00,140.88559276545064,143.02789047593322,140.826087018,142.30386352539062,25746400
2024-01-19 05:00:00,143.5535434919084,145.24951781414885,143.19649387664043,145.1800994873047,34271900
2024-01-22 05:00:00,145.89419084442545,147.17360973542569,144.64450969157377,144.7932891845703,32200400
2024-01-23 05:00:00,144.6940887617222,145.9735075280984,144.30728633154266,145.83465576171875,21636100
2024-01-24 05:00:00,147.32237177289502,148.6216460696022,146.88599128129252,147.48106384277344,25233500
2024-01-25 05:00:00,148.83984348061125,151.7954113890045,148.31417410884393,150.6250762939453,29149100
2024-01-26 05:00:00,149.86139776851957,151.28958097989496,149.77212402167038,150.9424591064453,26115500
2024-01-29 05:00:00,150.81352174869434,152.51942366682596,150.18868118167268,152.2516326904297,27784300
2024-01-30 05:00:00,151.5474722147389,152.3607426484438,149.95066908718712,150.2184600830078,36331800
2024-01-31 05:00:00,142.44271896094438,142.81960888272778,138.7234583129567,138.9515838623047,71910000
2024-02-01 05:00:00,140.9550214666243,141.8873186018574,139.63592181078502,140.00289916992188,40466500
2024-02-02 05:00:00,138.11844060532798,141.45089833217304,135.38107056080497,141.21287536621094,62499600
2024-02-05 05:00:00,141.64926151631406,144.27753248123298,141.60958093549976,142.502197265625,38505400
2024-02-06 05:00:00,143.46428748684863,144.16847422458696,142.01626368679536,142.91880798339844,29128200
2024-02-07 05:00:00,143.57336464859975,144.4263156427516,142.7501665270815,144.3469696044922,25208900
2024-02-08 05:00:00,144.63461269549572,145.13051412482938,143.91060084610757,144.71395874023438,22563800
2024-02-09 05:00:00,145.47760555664416,148.21499055845277,144.98170423123912,147.77859497070312,26829500
2024-02-12 05:00:00,147.20333662251352,148.11579317706216,146.16194089020368,146.3206329345703,21564100
2024-02-13 05:00:00,143.7320585231407,145.46771340579025,142.51214532877424,143.95025634765625,27837700
2024-02-14 05:00:00,144.88256517546307,145.31896085998756,142.90887201453117,144.74371337890625,22704200
2024-02-15 05:00:00,141.96663255261817,142.34352240728126,139.30860868040443,141.59967041015625,37590700
2024-02-16 05:00:00,141.81787214200648,142.01622965333587,138.9912284210113,139.3681182861328,31468900
2024-02-20 05:00:00,138.51517229621072,140.91533307623592,138.34656764889544,139.96319580078125,25144700
2024-02-21 05:00:00,140.29049590728383,141.5203367649503,139.5268035526364,141.38148498535156,23223300
2024-02-22 05:00:00,143.74196995787472,143.8114034168082,141.6294403227433,142.9088592529297,27191900
2024-02-23 05:00:00,142.4922912292185,143.4940065020115,142.25425313452644,142.77992248535156,19493800
2024-02-26 05:00:00,140.97485281400884,141.27239668798464,136.26378939947426,136.44232177734375,53641800
2024-02-27 05:00:00,136.88862613854664,138.10853934016288,135.96624166875657,137.7415771484375,33099200
2024-02-28 05:00:00,136.76959905068048,136.87869796321857,134.30001978259713,135.26206970214844,37328600
2024-02-29 05:00:00,136.15467711991738,137.72172724425474,135.2818858775754,137.32501220703125,42133000
2024-03-01 05:00:00,137.29524220433814,137.7316378191588,135.79762555684746,136.0158233642578,31151100
2024-03-04 05:00:00,134.54795880340606,134.54795880340606,130.82869865382304,132.25689697265625,55999400
2024-03-05 05:00:00,130.79897138098846,132.14782393122584,129.5988832123646,131.58248901367188,40194800
2024-03-06 05:00:00,132.02879338468463,132.48502936431544,129.77741176310514,130.32289123535156,35318600
2024-03-07 05:00:00,131.7014646980678,133.83384943472203,130.531144857788,133.2784423828125,37738200
2024-03-08 05:00:00,133.10985799917378,136.9580425014898,132.90157275617153,134.30001831054688,39370400
2024-03-11 04:00:00,135.01411900561908,137.95977451047298,135.01411900561908,136.54148864746094,32437800
2024-03-12 04:00:00,135.90673376099352,138.23747634796243,135.90673376099352,137.36468505859375,27563400
2024-03-13 04:00:00,137.86058646627538,139.9334506450809,137.85067388660744,138.64410400390625,23347200
2024-03-14 04:00:00,140.03263971476812,142.41296038062768,139.30862790840655,141.92698669433594,42753400
2024-03-15 04:00:00,141.33189197321508,142.00631057950346,138.88213796831596,140.022705078125,49475400
2024-03-18 04:00:00,147.39180580449582,150.9027808454485,145.96360743742733,146.46942138671875,69273700
2024-03-19 04:00:00,146.9455101008083,147.5703355892813,144.88255840993227,145.82476806640625,24070400
2024-03-20 04:00:00,146.7868124427757,147.63976344475105,145.53714637957398,147.520751953125,21311500
2024-03-21 04:00:00,148.24474177717806,149.13735809948852,145.69580172878864,146.39007568359375,24755600
2024-03-22 04:00:00,147.8976348836212,150.33747653257558,147.7587830911578,149.53411865234375,29211800
2024-03-25 04:00:00,148.71090455162476,149.14730017654827,146.60828759558476,148.83984375,19229300
2024-03-26 04:00:00,148.98859783249566,151.01186861414138,148.75055974430478,149.43490600585938,22149100
2024-03-27 04:00:00,149.94074197303146,150.39697792574609,147.6794327705728,149.63328552246094,22879200
2024-03-28 04:00:00,149.61347914127822,150.1887115272308,148.9390452744017,149.69281005859375,24485400
2024-04-01 04:00:00,149.45475230591467,154.46335900189007,149.37540627332734,154.2154083251953,31730800
2024-04-02 04:00:00,152.24172129726563,153.43188156405296,150.90278153856184,153.29302978515625,24586000
2024-04-03 04:00:00,152.34089851536356,153.8087622521674,151.47801988823227,153.6500701904297,24705000
2024-04-04 04:00:00,152.2417216532487,153.5013153792841,149.21672024838048,149.2960662841797,34724700
2024-04-05 04:00:00,148.80016963270904,152.1623804461379,148.3737017021774,151.2499237060547,23459200
2024-04-08 04:00:00,151.52763410967862,153.9972285874499,151.35902944578888,153.58067321777344,20702000
2024-04-09 04:00:00,154.81051603391515,157.26027048681237,153.91789944854148,155.31634521484375,31079500
2024-04-10 04:00:00,154.92952562487014,155.32624070054823,153.41205338281176,154.86009216308594,22838600
2024-04-11 04:00:00,155.62377976256258,158.37106260079813,155.1774715327962,158.10328674316406,27166400
2024-04-12 04:00:00,156.66516776322655,158.90663651169768,155.85188225072014,156.43704223632812,25353700
2024-04-15 04:00:00,157.55778721582507,157.93467710778722,153.32278518896982,153.590576171875,27136500
2024-04-16 04:00:00,152.92606827651122,154.3740918150493,152.17228850176252,153.13433837890625,20779500
2024-04-17 04:00:00,154.3443362556772,155.7923749027095,153.3128680735991,154.19557189941406,21763100
2024-04-18 04:00:00,154.0666493097183,155.65353990489737,153.35255005525875,154.7311553955078,19883000
2024-04-19 04:00:00,154.91959354072858,155.07828562000708,151.0515686940003,152.82688903808594,32615600
2024-04-22 04:00:00,153.04506419862878,156.3477688326678,152.79711353661722,154.99891662597656,26446200
2024-04-23 04:00:00,155.67337597138751,157.66689417461689,154.99894218995382,156.96270751953125,21151600
2024-04-24 04:00:00,156.19905107721684,158.2620030164986,155.88166687099877,157.8256072998047,22779100
2024-04-25 04:00:00,150.08951991120836,155.2072260039545,149.63328396324783,154.7212371826172,57109700
2024-04-26 04:00:00,172.94064243070838,173.27786687075127,168.2593321924788,170.5404815673828,64665300
2024-04-29 04:00:00,167.6741590817137,168.16014784427256,163.85572783432124,164.7880096435547,45610000
2024-04-30 04:00:00,164.25246727701446,166.72206177178046,161.26714620693434,161.44566345214844,33562900
2024-05-01 04:00:00,162.95318026028562,165.75005589531395,161.75309238141418,162.51678466796875,33493200
2024-05-02 04:00:00,163.43916484164697,165.36326455481128,162.54654844018515,165.25416564941406,24294500
2024-05-03 04:00:00,166.18646385430256,166.5831940285256,161.71343896761203,165.8690948486328,34662400
2024-05-06 04:00:00,166.08729275303767,166.76171134902742,164.66900697168114,166.7220458984375,21871300
2024-05-07 04:00:00,167.11874933173186,170.35202057689946,167.00965043305126,169.84620666503906,28039700
2024-05-08 04:00:00,167.6146567610361,168.75522381569002,167.35679350646177,167.99154663085938,19569100
2024-05-09 04:00:00,168.00148335133193,169.29083007689735,166.8013952497484,168.5668182373047,15346700
2024-05-10 04:00:00,166.65263467214967,168.4577231557963,164.82772102741802,167.26754760742188,29799900
2024-05-13 04:00:00,162.9135222794407,167.89237656675422,162.65565899989346,167.75352478027344,31327600
2024-05-14 04:00:00,168.37834489380802,169.84620861991712,167.41629508538105,168.94366455078125,25127100
2024-05-15 04:00:00,169.23132245178067,171.23475328070515,169.11229582074708,171.0959014892578,26948400
2024-05-16 04:00:00,171.86946305398715,173.6844635980281,171.27439058404832,172.75216674804688,27867900
2024-05-17 04:00:00,172.7522118435742,174.82509128603235,172.2662381363207,174.61680603027344,24479300
2024-05-20 04:00:00,174.74573004665857,177.30458297385175,174.63663113812171,175.46974182128906,22554400
2024-05-21 04:00:00,175.44989566739218,176.6896490712989,174.36883433127562,176.39212036132812,16989400
2024-05-22 04:00:00,175.19205213168274,175.69786612928917,173.7737813421162,174.93418884277344,17880000
2024-05-23 04:00:00,175.61851492474267,176.7888348703636,171.53227742671908,172.1273651123047,21024900
2024-05-24 04:00:00,173.54566005438852,174.32919278798485,172.22656043569077,173.5555877685547,16579400
2024-05-28 04:00:00,173.01998246270298,175.8168734132129,172.94063642860604,174.95399475097656,20572200
2024-05-29 04:00:00,173.99196607552997,175.3904117210104,173.28779452948098,174.45811462402344,23388700
2024-05-30 04:00:00,173.7638553909168,173.78369568525272,170.381804057889,170.69918823242188,22931500
2024-05-31 04:00:00,170.4512148865134,171.6413751155462,168.0510541367466,171.08596801757812,37638900
2024-06-03 04:00:00,171.12563247401937,173.09932530985793,169.75695502874458,171.75047302246094,27459100
2024-06-04 04:00:00,171.85957302701576,172.42490783803038,170.48096786025872,172.36538696289062,26879600
2024-06-05 04:00:00,173.7638369582265,175.2019479039631,172.50424324144495,173.9721221923828,22068500
2024-06-06 04:00:00,174.4580976777925,175.6978511153371,174.30933331877074,175.2812957763672,23251000
2024-06-07 04:00:00,175.5986571248054,176.4119274047294,172.87119991627856,173.02989196777344,19661400
2024-06-10 04:00:00,173.73488619485127,175.8101292272444,171.54047994095143,173.77459716796875,23726700
2024-06-11 04:00:00,174.9760596512974,175.59167820683606,172.5433572951998,175.37322998046875,21540600
2024-06-12 04:00:00,176.99173266950717,179.1364888587314,174.86683954251944,176.53497314453125,27864700
2024-06-13 04:00:00,174.8668444097431,175.49240210344783,173.64553119205647,173.92355346679688,20913300
2024-06-14 04:00:00,172.99018739624864,175.8101362841722,172.92067425165644,175.5420379638672,18063600
2024-06-17 04:00:00,174.2214575995777,177.10098082049785,173.57603677345472,175.9888916015625,19618500
2024-06-18 04:00:00,175.88956648496008,176.13780173263285,172.8710325397334,173.85403442382812,21869900
2024-06-20 04:00:00,174.1320532342393,176.0384980804116,173.7547459679952,175.0554962158203,20160100
2024-06-21 04:00:00,175.75055979188994,179.57338876304848,175.3633134017814,178.36199951171875,57759000
2024-06-24 04:00:00,178.88826202454848,179.61310474396652,177.40877441541713,177.95489501953125,18298000
2024-06-25 04:00:00,178.35206806848578,182.98910099326696,178.15348288701358,182.7309417724609,23130200
2024-06-26 04:00:00,181.3408244497642,183.20754327614856,181.19187420519867,182.58200073242188,19839000
2024-06-27 04:00:00,182.87988309562385,184.73669324083983,182.7210240356858,184.1012115478516,18848900
2024-06-28 04:00:00,183.0188920765721,183.8231718610113,180.6755507145743,180.86419677734372,29156600
2024-07-01 04:00:00,181.7379989393426,182.5820048912053,180.0202151673191,181.6982879638672,16006100
2024-07-02 04:00:00,180.76490422906485,184.26006063956157,180.2783577058092,183.9323883056641,17372500
2024-07-03 04:00:00,183.54516199454144,184.77639921891327,182.7011560285435,184.50831604003903,10242100
2024-07-05 04:00:00,184.5480462994703,189.51275214509133,184.4884722534956,189.2545928955078,20967500
2024-07-08 04:00:00,188.55950207105116,188.8276004007438,186.4544718628467,187.69564819335935,21035900
2024-07-09 04:00:00,188.9665941471782,190.00918519904204,187.38782163636895,187.6459808349609,15121400
2024-07-10 04:00:00,187.81477541116223,190.39642795230205,187.69562734501247,189.8304443359375,15952500
2024-07-11 04:00:00,188.5098571184734,189.51272208583228,183.77352425069444,184.26007080078125,25625800
2024-07-12 04:00:00,183.7735195365285,185.78918852634612,183.18768799095287,183.7635955810547,22898400
2024-07-15 04:00:00,183.6146365772807,186.91120776647887,183.6146365772807,185.21327209472656,16474000
2024-07-16 04:00:00,186.03743905754484,187.34811338839907,182.0755987428797,182.6217193603516,18290700
2024-07-17 04:00:00,181.6784194568164,182.2543270659603,178.63008325599765,179.7421875,20734100
2024-07-18 04:00:00,180.64575986268412,181.21174353968175,175.22431015700485,176.43569946289062,25315700
2024-07-19 04:00:00,177.61730362532302,179.0173390205859,175.87965675110726,176.40591430664062,18881900
2024-07-22 04:00:00,179.3152104096892,181.41031651236528,178.95775104592673,180.38758850097656,24100300
2024-07-23 04:00:00,180.76490347036915,182.31388893241848,180.25849388780003,180.50672912597656,36352700
2024-07-24 04:00:00,172.37457678491225,174.9462905344622,170.60714288242724,171.4114227294922,49585200
2024-07-25 04:00:00,171.30218308939462,172.19582391606315,166.00980581766575,166.0991668701172,44852000
2024-07-26 04:00:00,165.9701020997129,166.90346917641645,162.90191767605657,165.8211669921875,41336900
2024-07-29 04:00:00,167.6382268176297,169.22692328878654,166.80416003394157,168.33328247070312,20293800
2024-07-30 04:00:00,169.03827095768605,170.02127279088597,167.25097423676394,169.08790588378906,18959700
2024-07-31 04:00:00,172.01709806342805,173.01996298271357,168.80988784082692,170.32908630371094,25729100
2024-08-01 04:00:00,169.04823192931204,172.82141135501334,167.68790739296938,169.55462646484375,24531400
2024-08-02 04:00:00,165.26511803151652,167.3204982165653,163.50760805366414,165.4835662841797,29130100
2024-08-05 04:00:00,154.40234063596142,163.26929736266635,153.8363569379613,158.12586975097656,53630700
2024-08-06 04:00:00,158.20532051321726,159.436573034586,155.3059340768458,157.1726531982422,49004600
2024-08-07 04:00:00,160.11174561926643,161.82952940748444,157.35137068982365,157.81805419921875,25138600
2024-08-08 04:00:00,159.37695589283803,162.5345161798724,159.07908571101373,160.88623046875,25578800
2024-08-09 04:00:00,158.88049573069213,162.6338117767747,157.93720474099763,162.51466369628906,28602300
2024-08-12 04:00:00,163.1898651801224,163.73597062856854,160.69757348531624,161.14439392089844,15895300
2024-08-13 04:00:00,162.25648447214553,163.56715864917211,161.81958802944447,163.00119018554688,18551700
2024-08-14 04:00:00,161.25363005478357,162.0678490367502,156.59674898008666,159.2379608154297,40591100
2024-08-15 04:00:00,159.36705153563673,160.49900381900557,158.48333453503372,160.16140747070312,31524300
2024-08-16 04:00:00,160.33018953302678,163.89484419906685,159.9925932186499,161.80967712402344,24208600
2024-08-19 04:00:00,164.1132970310061,165.5133475605536,163.1004929084528,165.4934844970703,22416200
2024-08-20 04:00:00,165.72187088023108,167.4495939252533,165.64244892165763,165.99989318847656,18341500
2024-08-21 04:00:00,163.98421986679392,165.6722318912375,163.50761237161458,164.67929077148438,22902000
2024-08-22 04:00:00,166.07932072756,166.4069931043409,162.15720646482643,162.6437530517578,22493300
2024-08-23 04:00:00,163.55725630307884,165.00694179876172,162.67353934579646,164.45089721679688,13955700
2024-08-26 04:00:00,165.20550875294475,166.36724776645642,163.29906407812496,164.987060546875,14190400
2024-08-27 04:00:00,164.66933228950003,165.26510295168842,163.29908400819048,163.51751708984375,11821900
2024-08-28 04:00:00,163.87498286647468,164.4310425767687,160.38976526426643,161.70045471191406,16407400
2024-08-29 04:00:00,163.15014011129165,164.798425876507,159.11880190681103,160.63800048828125,19699800
2024-08-30 04:00:00,161.472070186267,162.50473737235887,160.54864227379994,162.22671508789062,22123800
2024-09-03 04:00:00,160.57841450941874,160.707501683565,155.37539838425428,156.2491912841797,38945300
2024-09-04 04:00:00,155.55413584223268,157.8776140734706,154.85908019413716,155.34561157226562,19353800
2024-09-05 04:00:00,155.1966988484402,158.32445729106303,154.87895042005644,156.13006591796875,18688700
2024-09-06 04:00:00,156.18962872176218,156.71588626121135,149.48727669749047,149.8546600341797,37912100
2024-09-09 04:00:00,151.63437166613713,152.51926120186218,146.37475041538113,147.856201171875,39260500
2024-09-10 04:00:00,149.58620426686707,150.4015036061094,147.48831800096144,147.80648803710938,31118800
2024-09-11 04:00:00,149.05922829099612,150.63015849718496,146.67301402683955,150.2921142578125,29607700
2024-09-12 04:00:00,152.91700542253488,153.93115363949187,151.7735987076876,153.80189514160156,29621500
2024-09-13 04:00:00,154.53761027887018,157.47068534964538,154.318887339598,156.55596923828125,29591200
2024-09-16 04:00:00,156.4068176480649,157.3414231577179,155.7009025392383,157.1525115966797,18379800
2024-09-17 04:00:00,158.10702330973243,159.6282379126932,157.4706983462141,158.40530395507812,20715600
2024-09-18 04:00:00,158.9422025434275,159.57852752922,157.6894419945441,158.89248657226562,23677300
2024-09-19 04:00:00,162.77009990036774,162.8496272464335,160.41369644399956,161.2091064453125,26587700
2024-09-20 04:00:00,162.5612924555598,162.78996770160265,161.1295575441582,162.65077209472656,40896400
2024-09-23 04:00:00,163.40640761812853,164.53986181971814,160.74178667068307,160.92076110839844,24150900
2024-09-24 04:00:00,162.09397212944717,162.28288368359324,159.7674107357338,161.35821533203125,23332100
2024-09-25 04:00:00,160.5429462723237,161.87524922923666,160.37392412147798,160.56283569335938,18869200
2024-09-26 04:00:00,162.70049439754706,163.13797065652983,161.34830194759303,161.79571533203125,20319300
2024-09-27 04:00:00,161.87525844392792,164.74866551423864,161.69629915796872,163.0087127685547,21101300
2024-09-30 04:00:00,162.38232355982177,165.19606207708327,162.32265529939457,164.89779663085938,20413900
2024-10-01 04:00:00,166.72721266688677,168.18877389639653,163.6350680810018,166.03123474121094,28338100
2024-10-02 04:00:00,165.46452779504156,166.5582184121097,163.7842281975384,164.90774536132812,17760200
2024-10-03 04:00:00,163.4660733087808,165.6832659184552,162.9788810936898,164.90774536132812,15073100
2024-10-04 04:00:00,167.09510397311843,167.26412612073125,164.5299148711692,166.10084533691406,19047400
2024-10-07 04:00:00,166.75705707061962,167.51268816069472,161.81559051224986,162.0442657470703,22463100
2024-10-08 04:00:00,162.99877252706997,163.78423021907105,161.93490844359246,163.43624877929688,23072700
2024-10-09 04:00:00,162.5115774919813,163.89359644421285,158.8228863013817,160.9307098388672,31181800
2024-10-10 04:00:00,159.94638493252756,162.13376610989224,159.4790821511072,161.14944458007812,14144100
2024-10-11 04:00:00,161.19915249290503,162.9589793006072,160.3142629412503,162.3027801513672,15344300
2024-10-14 04:00:00,162.70048027253844,165.27560646204375,162.4618527416689,164.01290893554688,19016100
2024-10-15 04:00:00,164.83811699261406,166.71726503003,163.6847886140636,164.51002502441406,20247200
2024-10-16 04:00:00,163.58537367338425,164.84808640066018,162.7999160190336,164.21176147460938,16406000
2024-10-17 04:00:00,164.77847983302945,165.4148047545223,161.82553046438127,161.9945526123047,21453400
2024-10-18 04:00:00,162.25307524146882,163.76435267205474,162.14370618061358,162.48175048828125,19757700
2024-10-21 04:00:00,162.01444125458505,163.5555451703661,161.68633408506915,163.12802124023438,20946500
2024-10-22 04:00:00,162.04426180421996,164.81825178422423,162.04426180421996,164.19186401367188,16568100
2024-10-23 04:00:00,163.81405642655295,164.86798338254357,161.00030251118483,161.84542846679688,18280500
2024-10-24 04:00:00,161.89512038935888,162.3922496608961,160.08556255879623,161.78575134277344,22412500
2024-10-25 04:00:00,162.7303165163636,164.63929136354844,162.48175184608664,164.32113647460938,19828900
2024-10-28 04:00:00,167.78114595500233,167.78114595500233,163.00870143582344,165.76280212402344,32138600
2024-10-29 04:00:00,166.76697893071042,169.40177313699868,166.13065407857997,168.70578002929688,42169000
2024-10-30 04:00:00,179.64264898550226,180.97496713171117,173.06066145323211,173.4583740234375,68890800
2024-10-31 04:00:00,172.13600066532192,175.80481742033143,170.01822493850247,170.12759399414062,44769000
2024-11-01 04:00:00,169.09355238654865,171.33063403813247,167.91038233009985,170.30653381347656,31796500
2024-11-04 05:00:00,168.954351474997,169.74976136503125,167.04537684162395,168.26832580566406,21492700
2024-11-05 05:00:00,168.45725471097936,169.5509454173123,167.87064568266655,168.76548767089844,18242100
2024-11-06 05:00:00,172.8021647148181,175.92413641911588,172.50388407123629,175.49659729003906,33695500
2024-11-07 05:00:00,176.39144450553113,180.04037221530027,176.17270637176324,179.71226501464844,25352900
2024-11-08 05:00:00,179.6128172813832,179.86138194143007,177.05758046511664,177.32603454589844,22006200
2024-11-11 05:00:00,177.55470270682915,179.513393363608,177.44533365392132,179.31454467773438,17450400
2024-11-12 05:00:00,178.78758666786376,181.44225527864103,178.3600475857902,180.5772399902344,25134900
2024-11-13 05:00:00,179.42394274843517,179.92107212910986,177.51495257600178,177.85301208496094,23184000
2024-11-14 05:00:00,177.2564251654299,177.79333331489727,173.3191695348543,174.57192993164062,31007500
2024-11-15 05:00:00,172.73253521026672,173.14018486054766,170.2369516887569,171.49966430664062,32504600
2024-11-18 05:00:00,172.424337422112,174.4327441914951,171.90731866370794,174.29354858398438,20135300
2024-11-19 05:00:00,172.72261895446178,177.8430450835762,172.56353392471485,177.09735107421875,23434900
2024-11-20 05:00:00,176.32182739630647,176.65987170014589,172.78226898861567,174.96963500976562,18997100
2024-11-21 05:00:00,172.9015782767723,173.1302686962832,162.76014278127062,166.66758728027344,59734400
2024-11-22 05:00:00,164.8978098993039,165.5043083073982,162.95899331574788,163.81405639648438,38604600
2024-11-25 05:00:00,165.13641317917185,167.6618386099698,164.65917328191838,166.6874542236328,33135300
2024-11-26 05:00:00,166.66758166120195,168.84501052303654,166.61786569467208,168.14901733398438,20486700
2024-11-27 05:00:00,168.02973232334207,168.50697228555944,167.05536297555267,168.25840759277344,19266500
2024-11-29 05:00:00,167.53256715154302,168.45722032902532,166.20026432388437,167.97998046875,14257200
2024-12-02 05:00:00,167.80103219947992,171.09202581712017,167.60218350894124,170.5054168701172,23789100
2024-12-03 05:00:00,170.50541009739786,171.68856506902026,169.86908521024029,170.35626220703125,22248700
2024-12-04 05:00:00,170.1673670613907,173.9057894087997,170.0778874212496,173.36888122558594,31615100
2024-12-05 05:00:00,174.35320380974355,175.04918185581036,171.3406012044101,171.64881896972656,21356200
2024-12-06 05:00:00,171.04230353586647,174.07479526094843,170.8732813965907,173.70692443847656,21462400
2024-12-09 05:00:00,173.15945800345577,175.44886145410123,172.8508718378986,174.56295776367188,25389600
2024-12-10 05:00:00,182.00855531536865,185.502397306232,180.21683563214248,184.31787109375,54813000
2024-12-11 05:00:00,184.4572152451297,194.70981847741265,183.99934063524287,194.5007781982422,67894100
2024-12-12 05:00:00,194.1026332379752,194.2817976089121,190.8277801088796,191.07662963867188,34817500
2024-12-13 05:00:00,190.13098313312,191.84306905787372,188.7672926142497,188.94647216796875,25143500
2024-12-16 05:00:00,191.98242240358925,198.0842174808024,191.733572884141,195.75498962402344,44934900
2024-12-17 05:00:00,196.34228662818003,200.4930951236226,194.08272855714975,194.5207061767578,43504000
2024-12-18 05:00:00,194.3216274116736,196.09343489769404,186.87605352724103,187.5330047607422,34166100
2024-12-19 05:00:00,190.7481544210868,192.14170577082703,187.51311039837415,187.6425018310547,32265200
2024-12-20 05:00:00,184.925048408463,192.00232914747,184.3676279309519,190.52914428710935,63462900
2024-12-23 05:00:00,191.7335694029116,194.20216752678672,189.27493498031785,193.7343292236328,25675000
2024-12-24 05:00:00,193.9433748674021,195.20753479003903,192.8882552424337,195.20753479003903,10403300
2024-12-26 05:00:00,194.25194880473947,195.8445919686037,193.48550314170072,194.69989013671875,12046600
2024-12-27 05:00:00,194.05284898883724,194.42115659969988,189.77263428806023,191.8729248046875,18891400
2024-12-30 05:00:00,188.9265638700057,191.66390866604783,188.24968525874627,190.3599395751953,14264700
2024-12-31 05:00:00,190.20065552751936,191.07661064566065,187.64247532502424,188.4288482666016,17466900
2025-01-02 05:00:00,189.7726449747486,191.11643850843905,186.63714698089748,188.55825805664065,20370800
2025-01-03 05:00:00,190.48934425629204,192.32088844513345,189.10574139792004,190.90740966796875,18596200
2025-01-06 05:00:00,193.08731986382296,197.30781329054136,192.9579284385956,195.96401977539065,29563600
2025-01-07 05:00:00,196.2029178508013,200.07501580789892,193.70447411630903,194.5903778076172,26487200
2025-01-08 05:00:00,191.68381035591295,195.38667713957392,191.4946822956728,193.0574493408203,24864800
2025-01-10 05:00:00,193.40585949210487,195.6156445534528,189.4342154897214,191.15625,26665200
2025-01-13 05:00:00,189.1953200102213,190.3001972959748,186.49778453538252,190.1309814453125,21823700
2025-01-14 05:00:00,190.3599316953501,191.0965165438372,187.44340746260227,188.7872009277344,17174900
2025-01-15 05:00:00,192.2014297757432,195.45638605757955,190.97709427450167,194.65011596679688,21776000
2025-01-16 05:00:00,193.2465827004133,194.5804124827484,191.92270143099617,192.02224731445312,17815400
2025-01-17 05:00:00,195.6255822249555,196.32235783888785,192.85837679493184,195.0980224609375,27735100
2025-01-21 05:00:00,198.1539212272468,201.3590893649602,196.95943127097465,197.13861083984372,29971300
2025-01-22 05:00:00,198.1439652566093,199.5574288922106,196.6210072103629,197.45713806152344,26200600
2025-01-23 05:00:00,197.2281913014452,199.3782549776066,194.30171827365388,197.0689239501953,26951400
2025-01-24 05:00:00,197.18836001713137,199.97546240962188,197.08881413658432,199.2886505126953,23877500
2025-01-27 05:00:00,191.5245520643281,195.97398278636885,189.85227535828872,190.92730712890625,41728900
2025-01-28 05:00:00,191.86297701391987,194.58040947836048,189.802495729016,194.4012451171875,24157900
2025-01-29 05:00:00,194.66004582386455,195.88438120776215,192.5398430560715,194.5107421875,18218300
2025-01-30 05:00:00,197.08882990069444,200.47317747002575,196.76034669489815,199.94561767578125,24354700
2025-01-31 05:00:00,201.0704225036096,204.5344037474068,200.87134591508243,203.0811309814453,32001100
2025-02-03 05:00:00,199.76644678798675,202.8123625387659,199.17916555521708,200.303955078125,27838300
2025-02-04 05:00:00,202.4540365472158,206.09719755510824,201.8767037764101,205.43028259277344,43856400
2025-02-05 05:00:00,190.19072588273335,191.86298743209488,187.16470709545555,190.44952392578125,70373900
2025-02-06 05:00:00,188.62793494754752,191.21597601434,187.8515256652236,190.71827697753903,29297400
2025-02-07 05:00:00,190.1708212328695,190.3002126652559,182.39676404459453,184.48709106445312,49315000
2025-02-10 05:00:00,186.4878479252447,187.33392723255807,185.00469922620795,185.6118927001953,23105600
2025-02-11 05:00:00,184.17851963260875,186.0797337562697,183.4319710154344,184.4671936035156,21239500
2025-02-12 05:00:00,182.3768405157957,184.25814231125668,180.9932377687485,182.7650451660156,22072600
2025-02-13 05:00:00,183.4717999572288,185.4227718858021,182.2972222059454,185.28341674804688,21402500
2025-02-14 05:00:00,184.208378132258,185.54220800020585,183.4717932262479,184.37759399414065,20448400
2025-02-18 05:00:00,184.74588137416615,185.10422527431425,180.90364435146645,182.9243011474609,29916700
2025-02-19 05:00:00,183.22292953180167,184.6065322377559,182.7451275237452,184.4174041748047,19549400
2025-02-20 05:00:00,183.9495791218272,184.4572267048234,181.87914917011352,183.71067810058597,20441500
2025-02-21 05:00:00,184.2979628605452,184.48709094071828,178.255903940123,178.83323669433594,35199200
2025-02-24 05:00:00,181.15250613186583,182.27729565940143,178.06676593885825,178.42510986328125,29854200
2025-02-25 05:00:00,177.22067008112575,177.91746089820734,173.88609557732903,174.61273193359375,41913400
2025-02-26 05:00:00,174.2643473971189,175.26969397988614,170.79040266509935,171.9351043701172,35431300
2025-02-27 05:00:00,173.18930410602178,173.75667306999136,167.1671431468142,167.7245635986328,39991000
2025-02-28 05:00:00,167.90372554984629,169.8248515673105,166.00252693353565,169.49636840820312,48130600
2025-03-03 05:00:00,171.1387811939385,172.57215683074952,165.1663928329386,166.24142456054688,40770500
2025-03-04 05:00:00,165.47499722472898,172.49254217135646,165.03701959982106,170.13345336914062,45388000
2025-03-05 05:00:00,169.73529012314535,172.98028249678805,168.2820021982634,172.22378540039062,30954900
2025-03-06 05:00:00,169.7452527625135,174.00555581661283,169.71539203178713,171.556884765625,28302000
2025-03-07 05:00:00,170.4718800246714,174.1648138078256,169.48644558654738,173.05992126464844,27385800
2025-03-10 04:00:00,167.6785699397653,167.87789100205225,163.12436954047675,165.2968292236328,43604000
2025-03-11 04:00:00,164.34016388069963,166.17380218640486,160.81238769070245,163.47315979003906,39587400
2025-03-12 04:00:00,166.00437964443265,167.06071434970798,162.96491596959018,166.5325469970703,28372400
2025-03-13 04:00:00,165.4662354123983,165.55593597038603,161.54982298434425,162.19757080078125,31756200
2025-03-14 04:00:00,162.70583694230132,165.91471168879448,161.88866309227078,164.9181671142578,31995900
2025-03-17 04:00:00,164.4597537744784,165.72536967150563,163.10445251309577,163.72230529785156,31184300
2025-03-18 04:00:00,163.11438513260956,163.68242275706862,156.17844440971348,160.1147918701172,42074800
2025-03-19 04:00:00,161.20102488744715,165.29682318848322,160.44365657902026,163.32366943359375,34275600
2025-03-20 04:00:00,161.0117117252994,164.32023175461748,160.4038189359583,162.23745727539062,28138500
2025-03-21 04:00:00,160.65296231959232,163.6724912535671,160.33406074736575,163.42335510253906,36625800
2025-03-24 04:00:00,166.492708348571,167.7383890591239,164.56936942432435,167.1005859375,30879100
2025-03-25 04:00:00,168.3960847024039,170.04039224469534,167.7383768915496,169.9706268310547,24174400
2025-03-26 04:00:00,168.41602720143118,169.0239199788623,164.27039826701778,164.48963928222656,28901600
2025-03-27 04:00:00,164.06113851285755,164.84840203770966,161.44022141043914,161.6793975830078,24508300
2025-03-28 04:00:00,159.93545636481977,161.26086257414812,153.09915945705842,153.79673767089844,48669300
2025-03-31 04:00:00,152.58092477046202,155.0025205393741,150.13939385440554,154.1056365966797,54603500
2025-04-01 04:00:00,153.08917642482464,157.55370717648853,153.08917642482464,156.5272674560547,30672900
2025-04-02 04:00:00,154.61386135810304,157.86260591341835,154.16541940835015,156.49732971191406,25041700
2025-04-03 04:00:00,150.58783997911712,152.25206746912303,149.87032672274708,150.19918823242188,46883400
2025-04-04 04:00:00,147.49855413182192,150.54799324363788,144.8776522919314,145.09689331054688,62259500
2025-04-07 04:00:00,141.06087632952463,152.3218321659185,140.04439668677543,146.24290466308594,76794100
2025-04-08 04:00:00,150.69745588802078,151.7139355045659,142.5357542501846,144.19998168945312,52200200
2025-04-09 04:00:00,143.9209605893895,158.99868434001036,143.41272834835817,158.16159057617188,70406200
2025-04-10 04:00:00,155.99906254121734,157.17499290712513,149.41190307502956,152.29193115234375,48022000
2025-04-11 04:00:00,152.37166086891528,157.12518279409443,152.29195068350106,156.59701538085938,33636200
2025-04-14 04:00:00,159.44711904636745,161.16117679260088,157.0155480479404,158.5203399658203,30333000
2025-04-15 04:00:00,158.58014524074957,159.09833747842598,154.6736922783896,155.76988220214844,27551500
2025-04-16 04:00:00,152.57096991980188,155.35132240030543,150.98645259897873,152.8001708984375,28187400
2025-04-17 04:00:00,153.7568386264413,154.14549035907424,147.98685287180376,150.63766479492188,33046600
2025-04-21 04:00:00,148.36555457655837,148.43530478654532,145.59516199807078,147.15972900390625,26049100
2025-04-22 04:00:00,148.37550764431742,151.66410748339032,148.02671099242252,150.94659423828125,26971800
2025-04-23 04:00:00,155.07229801307963,156.98566172409713,153.27851478210604,154.81320190429688,31128800
2025-04-24 04:00:00,155.6104249592094,159.03854063446718,155.2516683139833,158.7296142578125,45894000
2025-04-25 04:00:00,164.49961422965615,165.52605388757996,160.4835257508864,161.40036010742188,56034000
2025-04-28 04:00:00,161.86871096281394,162.58622419769722,158.05195902405725,160.0550079345703,29745800
2025-04-29 04:00:00,159.76603342291708,160.18458031932272,156.97570557414937,159.60658264160156,26809000
2025-04-30 04:00:00,157.43410788690483,158.71965890557,154.86302105563792,158.25128173828125,34981100
2025-05-01 04:00:00,159.8955611021286,161.39037784388623,158.36088927125817,160.7426300048828,30203200
2025-05-02 04:00:00,162.84534306658284,164.39995007912242,161.3106559960053,163.46319580078125,25715000
2025-05-05 04:00:00,162.436752596043,164.81849332954616,162.15772135408076,163.642578125,21341800
2025-05-06 04:00:00,161.60963501178307,164.23055216038995,160.63302556719455,162.6659698486328,21277200
2025-05-07 04:00:00,163.5130144970414,164.4298335624806,147.32912722252786,150.85690307617188,127490100
2025-05-08 04:00:00,154.464415807346,155.3911950032793,152.37166602688535,153.7469024658203,57498700
2025-05-09 04:00:00,153.63725929306102,154.51422329361623,151.674065468403,152.22216796875,32435300
2025-05-12 04:00:00,156.94579570580373,158.55023292762746,155.7100750758197,157.91244506835938,44138800
2025-05-13 04:00:00,158.24131128306263,160.0151746711756,155.62040930962155,158.978759765625,42382100
2025-05-14 04:00:00,159.4072742222668,166.4229412214118,159.0584775444673,164.79856872558594,48755900
2025-05-15 04:00:00,165.26694125278715,165.6356730691148,161.80893051621783,163.39344787597656,33146700
2025-05-16 04:00:00,167.15039440077075,168.76480673115492,165.04768502743335,165.61572265625,42846900
2025-05-19 04:00:00,163.94152401470697,166.06416858529283,163.65253281131433,165.96450805664062,30426100
2025-05-20 04:00:00,165.8548915457752,167.91774593119885,162.337090725838,163.41336059570312,46607700
2025-05-21 04:00:00,163.12438701474937,172.54173038625467,162.994831351597,167.97755432128906,73416000
2025-05-22 04:00:00,171.25618084668935,176.15917803179707,170.12012070875053,170.27955627441406,74864400
2025-05-23 04:00:00,168.47582079984258,169.37272002705043,167.30986548992928,167.8878631591797,35211400
2025-05-27 04:00:00,169.5720138436325,172.5716072803838,169.41256307598843,172.3025360107422,37995700
2025-05-28 04:00:00,172.56165823831284,174.66436785084326,171.31597754856884,171.76441955566406,34784000
2025-05-29 04:00:00,173.39874848808273,173.81729536660228,170.04039828273065,171.26614379882812,29317300
2025-05-30 04:00:00,170.75790891590938,171.61493780799665,166.86141620850907,171.1465606689453,52639900
2025-06-02 04:00:00,167.26003241267054,169.28301661805224,166.81159040962694,168.4459228515625,38612300
2025-06-03 04:00:00,166.91124474262,167.89781407143477,164.70887469424017,165.6057586669922,45084900
2025-06-04 04:00:00,166.1638436483944,167.63872532387313,165.78515185366567,167.4693145751953,26900800
2025-06-05 04:00:00,169.75139851627495,170.33935616350743,167.01090094696792,167.62876892089844,36379100
2025-06-06 04:00:00,170.239706414102,173.897023068816,170.239706414102,173.07984924316406,35731800
2025-06-09 04:00:00,174.14743750903665,176.07310468622353,173.97782168090652,175.69395446777344,28935900
2025-06-10 04:00:00,175.80372221831115,180.70268325607967,174.5166301339373,178.19833374023438,61766100
2025-06-11 04:00:00,179.36569688795734,179.96433833777158,176.352484683136,176.95114135742188,31646800
2025-06-12 04:00:00,175.7837409838909,176.32253497944023,174.3569645474145,175.30482482910156,20941900
2025-06-13 04:00:00,172.05218023736916,176.73163473712606,172.00228964381978,174.27716064453125,27663100
2025-06-16 04:00:00,174.33701609632743,176.5420523549515,174.25719419482596,176.3724365234375,27389200
2025-06-17 04:00:00,175.304837776751,176.96110799729416,174.1873615915514,175.5542755126953,24973000
2025-06-18 04:00:00,175.6141436330853,176.16290971424257,172.81046582918458,172.93020629882812,28707500
2025-06-20 04:00:00,173.55878574385125,173.94790803011588,165.08788938336605,166.26522827148438,75659900
2025-06-23 04:00:00,165.89603893694584,166.96362443515676,161.63563852290417,164.81846618652344,57671000
2025-06-24 04:00:00,166.5445998017471,167.84167918331357,165.75638318822968,166.3949432373047,40524300
2025-06-25 04:00:00,167.25299905707695,171.97235685648238,167.17317715297744,170.29612731933594,35479000
2025-06-26 04:00:00,172.0421997468365,173.29937576602373,169.5578094698184,173.1497039794922,31796700
2025-06-27 04:00:00,173.14969619543672,178.27813555923768,171.3437693802371,178.12847900390625,108140200
2025-06-30 04:00:00,180.3734029744128,180.82238782578247,174.18735055967244,175.83363342285156,63378900
2025-07-01 04:00:00,175.3447530851258,175.6939567742825,173.139716841545,175.44451904296875,35904500
2025-07-02 04:00:00,175.14518633422566,178.4577266308603,174.67625741761273,178.23822021484375,29128900
2025-07-03 04:00:00,178.09853847776557,179.265905222364,176.65180269468908,179.126220703125,21689700
2025-07-07 04:00:00,178.65727862884938,178.89674433224096,175.28487562232132,176.3923797607422,34175600
2025-07-08 04:00:00,177.4500058972594,177.54977185383785,172.42133277200756,173.9678497314453,40442500
2025-07-09 04:00:00,174.85584916951822,179.03642797074187,172.38143114455036,176.22276306152344,43025600
2025-07-10 04:00:00,175.2350053597822,178.02869585837095,173.98781666417247,177.22052001953125,29252400
2025-07-11 04:00:00,176.39239690386106,181.02196104807064,176.08309652221448,179.78475952148438,34282900
2025-07-14 04:00:00,180.60289104600892,183.2569121837853,179.27588047712075,181.1516571044922,32536600
2025-07-15 04:00:00,182.3988435351607,183.80567598843865,181.1915734457722,181.59066772460935,33448300
2025-07-16 04:00:00,182.82789923086932,183.91544417003013,181.62061381873357,182.5585021972656,33104200
2025-07-17 04:00:00,181.7303505085708,183.64603043273613,180.07408034072432,183.1671142578125,31992600
2025-07-18 04:00:00,184.9830305164638,186.00074080595235,183.2968441040249,184.643798828125,34014500
2025-07-21 04:00:00,185.83112267520195,189.86202999312056,185.73134148599024,189.67247009277344,45803100
2025-07-22 04:00:00,191.0693117786785,191.21896833519165,187.03840453704987,190.90966796875,44660200
2025-07-23 04:00:00,191.06931784155387,192.09700016081177,188.7545281975545,189.8021697998047,58681900
2025-07-24 04:00:00,196.5868474168703,197.5047763656739,190.57041105035847,191.7377777099609,74881700
2025-07-25 04:00:00,191.54821586623893,193.8929365997576,190.82983399147875,192.7455139160156,39785900
2025-07-28 04:00:00,193.2144513670873,193.61356085282927,190.41077383680675,192.14686584472656,38139500
2025-07-29 04:00:00,191.9972128721756,195.47936925683572,191.64800916549825,195.30975341796875,41389200
2025-07-30 04:00:00,195.1600963397073,197.155598285003,194.2521393007246,196.08799743652344,32445400
2025-07-31 04:00:00,195.2698429128764,195.54921195775628,190.66022322341527,191.4683990478516,51329200
2025-08-01 04:00:00,188.6048544387261,190.40080913246985,187.39758435603645,188.7046356201172,34832200
2025-08-04 04:00:00,189.86201672672937,194.830827292421,189.69240089649875,194.6013336181641,31547400
2025-08-05 04:00:00,194.27208103659055,197.4149902267785,193.45391800516853,194.23216247558597,31602300
2025-08-06 04:00:00,194.0625664055758,196.18778087351924,193.23443126184415,195.64898681640625,21562900
2025-08-07 04:00:00,196.6167969951023,197.09571318148863,193.8929412029117,196.07801818847656,26321800
2025-08-08 04:00:00,196.7764442791972,202.15432130991044,196.72655368662487,200.9669952392578,39161800
2025-08-11 04:00:00,200.48808049350347,201.02685931355308,198.6222910686901,200.5479431152344,25832400
2025-08-12 04:00:00,200.91710457512625,204.04006993048972,200.1388600495838,202.88267517089844,30397900
2025-08-13 04:00:00,203.6709007567403,204.06999503609887,197.06577929471837,201.5057830810547,28342900
2025-08-14 04:00:00,201.0468177297292,203.98020797768137,200.77742070862897,202.48358154296875,25230400
2025-08-15 04:00:00,203.39153088363756,205.97570210941169,200.8273037146201,203.44140625,34931400
2025-08-18 04:00:00,203.7407352225592,204.80833601681928,202.0345896716843,203.0423126220703,18526600
2025-08-19 04:00:00,202.5733765798653,202.98245812812408,199.51028904350807,201.11666870117188,24240200
2025-08-20 04:00:00,200.27853657760335,200.82730262485015,196.1578356580316,198.8717193603516,28955500
2025-08-21 04:00:00,199.30075073242188,202.02460654215824,198.9814631231269,199.30075073242188,19774600
2025-08-22 04:00:00,202.27405146693476,208.07098221204853,200.8472748764244,205.62649536132807,42827000
2025-08-25 04:00:00,205.96570803332725,210.046520726557,204.8183006045268,208.0210876464844,29928900
2025-08-26 04:00:00,207.04328099820484,207.38252787024732,205.23735432936843,206.6741180419922,28464100
2025-08-27 04:00:00,205.2373711930947,208.4401585010209,205.18748059977116,207.01336669921875,23022900
2025-08-28 04:00:00,206.7838755896793,211.74269881815903,206.43465668224863,211.16400146484372,32339300
2025-08-29 04:00:00,210.0365560843286,214.16724458693432,209.72725571237183,212.43116760253903,39728400
2025-09-02 04:00:00,207.9712205067108,211.20392399730977,205.73625278986853,210.8746795654297,47523000
2025-09-03 04:00:00,225.70126168023373,230.78978267421616,224.2844418547168,230.1412506103516,103336100
2025-09-04 04:00:00,229.13349303754427,231.84737676203943,225.60146147412652,231.7775421142578,51684200
2025-09-05 04:00:00,231.677775522156,235.22976659054157,231.37844718195535,234.4714813232422,46588900
2025-09-08 04:00:00,235.1505409990516,237.8069358559837,233.3529799966882,233.72247314453125,32474700
2025-09-09 04:00:00,233.8523019486149,240.1437578458556,232.91357479962468,239.30490112304688,38061000
2025-09-10 04:00:00,238.5758820575914,241.3321473616704,237.5273187664355,238.84552001953125,35141100
2025-09-11 04:00:00,239.55457404217236,241.9213539288796,235.9294937696504,240.0438995361328,30599300
2025-09-12 04:00:00,240.04388783032,241.75157459718332,237.67710805902945,240.4733123779297,26771600
2025-09-15 04:00:00,244.3280782170144,252.06756394348795,244.3280782170144,251.2686462402344,58383800
2025-09-16 04:00:00,251.73800966841424,252.696698721273,249.13154999644232,250.8192596435547,34109700
2025-09-17 04:00:00,250.879176939906,251.2586662790108,245.94587648389523,249.19146728515625,34108000
2025-09-18 04:00:00,251.338548569648,253.64542748570952,249.46110945180465,251.6880798339844,31239500
2025-09-19 04:00:00,252.90642848071656,255.6526976942288,251.4683796180924,254.3744354248047,55571400
2025-09-22 04:00:00,254.08482475081848,255.4329993925613,249.96043800377367,252.1874084472656,32290500
2025-09-23 04:00:00,252.6967057132129,254.0149222449776,250.1401811840686,251.31858825683597,26628000
2025-09-24 04:00:00,251.3185902465092,252.00765659919705,246.1056707170572,246.80471801757807,28201000
2025-09-25 04:00:00,244.0684141454478,246.15559020390248,240.413391282528,245.4565277099609,31020400
2025-09-26 04:00:00,246.73481561544992,249.08161830530747,245.63630185383963,246.2055206298828,18503200
2025-09-29 04:00:00,247.51375020937843,250.809260938322,242.4406403715287,243.71890258789065,32505800
2025-09-30 04:00:00,242.48058753408856,242.9599320717839,238.92541967317948,242.77020263671875,34724300
2025-10-01 04:00:00,240.42338523813996,245.96585884887975,238.2862890899911,244.5677490234375,31658200
2025-10-02 04:00:00,244.8174135056227,246.4751651396655,241.9712890736748,245.356689453125,25483300
2025-10-03 04:00:00,244.15830178707057,245.96584369150784,241.33213946713911,245.0171356201172,30249600
2025-10-06 04:00:00,244.44791178946247,250.97904766602093,244.24818617214956,250.0902404785156,28894700
2025-10-07 04:00:00,247.9331791708485,250.1002333278666,245.18691006468788,245.42657470703125,23181300
2025-10-08 04:00:00,244.62768203424935,245.67624536262247,243.489229223314,244.2881317138672,21307100
2025-10-09 04:00:00,244.13833003954065,244.42792989328805,238.82554034163272,241.2023162841797,27892100
2025-10-10 04:00:00,241.10244578834048,243.75884063652228,235.52003337107624,236.24905395507807,33180300
2025-10-13 04:00:00,239.8841293059291,244.1683026351364,239.38480762364867,243.8187713623047,24995000
2025-10-14 04:00:00,240.9027282868883,246.78473694130557,240.18370386409975,245.11700439453125,22111600
2025-10-15 04:00:00,246.9145672382984,251.76797450819856,245.6562821083569,250.6894378662109,27007700
2025-10-16 04:00:00,251.42842769264908,256.6113736152233,249.76069521164575,251.1188507080078,27997200
2025-10-17 04:00:00,250.41979725844868,253.8751099031292,247.4738024671156,252.95635986328125,29671600
2025-10-20 04:00:00,254.3444728441902,256.98087539491434,253.88509020638816,256.2019348144531,22350200
2025-10-21 04:00:00,254.39440086428343,254.53421031738452,243.8187566890876,250.1202087402344,47312100
2025-10-22 04:00:00,254.02489806023604,256.01218852739623,248.9517881335524,251.3485412597656,35029400
2025-10-23 04:00:00,252.6367781341903,254.6939808970836,251.50832156545115,252.7366485595703,19901400
2025-10-24 04:00:00,256.2319174600456,261.32500504033385,254.97364746401067,259.5674133300781,28655100
2025-10-27 04:00:00,264.4607188078389,269.7735083332291,263.9214429072172,268.9046630859375,35235200
2025-10-28 04:00:00,269.3241367489819,270.3627344019799,266.1384619149823,267.1071472167969,29738600
2025-10-29 04:00:00,267.38675485794886,274.96645416764926,267.3068768000952,274.197509765625,43580300
2025-10-30 04:00:00,291.1944142933695,291.1944142933695,279.6800575475708,281.09814453125,74876000
2025-10-31 04:00:00,282.8257813584811,285.6120049046921,276.6541726227251,280.8085327148437,39267900
2025-11-03 05:00:00,281.797163766903,285.14262497278366,279.42038779718166,283.3350830078125,29786000
2025-11-04 05:00:00,276.3745458896769,280.88840284028174,275.88522040271835,277.1634826660156,30078400
2025-11-05 05:00:00,278.4916636746374,286.03143918614273,276.96374058170124,283.9242858886719,31010300
2025-11-06 05:00:00,284.9429082592804,287.9588308357049,280.7586204462715,284.3637084960937,37173600
2025-11-07 05:00:00,282.82575309004056,283.39498707048995,274.816645004158,278.4516906738281,34479600
2025-11-10 05:00:00,284.03413439651047,290.40545290698407,282.47622284552773,289.7064208984375,29557300
2025-11-11 05:00:00,287.3595968518003,291.5239526379353,286.9301875660949,290.9147644042969,19842100
2025-11-12 05:00:00,291.2842728658537,291.613842224268,283.30512258449664,286.3210144042969,24829900
2025-11-13 05:00:00,281.9569519907634,282.45627365196606,276.8638649512614,278.19207763671875,29494000
2025-11-14 05:00:00,271.0417870634884,278.1820807042813,270.3327588398133,276.0350036621094,31647200
2025-11-17 05:00:00,285.392279437324,293.55120856159544,283.1852862901624,284.63330078125,52670200
2025-11-18 05:00:00,287.52939388700526,288.4081743957296,277.8225797399186,283.8943176269531,49158700
2025-11-19 05:00:00,286.77042153983126,303.39782684502376,286.2411417953812,292.4127502441406,68198900
2025-11-20 05:00:00,304.1268355762142,306.0042898345543,288.2783714658303,289.05731201171875,62025200
2025-11-21 05:00:00,296.0178540164301,303.50767860502685,293.4513334764558,299.2534484863281,74137700
2025-11-24 05:00:00,310.70789188393536,319.0465694557707,309.17996886834777,318.14776611328125,85165100
2025-11-25 05:00:00,325.767421144808,328.3838617048627,317.2190369667809,323.0011901855469,88632100
2025-11-26 05:00:00,320.2449508538883,324.0597758686898,316.36024396458464,319.5159606933594,51373400
2025-11-28 05:00:00,322.9312800436979,326.4065697098705,316.3602205188893,319.74560546875,26018600
2025-12-01 05:00:00,317.26898426885936,319.41606123931075,313.46415578589995,314.4627990722656,41183000
2025-12-02 05:00:00,316.3102616947243,317.948051296999,313.4841146313127,315.38153076171875,35854700
2025-12-03 05:00:00,315.4614642178001,321.14371687287894,313.6738840780104,319.1963806152344,41838300
2025-12-04 05:00:00,321.7928484740126,321.92264650582644,314.27306548179905,317.1890869140625,31240900
2025-12-05 05:00:00,319.05652267664885,322.72155681925386,318.73697999805336,320.8341064453125,28851700
2025-12-08 05:00:00,319.82486263347363,320.21460294317257,311.0010871288888,313.49932861328125,33909400
2025-12-09 05:00:00,312.15025542764414,317.7662971049956,311.6805848338384,316.85693359375,30194000
2025-12-10 05:00:00,315.6078174223929,321.0839735202244,314.45863248382005,319.9847412109375,33428900
2025-12-11 05:00:00,319.8548173729065,320.8940942947929,308.3829128168011,312.210205078125,42353700
2025-12-12 05:00:00,313.47935032153816,314.6485102459599,305.34506149685063,309.07244873046875,35940200
2025-12-15 05:00:00,311.1009991314403,311.2009348824072,304.66552711937686,308.003173828125,29151900
2025-12-16 05:00:00,304.7354841263937,310.5513666605185,302.37712849550337,306.3543395996094,30585000
2025-12-17 05:00:00,307.7933270972379,307.87325739956634,295.9116769824828,296.5112609863281,43930400
2025-12-18 05:00:00,301.50775321966603,303.7461677101471,299.0195145942255,302.2472229003906,33518000
2025-12-19 05:00:00,301.5177661333593,307.03387224107576,300.7582909786616,306.9439392089844,59943200
2025-12-22 05:00:00,309.6620085044852,309.9118326328777,305.0852133945127,309.56207275390625,26429900
2025-12-23 05:00:00,309.41219480948,314.7184570357758,309.1024153195162,314.1288757324219,25478700
2025-12-24 05:00:00,314.5485634057752,314.8583428959372,311.70059264113144,313.8690490722656,10097400
2025-12-26 05:00:00,314.25877806497726,314.86833429915043,312.0603135401851,313.2894592285156,10899000
2025-12-29 05:00:00,311.15095467052413,313.79908436732376,310.4014822754237,313.33941650390625,19621800
2025-12-30 05:00:00,312.2801854430232,316.7270674821765,312.24020504037514,313.6292419433594,17380900
2025-12-31 05:00:00,312.62992729269524,314.3586907819443,311.22091551782626,312.7798156738281,16377700
2026-01-02 05:00:00,316.6770832413161,322.2731502440002,310.11169732658084,314.9283142089844,32009400
2026-01-05 05:00:00,317.4365596004392,318.79558832967825,314.4086921415047,316.3173522949219,30195600
2026-01-06 05:00:00,316.17741436833177,320.71422913013345,311.5606693028291,314.1188659667969,31212100
2026-01-07 05:00:00,314.13884430323384,325.9205589972494,313.96898096999803,321.7535095214844,35104400
2026-01-08 05:00:00,328.7385750407063,330.0876314322289,321.2738288701313,325.2110595703125,31896100
2026-01-09 05:00:00,326.8598973489763,330.5972566011106,325.5707962902668,328.3388671875,26214200
2026-01-12 05:00:00,325.57079145505844,333.80501545240315,324.7713664437944,331.62652587890625,33923900
2026-01-13 05:00:00,334.7144015630273,340.25048265726696,333.38532003422745,335.7336730957031,33517600
2026-01-14 05:00:00,334.8243096530742,336.2832741209541,330.2475447349911,335.603759765625,28525600
2026-01-15 05:00:00,337.4124676651339,337.4524480652932,330.507324974913,332.5458984375,28442400
2026-01-16 05:00:00,334.1747541117482,334.4145755186536,327.46948297740045,329.7678527832031,40341600
2026-01-20 05:00:00,320.6442885211675,327.49947891315526,320.2045955865857,321.77349853515625,35361000
2026-01-21 05:00:00,320.6942733516965,332.24613943011235,319.12537039479025,328.1490173339844,35386600
2026-01-22 05:00:00,334.2147483456718,334.9142376434696,328.5187457270175,330.3074951171875,26253600
2026-01-23 05:00:00,332.25610013077164,333.45526818914374,327.219667476274,327.6993103027344,27280000
2026-01-26 05:00:00,327.5793954045391,335.60374537803585,326.7699676491338,333.02557373046875,26042100
2026-01-27 05:00:00,335.1340666902067,337.6722883721735,333.2454121385867,334.31463623046875,21636200
2026-01-28 05:00:00,335.8236037532332,337.30257365930305,331.7065067534381,335.7736511230469,27434400
2026-01-29 05:00:00,340.06060015063264,342.0492210013424,326.3103005061971,338.0120544433594,39785600
2026-01-30 05:00:00,339.76083067041884,339.76083067041884,332.0562627255977,337.7622375488281,31024000
2026-02-02 05:00:00,335.983495554882,344.5874244246442,335.3939142353609,343.4482421875,32006100
2026-02-03 05:00:00,347.09564553860224,348.7544814019383,337.2325938809106,339.47100830078125,36506700
2026-02-04 05:00:00,342.7187296036167,343.0684894885568,328.2888852617291,332.80572509765625,70618400
2026-02-05 05:00:00,312.0003564748562,332.45595718246585,306.2443988387428,331.0169677734375,88205800
2026-02-06 05:00:00,326.94984200428365,330.147603202773,319.694969697787,322.63287353515625,56380500
2026-02-09 05:00:00,320.70422803551696,327.4694850607409,317.036826848448,324.09185791015625,39640100
2026-02-10 05:00:00,320.7441987510988,321.4437184993816,314.38865715458337,318.3558654785156,39170000
2026-02-11 05:00:00,318.7456164455411,320.8341425405983,309.44216816023624,310.7412414550781,45406400
2026-02-12 05:00:00,311.87044586439265,316.0175203045161,306.9839017615506,308.7826232910156,47761300
2026-02-13 05:00:00,307.5135396808651,308.412900480652,303.4963480144474,305.50494384765625,38499700
2026-02-17 05:00:00,299.82893803190484,304.22583664461854,296.0415956615768,301.8075256347656,39247600
2026-02-18 05:00:00,301.87748970860525,305.1651838815364,301.0380842700908,303.1166076660156,28482100
2026-02-19 05:00:00,301.6076886754516,305.25511494304027,299.828942056139,302.636962890625,25834400
2026-02-20 05:00:00,304.1059184917761,316.2773425544253,303.68620054308417,314.7584228515625,53210800
2026-02-23 05:00:00,318.82555353627805,319.29522413676915,309.65201848441603,311.2708740234375,31423000
2026-02-24 05:00:00,310.3015673465962,312.05033638585,305.71479964031533,310.6813049316406,25615600
2026-02-25 05:00:00,311.84046520002283,313.4193707572093,309.22231323387047,312.67987060546875,29963600
2026-02-26 05:00:00,312.42009761480955,312.9197459051382,302.1373272609355,307.1637878417969,36431200
2026-02-27 05:00:00,303.92607541564644,312.1502667227519,303.5862877430576,311.54071044921875,44640600
2026-03-02 05:00:00,303.0166882830762,308.27296712894787,301.088022863519,306.3043518066406,34790200
2026-03-03 05:00:00,298.37994467731505,303.7261871662424,296.5012623376298,303.3664245605469,35497000
2026-03-04 05:00:00,302.6769571429086,305.2551289128473,300.5384478137644,302.9167785644531,29536200
2026-03-05 05:00:00,302.82681905445145,303.08661540637286,297.78035344585857,300.6683349609375,35752300
2026-03-06 05:00:00,295.88171424137005,300.31859339921897,294.97235071392555,298.3099975585937,25576900
2026-03-09 04:00:00,294.3599853515625,306.79998779296875,294.0799865722656,306.3599853515625,29312100
2026-03-10 04:00:00,306.1700134277344,309.510009765625,305.57000732421875,307.0400085449219,23239700
2026-03-11 04:00:00,306.75,311.4200134277344,305.9200134277344,308.70001220703125,24125700
2026-03-12 04:00:00,306.82000732421875,308.94000244140625,301.0299987792969,303.54998779296875,24928300
2026-03-13 04:00:00,307.010009765625,307.69000244140625,300.44000244140625,302.2799987792969,23693100
2026-03-16 04:00:00,304.3500061035156,306.489990234375,303.0199890136719,305.5599975585937,23519700
2026-03-17 04:00:00,305.8599853515625,311.4200134277344,305.5,310.9200134277344,21955200
2026-03-18 04:00:00,309.2699890136719,312.4700012207031,306.92999267578125,307.69000244140625,20009800
2026-03-19 04:00:00,304.010009765625,308.0599975585937,302.3500061035156,307.1300048828125,25075800
2026-03-20 04:00:00,305.4599914550781,306.0,298.2699890136719,301.0,44364100
2026-03-23 04:00:00,302.1099853515625,305.9800109863281,300.92999267578125,302.0599975585937,29326900
2026-03-24 04:00:00,299.20001220703125,299.9200134277344,290.3299865722656,290.44000244140625,36864300
2026-03-25 04:00:00,293.44000244140625,296.0,289.239990234375,290.92999267578125,29460700
2026-03-26 04:00:00,287.9100036621094,287.95001220703125,278.5,280.9200134277344,39080600
2026-03-27 04:00:00,277.2799987792969,279.3699951171875,273.95001220703125,274.3399963378906,35890600
2026-03-30 04:00:00,276.4200134277344,277.0899963378906,272.1099853515625,273.5,35141200
2026-03-31 04:00:00,278.0400085449219,288.0799865722656,277.0899963378906,287.5599975585937,43875400
2026-04-01 04:00:00,290.8399963378906,300.5199890136719,290.4100036621094,297.3900146484375,37684500
2026-04-02 04:00:00,290.69000244140625,298.0799865722656,289.45001220703125,295.7699890136719,21666500
2026-04-06 04:00:00,295.8699951171875,300.6199951171875,295.17999267578125,299.989990234375,16915400
2026-04-07 04:00:00,302.7300109863281,305.6300048828125,297.7200012207031,305.4599914550781,23205400
2026-04-08 04:00:00,320.45001220703125,322.0799865722656,315.0199890136719,317.32000732421875,33547100
2026-04-09 04:00:00,315.9100036621094,319.5400085449219,311.05999755859375,318.489990234375,23739200
2026-04-10 04:00:00,320.0199890136719,321.8299865722656,316.32000732421875,317.239990234375,19152600
2026-04-13 04:00:00,317.1400146484375,321.6300048828125,315.4700012207031,321.30999755859375,18866400
2026-04-14 04:00:00,324.7900085449219,333.2900085449219,323.75,332.9100036621094,27721400
2026-04-15 04:00:00,332.8900146484375,337.4800109863281,330.8999938964844,337.1199951171875,24918800
2026-04-16 04:00:00,338.75,339.8800048828125,334.5199890136719,336.0199890136719,20541500
2026-04-17 04:00:00,337.6499938964844,342.32000732421875,336.239990234375,341.67999267578125,25581900
2026-04-20 04:00:00,340.760009765625,341.3999938964844,336.6099853515625,337.4200134277344,18784200
2026-04-21 04:00:00,337.69000244140625,339.3399963378906,331.3500061035156,332.2900085449219,23123800
2026-04-22 04:00:00,337.0199890136719,339.82000732421875,335.1700134277344,339.32000732421875,20293000
2026-04-23 04:00:00,341.17999267578125,341.9599914550781,336.17999267578125,338.8900146484375,18650300
2026-04-24 04:00:00,338.7300109863281,345.2699890136719,335.3900146484375,344.3999938964844,26400000
2026-04-27 04:00:00,345.75,353.17999267578125,342.7300109863281,350.3399963378906,28218240
