Date,Open,High,Low,Close,Volume,Dividends,Stock Splits
2021-04-07 00:00:00+05:30,2864.911301067923,2881.2182186877626,2843.6376853583197,2875.811767578125,2491268,0.0,0.0
2021-04-08 00:00:00+05:30,2874.5816745617008,2931.721677267056,2871.1093634748245,2916.2060546875,2578118,0.0,0.0
2021-04-09 00:00:00+05:30,2948.4241211892822,2948.731883972365,2907.986581065637,2920.513427734375,2911129,0.0,0.0
2021-04-12 00:00:00+05:30,2920.5136164862206,2934.4470730375683,2824.650224965105,2853.967529296875,3791828,0.0,0.0
2021-04-13 00:00:00+05:30,2825.35319397879,2825.35319397879,2701.44734620822,2728.69873046875,8654596,0.0,0.0
2021-04-15 00:00:00+05:30,2778.147294061527,2845.7922313533463,2714.1064439685506,2829.705078125,6062760,0.0,0.0
2021-04-16 00:00:00+05:30,2838.539556337448,2854.3629419100944,2797.7504704864327,2808.78271484375,3224657,0.0,0.0
2021-04-19 00:00:00+05:30,2785.7951320593206,2803.3766728107203,2755.9945063330647,2779.4658203125,2679106,0.0,0.0
2021-04-20 00:00:00+05:30,2835.0232125941484,2835.330975379309,2748.3023558299074,2764.301513671875,3141893,0.0,0.0
2021-04-22 00:00:00+05:30,2767.3342876746483,2767.3342876746483,2729.753747395712,2741.665283203125,1988980,0.0,0.0
2021-04-23 00:00:00+05:30,2729.5346312239963,2741.841711686842,2717.2715475436366,2733.490478515625,1615309,0.0,0.0
2021-04-26 00:00:00+05:30,2726.9408872803356,2771.7298181062615,2714.633809115576,2725.842041015625,2490260,0.0,0.0
2021-04-27 00:00:00+05:30,2730.4127998595645,2756.873099897442,2727.775569209346,2753.268798828125,1471417,0.0,0.0
2021-04-28 00:00:00+05:30,2769.048966240201,2769.9720401515624,2735.688032037976,2746.324951171875,1639037,0.0,0.0
2021-04-29 00:00:00+05:30,2765.2245045336585,2775.5536585645473,2729.9734334404593,2738.54443359375,1621395,0.0,0.0
2021-04-30 00:00:00+05:30,2724.2586864491636,2753.312214234768,2654.8116273238056,2668.569091796875,3072305,0.0,0.0
2021-05-03 00:00:00+05:30,2659.119675274267,2685.5799762724573,2640.7470535916405,2669.756591796875,1545831,0.0,0.0
2021-05-04 00:00:00+05:30,2692.4365953242295,2716.347442509376,2667.9982161863936,2680.964599609375,1990777,0.0,0.0
2021-05-05 00:00:00+05:30,2698.765922236356,2724.6106957094466,2683.294083870649,2721.358154296875,1939289,0.0,0.0
2021-05-06 00:00:00+05:30,2729.973879985396,2755.0275768392307,2702.282951883789,2735.204345703125,1791671,0.0,0.0
2021-05-07 00:00:00+05:30,2754.148052135079,2777.751353813853,2735.5116639367457,2754.06005859375,1912540,0.0,0.0
2021-05-10 00:00:00+05:30,2765.5327488295966,2781.575907001054,2747.1161252496127,2765.13720703125,2137153,0.0,0.0
2021-05-11 00:00:00+05:30,2747.115802604657,2749.8410273282093,2717.358958383474,2745.006103515625,2415625,0.0,0.0
2021-05-12 00:00:00+05:30,2742.720290729441,2742.720290729441,2699.2939719735896,2714.23828125,1978558,0.0,0.0
2021-05-14 00:00:00+05:30,2723.8200362366615,2723.8200362366615,2672.3940326478782,2682.50341796875,2043935,0.0,0.0
2021-05-17 00:00:00+05:30,2685.580002093259,2703.337313029576,2668.8775405417787,2698.54638671875,2890462,0.0,0.0
2021-05-18 00:00:00+05:30,2725.13907787278,2746.236928798247,2705.7993811911024,2715.29345703125,2098538,0.0,0.0
2021-05-19 00:00:00+05:30,2711.073583762573,2740.962203038814,2696.217267675573,2709.3154296875,1986041,0.0,0.0
2021-05-20 00:00:00+05:30,2696.2166289916227,2715.292553263747,2683.030476552131,2689.97509765625,2329027,0.0,0.0
2021-05-21 00:00:00+05:30,2690.854823863694,2714.7656764673193,2685.668355166535,2707.996826171875,1685566,0.0,0.0
2021-05-24 00:00:00+05:30,2708.875244140625,2729.5335495883955,2700.52401427876,2708.875244140625,1652260,0.0,0.0
2021-05-25 00:00:00+05:30,2731.401886201931,2763.4243048225067,2722.65653952181,2750.836181640625,1841613,15.0,0.0
2021-05-26 00:00:00+05:30,2756.1362259082634,2795.888190705017,2741.8255617150744,2790.146240234375,1923753,0.0,0.0
2021-05-27 00:00:00+05:30,2793.193674959177,2842.4861513917554,2793.06125468533,2809.138671875,5959785,0.0,0.0
2021-05-28 00:00:00+05:30,2817.530802754791,2825.0395068850357,2769.960867380018,2776.98388671875,1763701,0.0,0.0
2021-05-31 00:00:00+05:30,2782.637645424478,2800.6144542582383,2763.7334632434854,2790.720458984375,1652799,0.0,0.0
2021-06-01 00:00:00+05:30,2799.068610059735,2800.261039677647,2766.736923725916,2785.287841796875,1377441,0.0,0.0
2021-06-02 00:00:00+05:30,2783.388528206253,2790.9854410639764,2751.719376244468,2764.484130859375,2240078,0.0,0.0
2021-06-03 00:00:00+05:30,2786.657406387697,2786.657406387697,2758.4775461573736,2774.908447265625,1281706,0.0,0.0
2021-06-04 00:00:00+05:30,2763.203753106362,2788.689270408547,2760.5536216295973,2777.116943359375,1836060,0.0,0.0
2021-06-07 00:00:00+05:30,2778.220377259856,2818.369814617938,2768.149966770133,2811.96533203125,2559821,0.0,0.0
2021-06-08 00:00:00+05:30,2825.039790463917,2854.191232954633,2815.499275242402,2826.93896484375,2574057,0.0,0.0
2021-06-09 00:00:00+05:30,2828.5734978285386,2844.4742857613664,2814.616096398298,2827.027587890625,1710925,0.0,0.0
2021-06-10 00:00:00+05:30,2835.6402099785423,2848.0074881529035,2820.622800766818,2841.647216796875,1874324,0.0,0.0
2021-06-11 00:00:00+05:30,2837.0097753940586,2923.0948308603947,2836.5238748542542,2892.0,3452954,0.0,0.0
2021-06-14 00:00:00+05:30,2896.593304286982,2922.8295591519113,2888.952179184316,2894.25244140625,1847360,0.0,0.0
2021-06-15 00:00:00+05:30,2913.377320224504,2913.377320224504,2872.3445020711756,2882.23828125,1304985,0.0,0.0
2021-06-16 00:00:00+05:30,2881.6642273428124,2910.4621884354497,2873.62541029358,2892.485595703125,1635552,0.0,0.0
2021-06-17 00:00:00+05:30,2884.6675274167474,2946.9898164726833,2879.80895402805,2930.823974609375,2273413,0.0,0.0
2021-06-18 00:00:00+05:30,2960.1079111317467,2966.3799741161924,2893.059682915584,2912.759033203125,3380431,0.0,0.0
2021-06-21 00:00:00+05:30,2884.22590768231,2902.7768246995624,2872.4769504377414,2891.38134765625,1130569,0.0,0.0
2021-06-22 00:00:00+05:30,2918.6776002896086,2939.03948321946,2901.893437333948,2916.2041015625,1708688,0.0,0.0
2021-06-23 00:00:00+05:30,2940.7617764131733,2940.7617764131733,2876.6285255416315,2881.04541015625,1467104,0.0,0.0
2021-06-24 00:00:00+05:30,2901.010219082481,2988.464546637038,2896.1516453294503,2980.160888671875,4155204,0.0,0.0
2021-06-25 00:00:00+05:30,2981.6184543641257,3003.172768596496,2959.313183355254,2986.521240234375,2722861,0.0,0.0
2021-06-28 00:00:00+05:30,2995.9735405120887,2995.9735405120887,2944.295978336073,2947.608642578125,1355238,0.0,0.0
2021-06-29 00:00:00+05:30,2952.2460219223417,2973.7121267952775,2938.553678014563,2951.230224609375,1497322,0.0,0.0
2021-06-30 00:00:00+05:30,2955.779926317436,2987.5815035282635,2949.1545977318474,2955.55908203125,1693146,0.0,0.0
2021-07-01 00:00:00+05:30,2966.3799194902176,2969.913427434816,2943.7213860627653,2951.80419921875,990310,0.0,0.0
2021-07-02 00:00:00+05:30,2942.5287620044955,2950.214098705569,2910.903822539493,2937.6259765625,1682274,0.0,0.0
2021-07-05 00:00:00+05:30,2952.2462313685637,2980.514298215899,2916.911147809395,2933.6953125,1972858,0.0,0.0
2021-07-06 00:00:00+05:30,2926.6284867943823,2939.8791439938736,2876.364413418277,2881.84130859375,2159420,0.0,0.0
2021-07-07 00:00:00+05:30,2893.060081130474,2899.862041851697,2863.5553714558605,2893.015869140625,2640710,0.0,0.0
2021-07-08 00:00:00+05:30,2913.377277397096,2913.377277397096,2854.985972804783,2878.48388671875,2485811,0.0,0.0
2021-07-09 00:00:00+05:30,2870.9755207189455,2899.2435873844856,2827.6900436373367,2834.006103515625,6365067,0.0,0.0
2021-07-12 00:00:00+05:30,2857.724344285446,2858.6077212079454,2816.5148971181284,2820.7109375,1892226,0.0,0.0
2021-07-13 00:00:00+05:30,2839.174120044837,2839.174120044837,2804.7224116808825,2815.808837890625,1809339,0.0,0.0
2021-07-14 00:00:00+05:30,2815.322587718182,2846.240783692496,2813.555833662507,2839.65966796875,2044279,0.0,0.0
2021-07-15 00:00:00+05:30,2857.410052686177,2861.1725983413016,2827.6637229336393,2835.587158203125,2232968,7.0,0.0
2021-07-16 00:00:00+05:30,2844.4843303491293,2850.5487547016237,2825.892929497174,2828.371826171875,1256526,0.0,0.0
2021-07-19 00:00:00+05:30,2815.2693082754054,2832.7983868188567,2811.728089019713,2819.341796875,1597058,0.0,0.0
2021-07-20 00:00:00+05:30,2819.3419318366623,2846.255113012707,2794.15483576375,2838.1103515625,1811945,0.0,0.0
2021-07-22 00:00:00+05:30,2824.1225693914685,2855.063931743701,2824.1225693914685,2847.450439453125,2859334,0.0,0.0
2021-07-23 00:00:00+05:30,2859.5346985379906,2869.760012901406,2838.862743596103,2844.351806640625,1776193,0.0,0.0
2021-07-26 00:00:00+05:30,2832.9758386643216,2854.4444836916996,2824.8753848312026,2830.806884765625,1259611,0.0,0.0
2021-07-27 00:00:00+05:30,2832.9753493862218,2841.828397353054,2798.581171579533,2817.880859375,1121367,0.0,0.0
2021-07-28 00:00:00+05:30,2822.3515580665385,2836.91477805401,2773.1285272482296,2831.027587890625,1660654,0.0,0.0
2021-07-29 00:00:00+05:30,2833.196643150491,2855.50628054373,2824.3879037521106,2829.257080078125,1731997,0.0,0.0
2021-07-30 00:00:00+05:30,2849.7959497066217,2853.7798210249443,2799.6435227881707,2804.158447265625,2999943,0.0,0.0
2021-08-02 00:00:00+05:30,2815.2692243116567,2855.019322815732,2803.760262073905,2850.150146484375,2608669,0.0,0.0
2021-08-03 00:00:00+05:30,2858.649722667122,2912.6533253560956,2849.752364570092,2908.13818359375,3804735,0.0,0.0
2021-08-04 00:00:00+05:30,2921.505836757805,2926.109378484922,2887.1559673281517,2898.443603515625,2929598,0.0,0.0
2021-08-05 00:00:00+05:30,2899.3731961922103,2934.7853879014283,2888.30688628308,2907.296630859375,2534521,0.0,0.0
2021-08-06 00:00:00+05:30,2897.2047635883696,2942.753660136162,2890.520667973697,2930.182373046875,2292362,0.0,0.0
2021-08-09 00:00:00+05:30,2942.6648617114934,2954.262442321804,2930.3592100944475,2941.6025390625,1510489,0.0,0.0
2021-08-10 00:00:00+05:30,2935.316187639701,2965.6819642613355,2935.316187639701,2951.51708984375,2040777,0.0,0.0
2021-08-11 00:00:00+05:30,2965.771041469814,2974.6240893547983,2945.4976482687453,2960.63623046875,1929707,0.0,0.0
2021-08-12 00:00:00+05:30,2944.523714291042,2981.706515253226,2944.523714291042,2967.3203125,1310205,0.0,0.0
2021-08-13 00:00:00+05:30,2975.2885735360687,3080.861187504432,2972.4113324845202,3066.1650390625,4363584,0.0,0.0
2021-08-16 00:00:00+05:30,3063.154973605649,3093.565283570846,3042.350308322489,3074.61962890625,2083489,0.0,0.0
2021-08-17 00:00:00+05:30,3082.719655689801,3152.3930940101595,3065.8102490618444,3145.531982421875,4336019,0.0,0.0
2021-08-18 00:00:00+05:30,3163.946961523481,3182.671073455571,3130.969354434129,3152.17236328125,2631309,0.0,0.0
2021-08-20 00:00:00+05:30,3103.878624900135,3164.9646560233837,3098.5667961068093,3151.242431640625,2836148,0.0,0.0
2021-08-23 00:00:00+05:30,3169.3918324910946,3251.725195737372,3153.367725876846,3220.208251953125,3744176,0.0,0.0
2021-08-24 00:00:00+05:30,3237.560090102027,3246.7230824729686,3182.1399156944894,3198.78369140625,2511141,0.0,0.0
2021-08-25 00:00:00+05:30,3195.9503862746396,3273.635883891149,3193.338780294793,3239.330322265625,2123263,0.0,0.0
2021-08-26 00:00:00+05:30,3240.21559454725,3264.6500936829902,3229.503319923937,3250.70654296875,1902533,0.0,0.0
2021-08-27 00:00:00+05:30,3245.5278656262144,3301.7447285469084,3232.336908656288,3293.467041015625,3944728,0.0,0.0
2021-08-30 00:00:00+05:30,3288.907686574179,3311.3502521292385,3264.6504188945714,3276.779052734375,2033114,0.0,0.0
2021-08-31 00:00:00+05:30,3283.9495746993503,3367.7881130904075,3278.682054309323,3352.162353515625,3207480,0.0,0.0
2021-09-01 00:00:00+05:30,3360.6172841404705,3378.943051708718,3281.8251507662603,3288.86328125,2643336,0.0,0.0
2021-09-02 00:00:00+05:30,3305.728286676549,3416.524101420133,3295.1046285511825,3396.693359375,3403717,0.0,0.0
2021-09-03 00:00:00+05:30,3386.2910073224075,3414.5321452155067,3368.1865666025374,3401.385498046875,1746812,0.0,0.0
2021-09-06 00:00:00+05:30,3408.1576035329426,3432.8577353838573,3376.5522676430264,3410.19384765625,1723693,0.0,0.0
2021-09-07 00:00:00+05:30,3420.8183624157914,3426.0858836953535,3371.462610939425,3378.235107421875,1585039,0.0,0.0
2021-09-08 00:00:00+05:30,3373.011704958911,3377.4382295061014,3325.2052398492574,3341.2734375,4147175,0.0,0.0
2021-09-09 00:00:00+05:30,3355.040190799243,3371.8609851751867,3333.173201338298,3356.545166015625,1441148,0.0,0.0
2021-09-13 00:00:00+05:30,3334.94340668906,3410.5483552564024,3334.94340668906,3404.30712890625,1691473,0.0,0.0
2021-09-14 00:00:00+05:30,3408.379630212844,3449.590617426561,3386.291315708096,3440.206298828125,1991188,0.0,0.0
2021-09-15 00:00:00+05:30,3436.84212717988,3523.5133876208283,3422.588632297016,3500.982421875,2461369,0.0,0.0
2021-09-16 00:00:00+05:30,3479.2479470590197,3525.062471552736,3445.694980793567,3455.6103515625,2946666,0.0,0.0
2021-09-17 00:00:00+05:30,3470.3947132938247,3492.5273326388105,3368.5846643068885,3388.81396484375,6477148,0.0,0.0
2021-09-20 00:00:00+05:30,3372.126214285933,3427.015115647374,3371.1082001517175,3384.963134765625,2002008,0.0,0.0
2021-09-21 00:00:00+05:30,3415.5059679978876,3427.5018914398584,3383.325051595029,3419.88818359375,1568129,0.0,0.0
2021-09-22 00:00:00+05:30,3419.489874783857,3449.900181873406,3410.5925180954796,3419.179931640625,1744067,0.0,0.0
2021-09-23 00:00:00+05:30,3426.12955476776,3434.0972979183825,3395.143886959783,3425.465576171875,2003869,0.0,0.0
2021-09-24 00:00:00+05:30,3443.835919440469,3491.996417565266,3412.8502492141406,3427.28076171875,2320754,0.0,0.0
2021-09-27 00:00:00+05:30,3452.688626544407,3456.229845648555,3366.725446335667,3396.8701171875,1673362,0.0,0.0
2021-09-28 00:00:00+05:30,3408.4238902572306,3408.4238902572306,3321.0000307343994,3345.699951171875,2253075,0.0,0.0
2021-09-29 00:00:00+05:30,3328.5681809792477,3369.4692090755234,3295.236334080592,3356.986328125,2489161,0.0,0.0
2021-09-30 00:00:00+05:30,3368.584633292451,3368.584633292451,3319.981488113893,3342.512451171875,2252412,0.0,0.0
2021-10-01 00:00:00+05:30,3348.001520610222,3373.0113819065105,3297.760471811483,3302.364013671875,1578374,0.0,0.0
2021-10-04 00:00:00+05:30,3297.583708781848,3349.6837720532653,3282.2235824322406,3340.52099609375,1356860,0.0,0.0
2021-10-05 00:00:00+05:30,3323.4344415906635,3399.570659485388,3312.456747791628,3393.63916015625,1877966,0.0,0.0
2021-10-06 00:00:00+05:30,3396.029343257922,3415.019088719637,3359.7318450635594,3373.80810546875,1678154,0.0,0.0
2021-10-07 00:00:00+05:30,3390.7174889832863,3451.80352207463,3381.908749178324,3446.403076171875,1647233,0.0,0.0
2021-10-08 00:00:00+05:30,3474.821833138115,3532.2780363566103,3452.689209997108,3484.250244140625,2934339,0.0,0.0
2021-10-11 00:00:00+05:30,3324.3199574886903,3326.5332197772977,3240.2159905215995,3262.8798828125,11845402,0.0,0.0
2021-10-12 00:00:00+05:30,3280.9401014859304,3281.82540642427,3214.188195590698,3233.88623046875,5752877,0.0,0.0
2021-10-13 00:00:00+05:30,3231.3625227170273,3253.893486668199,3226.9359987133057,3235.966064453125,3545655,0.0,0.0
2021-10-14 00:00:00+05:30,3215.387837781838,3255.3029971474057,3200.4861349746393,3203.368896484375,6442299,7.0,0.0
2021-10-18 00:00:00+05:30,3196.272417838249,3239.957336100355,3194.49841100527,3235.034423828125,3590107,0.0,0.0
2021-10-19 00:00:00+05:30,3254.416313470081,3273.1321766557753,3215.5655112250456,3223.504150390625,3135441,0.0,0.0
2021-10-20 00:00:00+05:30,3203.8567186109995,3219.8227819927815,3173.964743256937,3201.062744140625,2933693,0.0,0.0
2021-10-21 00:00:00+05:30,3196.849131476955,3199.820463019318,3114.490776823331,3133.339599609375,4871211,0.0,0.0
2021-10-22 00:00:00+05:30,3157.7323632415505,3159.1516554194964,3091.207102780001,3103.4921875,2691670,0.0,0.0
2021-10-25 00:00:00+05:30,3107.1737071107864,3117.418642319064,3060.162514853615,3098.25927734375,2595594,0.0,0.0
2021-10-26 00:00:00+05:30,3099.634113754694,3130.2357382859686,3082.337543367453,3089.078857421875,3878763,0.0,0.0
2021-10-27 00:00:00+05:30,3089.433380304038,3114.491230718505,3089.433380304038,3095.420654296875,2510813,0.0,0.0
2021-10-28 00:00:00+05:30,3120.4785040796774,3120.4785040796774,3029.1171379852467,3035.015625,2424942,0.0,0.0
2021-10-29 00:00:00+05:30,3015.8568020954044,3069.919631227122,3003.349964014751,3013.816650390625,3960501,0.0,0.0
2021-11-01 00:00:00+05:30,3049.4738578562856,3092.981425957141,3027.298768768552,3083.5791015625,2020718,0.0,0.0
2021-11-02 00:00:00+05:30,3099.190481052054,3116.575837687412,3077.6806444276945,3090.497802734375,3087414,0.0,0.0
2021-11-03 00:00:00+05:30,3108.2383227811547,3122.1642375629,3074.3992182416014,3097.638671875,1537639,0.0,0.0
2021-11-04 00:00:00+05:30,3115.999217340445,3116.2653617280953,3108.9475821125666,3112.18505859375,328991,0.0,0.0
2021-11-08 00:00:00+05:30,3147.088570475876,3147.088570475876,3087.8366904944155,3106.95166015625,2526082,0.0,0.0
2021-11-09 00:00:00+05:30,3111.608022286807,3135.5571148186614,3100.963981161539,3109.56787109375,1782692,0.0,0.0
2021-11-10 00:00:00+05:30,3102.7385758648256,3121.986510569045,3086.94986856028,3090.586669921875,1516489,0.0,0.0
2021-11-11 00:00:00+05:30,3086.7722686985917,3113.426767950228,3047.744113577115,3094.045654296875,1284514,0.0,0.0
2021-11-12 00:00:00+05:30,3109.8346748298673,3134.803739975808,3091.828458130939,3127.619140625,1747259,0.0,0.0
2021-11-15 00:00:00+05:30,3129.3485615298887,3166.2479962691427,3129.3485615298887,3151.789794921875,1809157,0.0,0.0
2021-11-16 00:00:00+05:30,3165.7156378788404,3171.525554383202,3141.7665422714635,3154.539306640625,2013204,0.0,0.0
2021-11-17 00:00:00+05:30,3149.394919496819,3160.2607130817687,3110.189188992321,3123.937744140625,1632914,0.0,0.0
2021-11-18 00:00:00+05:30,3117.950746243194,3123.006840214177,3061.5818383861247,3082.95849609375,2136598,0.0,0.0
2021-11-22 00:00:00+05:30,3085.35310837777,3118.6601354949016,3051.5584025436406,3067.613037109375,3167936,0.0,0.0
2021-11-23 00:00:00+05:30,3055.7271838719826,3087.614917705007,3022.730695618105,3072.802001953125,2153461,0.0,0.0
2021-11-24 00:00:00+05:30,3079.853553174247,3098.347663033605,3037.100027177156,3054.21923828125,2161746,0.0,0.0
2021-11-25 00:00:00+05:30,3054.751871555179,3071.6937283793595,3046.015015283334,3056.52587890625,1849619,0.0,0.0
2021-11-26 00:00:00+05:30,3037.9870505637437,3095.6422792605736,3026.3672178510988,3057.3681640625,1941251,0.0,0.0
2021-11-29 00:00:00+05:30,3057.633906161152,3130.54576418905,3021.5329084651667,3106.2861328125,2981745,0.0,0.0
2021-11-30 00:00:00+05:30,3096.529551797882,3161.059063368577,3096.529551797882,3130.36865234375,5588446,0.0,0.0
2021-12-01 00:00:00+05:30,3135.5579286710604,3184.3431298243586,3135.5579286710604,3173.521728515625,2102118,0.0,0.0
2021-12-02 00:00:00+05:30,3183.6333300682236,3235.789185915078,3170.2397054205367,3231.265380859375,3152938,0.0,0.0
2021-12-03 00:00:00+05:30,3234.4135732472982,3251.710139914298,3220.5764498458398,3229.091552734375,2486263,0.0,0.0
2021-12-06 00:00:00+05:30,3229.0915778827693,3244.6585313150194,3124.0260654159374,3136.798828125,1849642,0.0,0.0
2021-12-07 00:00:00+05:30,3159.9497912834336,3191.438413764995,3126.066302797089,3179.4638671875,1484458,0.0,0.0
2021-12-08 00:00:00+05:30,3194.0999357691167,3234.414205727127,3194.0999357691167,3217.0732421875,1428660,0.0,0.0
2021-12-09 00:00:00+05:30,3202.083160936307,3224.036501167103,3163.055000526003,3194.765380859375,1567957,0.0,0.0
2021-12-10 00:00:00+05:30,3179.907665866492,3230.46686724847,3171.126417511061,3225.8544921875,1510718,0.0,0.0
2021-12-13 00:00:00+05:30,3237.562649111005,3248.2066906971236,3194.7203384161626,3201.77197265625,1883864,0.0,0.0
2021-12-14 00:00:00+05:30,3197.648019262842,3224.258127606222,3172.5457737481966,3214.32373046875,1747007,0.0,0.0
2021-12-15 00:00:00+05:30,3210.952476293671,3213.6134866331413,3156.0912265068364,3166.912841796875,1603233,0.0,0.0
2021-12-16 00:00:00+05:30,3177.2465604843114,3200.7077599220047,3166.602518405637,3176.891845703125,2072320,0.0,0.0
2021-12-17 00:00:00+05:30,3195.4300814535413,3238.7602886798354,3169.884337561044,3179.3310546875,4333992,0.0,0.0
2021-12-20 00:00:00+05:30,3183.4553186745993,3198.5343770244094,3113.5150114130224,3154.982421875,2312310,0.0,0.0
2021-12-21 00:00:00+05:30,3177.82342259873,3229.7575276974712,3163.4096138189643,3200.5751953125,2340989,0.0,0.0
2021-12-22 00:00:00+05:30,3214.5012507100805,3225.8549408224308,3198.7569358093897,3220.488525390625,1224328,0.0,0.0
2021-12-23 00:00:00+05:30,3235.788728737679,3255.746307245518,3219.8226659314073,3248.82763671875,1792861,0.0,0.0
2021-12-24 00:00:00+05:30,3268.607910238929,3286.3479803080686,3232.950412710677,3256.10107421875,2209923,0.0,0.0
2021-12-27 00:00:00+05:30,3256.189982037391,3281.9130845923037,3240.312705357694,3278.453857421875,1534135,0.0,0.0
2021-12-28 00:00:00+05:30,3290.783507922426,3304.0885625366677,3276.4584857425416,3287.723388671875,1456218,0.0,0.0
2021-12-29 00:00:00+05:30,3275.0387987147183,3299.608753298073,3268.6080230926227,3277.2119140625,1456923,0.0,0.0
2021-12-30 00:00:00+05:30,3265.370227080346,3317.3928926389353,3264.1726858051557,3311.84912109375,1966475,0.0,0.0
2021-12-31 00:00:00+05:30,3319.8768098436235,3335.133227039575,3309.676269388582,3315.9296875,1207141,0.0,0.0
2022-01-03 00:00:00+05:30,3326.263417742371,3397.2237039875417,3321.828399852048,3386.35791015625,2346158,0.0,0.0
2022-01-04 00:00:00+05:30,3398.199936130653,3449.690327285439,3380.9919345479066,3445.78759765625,2488606,0.0,0.0
2022-01-05 00:00:00+05:30,3428.2684327770844,3432.7034501545454,3381.611963344765,3424.676025390625,1733031,0.0,0.0
2022-01-06 00:00:00+05:30,3381.257344785918,3401.658425302727,3345.777204756685,3377.221435546875,1810293,0.0,0.0
2022-01-07 00:00:00+05:30,3388.353980908184,3428.1803586173028,3367.4206079125356,3418.068603515625,2460591,0.0,0.0
2022-01-10 00:00:00+05:30,3528.500232508882,3528.500232508882,3424.7208139056797,3441.44091796875,3937092,0.0,0.0
2022-01-11 00:00:00+05:30,3420.2858084459604,3481.4890555369284,3420.2858084459604,3473.417236328125,1906106,0.0,0.0
2022-01-12 00:00:00+05:30,3481.4888900484816,3485.0369042039447,3403.0334703465164,3423.744873046875,3203744,0.0,0.0
2022-01-13 00:00:00+05:30,3475.2800304751445,3479.715048380294,3421.1728120323205,3457.451171875,6684507,0.0,0.0
2022-01-14 00:00:00+05:30,3439.6671718235552,3527.613496615076,3423.878463629816,3519.763427734375,3348123,0.0,0.0
2022-01-17 00:00:00+05:30,3541.539286003683,3586.1556110947845,3514.5744627618396,3565.00048828125,3442604,0.0,0.0
2022-01-18 00:00:00+05:30,3578.1277414958386,3585.002018651542,3530.2739457678194,3539.67626953125,2389041,0.0,0.0
2022-01-19 00:00:00+05:30,3564.911028197739,3564.911028197739,3474.7219780077917,3478.409423828125,3102539,7.0,0.0
2022-01-20 00:00:00+05:30,3474.277907320161,3483.1635285665043,3386.310256981364,3400.12744140625,6176776,0.0,0.0
2022-01-21 00:00:00+05:30,3382.7560817031394,3422.3415685992545,3350.856787511947,3406.302978515625,3112358,0.0,0.0
2022-01-24 00:00:00+05:30,3412.078809123836,3420.6533474824882,3323.311533128875,3351.0791015625,3258414,0.0,0.0
2022-01-25 00:00:00+05:30,3349.4351892399127,3384.8887339958196,3307.406154089975,3349.79052734375,3330501,0.0,0.0
2022-01-27 00:00:00+05:30,3315.225405503914,3317.35786790561,3221.1267599154967,3242.58544921875,5718297,0.0,0.0
2022-01-28 00:00:00+05:30,3239.6974191245527,3314.1589665493984,3239.6974191245527,3278.838623046875,3143862,0.0,0.0
2022-01-31 00:00:00+05:30,3331.219303461651,3339.2163623389933,3306.694902797494,3319.89013671875,2739393,0.0,0.0
2022-02-01 00:00:00+05:30,3349.8791832605725,3383.644543728451,3320.023409336383,3377.113525390625,2105169,0.0,0.0
2022-02-02 00:00:00+05:30,3401.3272782809076,3433.4044616031847,3377.11395747897,3426.4736328125,1984212,0.0,0.0
2022-02-03 00:00:00+05:30,3421.8527286158005,3449.842435432575,3390.7975258678207,3398.394775390625,1960538,0.0,0.0
2022-02-04 00:00:00+05:30,3390.1311897835267,3398.483587159522,3348.990719148999,3389.775634765625,2307366,0.0,0.0
2022-02-07 00:00:00+05:30,3368.539210961275,3404.7925911476827,3337.5727323379806,3357.87646484375,1919149,0.0,0.0
2022-02-08 00:00:00+05:30,3369.02776676185,3376.2694613033686,3306.339665487328,3326.287841796875,2946443,0.0,0.0
2022-02-09 00:00:00+05:30,3332.1085347583003,3356.943806983869,3328.643228655811,3341.48291015625,1638721,0.0,0.0
2022-02-10 00:00:00+05:30,3367.4731657279976,3367.4731657279976,3339.2168435690846,3350.190673828125,2112459,0.0,0.0
2022-02-11 00:00:00+05:30,3334.329421359059,3334.329421359059,3278.794287758808,3283.192626953125,3851488,0.0,0.0
2022-02-14 00:00:00+05:30,3309.0057078067457,3370.538641551541,3296.5658367247656,3317.669189453125,5951745,0.0,0.0
2022-02-15 00:00:00+05:30,3364.096462084056,3407.63600953311,3330.331098756218,3392.352783203125,3931683,0.0,0.0
2022-02-16 00:00:00+05:30,3415.6327519656547,3424.607316053256,3381.8673917745273,3388.17626953125,3256906,0.0,0.0
2022-02-17 00:00:00+05:30,3398.750205079547,3407.6358265307354,3357.8763464040803,3362.496826171875,3134372,0.0,0.0
2022-02-18 00:00:00+05:30,3348.9908552959514,3390.708806246124,3338.8613332210016,3371.115966796875,3688883,0.0,0.0
2022-02-21 00:00:00+05:30,3385.42203627491,3401.238487075305,3292.611756383807,3304.918212890625,7465922,0.0,0.0
2022-02-22 00:00:00+05:30,3243.2521466798876,3259.1573238584433,3172.1671681225203,3186.739501953125,5408531,0.0,0.0
2022-02-23 00:00:00+05:30,3208.5980507387485,3219.171853968917,3159.4160470145603,3166.657958984375,2426203,0.0,0.0
2022-02-24 00:00:00+05:30,3086.8647024601314,3095.617125825377,3013.2029919298166,3022.5771484375,5039136,0.0,0.0
2022-02-25 00:00:00+05:30,3081.5340997346093,3136.624963109334,3076.202725859636,3128.40576171875,2549723,0.0,0.0
2022-02-28 00:00:00+05:30,3101.081796727202,3166.6132530334003,3070.7817416818107,3158.12744140625,3288942,0.0,0.0
2022-03-02 00:00:00+05:30,3156.617310428963,3173.899802351873,3115.299166886402,3150.974853515625,2761341,0.0,0.0
2022-03-03 00:00:00+05:30,3165.813577954369,3179.8084310877025,3136.7131690580727,3149.41943359375,1928039,0.0,0.0
2022-03-04 00:00:00+05:30,3111.3002726289433,3164.347387967224,3098.460593342772,3131.60400390625,2370257,0.0,0.0
2022-03-07 00:00:00+05:30,3065.539317577579,3152.618405439203,3049.145389831269,3096.550048828125,3054130,0.0,0.0
2022-03-08 00:00:00+05:30,3074.4250662664513,3206.8208277906424,3074.4250662664513,3198.779296875,3300992,0.0,0.0
2022-03-09 00:00:00+05:30,3203.2666130344987,3246.806159231084,3196.2025871914693,3227.791015625,2719654,0.0,0.0
2022-03-10 00:00:00+05:30,3273.4630982851195,3273.4630982851195,3212.152307356326,3217.439208984375,2005441,0.0,0.0
2022-03-11 00:00:00+05:30,3201.7115509453934,3234.2330122460926,3192.4705914053425,3198.068359375,1623423,0.0,0.0
2022-03-14 00:00:00+05:30,3181.0525657618205,3241.7858768007827,3181.0525657618205,3237.031982421875,1765688,0.0,0.0
2022-03-15 00:00:00+05:30,3251.2492982969325,3251.2492982969325,3185.8510294094035,3193.40380859375,3651133,0.0,0.0
2022-03-16 00:00:00+05:30,3234.8108570892805,3259.246318858256,3213.263222620275,3248.49462890625,3090475,0.0,0.0
2022-03-17 00:00:00+05:30,3284.6593376941833,3296.5659852067165,3252.404484263418,3263.467041015625,3600452,0.0,0.0
2022-03-21 00:00:00+05:30,3284.1254920661872,3300.075138230932,3212.1519626134377,3222.548095703125,2413831,0.0,0.0
2022-03-22 00:00:00+05:30,3234.366348219692,3297.4542632536477,3221.0379154660395,3288.524169921875,2907611,0.0,0.0
2022-03-23 00:00:00+05:30,3294.7876798551097,3314.158373571169,3278.793564904357,3298.697265625,1596195,0.0,0.0
2022-03-24 00:00:00+05:30,3287.6799437165005,3339.3942172821903,3283.2371329817483,3331.974853515625,1879046,0.0,0.0
2022-03-25 00:00:00+05:30,3340.904599959908,3358.320504138264,3262.800077046092,3294.299560546875,1690133,0.0,0.0
2022-03-28 00:00:00+05:30,3283.237762893008,3299.2318846066955,3253.2043131771416,3294.5224609375,1760990,0.0,0.0
2022-03-29 00:00:00+05:30,3283.0149923595486,3307.228310863317,3279.6828843085714,3292.433837890625,2689063,0.0,0.0
2022-03-30 00:00:00+05:30,3321.444560081374,3321.444560081374,3293.188246761284,3315.71337890625,1583455,0.0,0.0
2022-03-31 00:00:00+05:30,3323.222450010069,3336.2397987692148,3305.628876005545,3323.177978515625,2168110,0.0,0.0
2022-04-01 00:00:00+05:30,3330.331013312687,3343.659445863298,3312.604241407199,3339.883056640625,1387014,0.0,0.0
2022-04-04 00:00:00+05:30,3342.7710924712337,3358.7652125309046,3320.6459798290102,3350.190673828125,1472994,0.0,0.0
2022-04-05 00:00:00+05:30,3351.656507431064,3408.1691482536567,3351.656507431064,3389.68701171875,2314947,0.0,0.0
2022-04-06 00:00:00+05:30,3384.799946643338,3384.799946643338,3315.358682300862,3336.862060546875,2051729,0.0,0.0
2022-04-07 00:00:00+05:30,3328.1095666362144,3328.1095666362144,3269.0201830609085,3273.59619140625,2494829,0.0,0.0
2022-04-08 00:00:00+05:30,3278.7940427208514,3292.1224737888224,3236.5873443389437,3274.9287109375,2296773,0.0,0.0
2022-04-11 00:00:00+05:30,3278.794733632162,3298.654186881885,3248.6725598448093,3284.4814453125,2291660,0.0,0.0
2022-04-12 00:00:00+05:30,3272.5745321735017,3322.3340146067667,3241.7859391915695,3279.77197265625,4483476,0.0,0.0
2022-04-13 00:00:00+05:30,3293.9001325191025,3296.43262160667,3248.183649923165,3253.870361328125,1621672,0.0,0.0
2022-04-18 00:00:00+05:30,3207.709223229319,3207.709223229319,3129.960038455755,3134.8916015625,3820792,0.0,0.0
2022-04-19 00:00:00+05:30,3154.3958182118126,3166.4358794399823,3055.898611311743,3084.9990234375,3170014,0.0,0.0
2022-04-20 00:00:00+05:30,3109.9671328571008,3171.411111008341,3092.1958920979173,3160.4375,2640370,0.0,0.0
2022-04-21 00:00:00+05:30,3181.052302537518,3237.9202766610933,3169.8563333582965,3224.28076171875,2280996,0.0,0.0
2022-04-22 00:00:00+05:30,3182.0303466809823,3213.929644546312,3173.500062343697,3209.9755859375,1581465,0.0,0.0
2022-04-25 00:00:00+05:30,3161.5040949392046,3184.606710585191,3139.3789844211183,3152.796142578125,1960694,0.0,0.0
2022-04-26 00:00:00+05:30,3176.7432895789925,3188.07245843862,3126.0952405594826,3151.1083984375,1943469,0.0,0.0
2022-04-27 00:00:00+05:30,3150.841554226717,3170.7897321857427,3115.5656783516138,3164.34765625,1727648,0.0,0.0
2022-04-28 00:00:00+05:30,3188.160927515036,3202.733259696587,3143.777292437707,3184.873291015625,1703660,0.0,0.0
2022-04-29 00:00:00+05:30,3196.1580990746857,3219.4828558444133,3142.7111717645585,3151.46337890625,2051115,0.0,0.0
2022-05-02 00:00:00+05:30,3127.6499290847396,3152.574141608423,3103.525552683142,3147.642578125,1324161,0.0,0.0
2022-05-04 00:00:00+05:30,3144.177147062356,3150.352610577351,3079.1344414976566,3091.97412109375,2305825,0.0,0.0
2022-05-05 00:00:00+05:30,3120.719554345007,3139.290418532952,3096.950514238651,3121.87451171875,1612262,0.0,0.0
2022-05-06 00:00:00+05:30,3073.536813981293,3087.309528817,3042.8814164437517,3050.078857421875,2010812,0.0,0.0
2022-05-09 00:00:00+05:30,3019.3341828755033,3070.8707875272926,2973.8843157191677,3061.185546875,2481830,0.0,0.0
2022-05-10 00:00:00+05:30,3051.3227863163397,3078.6905471809036,3040.660039247092,3055.54345703125,1622685,0.0,0.0
2022-05-11 00:00:00+05:30,3052.2108543548047,3064.161971372953,3005.25025996758,3031.77392578125,1841769,0.0,0.0
2022-05-12 00:00:00+05:30,3001.562777515555,3065.272636777598,2976.7719816685094,3028.797119140625,2807195,0.0,0.0
2022-05-13 00:00:00+05:30,3052.2107706705233,3056.564638125786,3005.2501775708447,3034.3505859375,2187823,0.0,0.0
2022-05-16 00:00:00+05:30,3034.4396113097378,3047.7680429845973,2991.4332918791674,3000.49658203125,1195813,0.0,0.0
2022-05-17 00:00:00+05:30,2994.454423948811,3080.644951878495,2977.0385191605064,3066.961181640625,1754076,0.0,0.0
2022-05-18 00:00:00+05:30,3078.8680530656147,3105.5249193259233,3059.3641559719827,3064.473388671875,1866781,0.0,0.0
2022-05-19 00:00:00+05:30,3018.445422094706,3025.553918820275,2870.0555529484545,2898.445068359375,4642963,0.0,0.0
2022-05-20 00:00:00+05:30,2941.140467379906,2944.605772697741,2905.6424558809776,2926.034912109375,3065125,0.0,0.0
2022-05-23 00:00:00+05:30,2936.5202138894765,2966.8200528085695,2902.9325214936357,2951.581298828125,2293690,0.0,0.0
2022-05-24 00:00:00+05:30,2945.7164140697164,2954.3356395628116,2910.573958291516,2921.592041015625,1711510,0.0,0.0
2022-05-25 00:00:00+05:30,2945.6110559752246,2945.6110559752246,2821.4478094645397,2833.613525390625,3548046,22.0,0.0
2022-05-26 00:00:00+05:30,2854.501215690882,2899.6758667069867,2845.153237526035,2886.66015625,2813186,0.0,0.0
2022-05-27 00:00:00+05:30,2910.1425040806,2933.1323360554616,2888.6733595010373,2917.388427734375,3103153,0.0,0.0
2022-05-30 00:00:00+05:30,2949.3236663458956,3029.475224891386,2939.7968210238773,3019.322021484375,2094624,0.0,0.0
2022-05-31 00:00:00+05:30,3000.44672887576,3026.612246033562,2974.3707538356352,3009.5712890625,4840965,0.0,0.0
2022-06-01 00:00:00+05:30,3030.7269440021355,3030.7269440021355,2987.833434858042,3001.3857421875,1493835,0.0,0.0
2022-06-02 00:00:00+05:30,3001.2069020116674,3070.0870604184925,2993.424382338286,3062.0361328125,2657939,0.0,0.0
2022-06-03 00:00:00+05:30,3094.5979714961795,3110.6105050464353,3069.37177211008,3077.3779296875,1913622,0.0,0.0
2022-06-06 00:00:00+05:30,3057.563601837621,3088.872766865215,3021.021246154396,3069.14794921875,1084210,0.0,0.0
2022-06-07 00:00:00+05:30,3042.400956238807,3058.3239461384833,3002.101545860968,3008.094970703125,2308256,0.0,0.0
2022-06-08 00:00:00+05:30,3023.704930238696,3053.940682272369,2993.6034913799344,3045.174072265625,2185707,0.0,0.0
2022-06-09 00:00:00+05:30,3028.043319910622,3074.5597904085103,2999.5073417133417,3065.703857421875,1279197,0.0,0.0
2022-06-10 00:00:00+05:30,3025.3596751960995,3035.1996977943127,2998.523249928245,3005.590087890625,1527582,0.0,0.0
2022-06-13 00:00:00+05:30,2943.0615109086025,2945.7451536237168,2855.7983516097243,2880.08544921875,3030921,0.0,0.0
2022-06-14 00:00:00+05:30,2853.606749841241,2897.3500386797054,2839.920128333768,2871.98974609375,2611493,0.0,0.0
2022-06-15 00:00:00+05:30,2879.100935086829,2892.966420404165,2863.4463548898366,2868.1875,1404536,0.0,0.0
2022-06-16 00:00:00+05:30,2898.333615133673,2902.6722574403984,2802.6618130909724,2810.66796875,2032028,0.0,0.0
2022-06-17 00:00:00+05:30,2765.9411536425396,2789.870301721433,2704.9778226240087,2763.16796875,5240434,0.0,0.0
2022-06-20 00:00:00+05:30,2767.729867065567,2807.760866274094,2745.366180356892,2784.189453125,1502769,0.0,0.0
2022-06-21 00:00:00+05:30,2799.9338157288753,2896.321313698456,2795.8188096638946,2873.241943359375,2964461,0.0,0.0
2022-06-22 00:00:00+05:30,2862.462666195436,2907.7716314048353,2847.344899703459,2883.08203125,3336315,0.0,0.0
2022-06-23 00:00:00+05:30,2883.0816757569546,2968.108455014427,2883.0816757569546,2959.878662109375,3692578,0.0,0.0
2022-06-24 00:00:00+05:30,2986.8943632734695,2992.261648742065,2931.8796872203643,2945.834716796875,2132118,0.0,0.0
2022-06-27 00:00:00+05:30,2996.734063926147,3008.2736390828145,2957.821248469196,2965.156494140625,2037686,0.0,0.0
2022-06-28 00:00:00+05:30,2958.2688019152474,2978.843395941268,2927.496452991012,2968.242919921875,1400046,0.0,0.0
2022-06-29 00:00:00+05:30,2926.0653540821827,2981.527308210307,2926.0653540821827,2943.509033203125,2133994,0.0,0.0
2022-06-30 00:00:00+05:30,2926.959856201318,2961.7576717790407,2911.752546434991,2922.57666015625,2719603,0.0,0.0
2022-07-01 00:00:00+05:30,2916.2245112732116,2981.5264711882255,2909.11290315332,2965.51416015625,1502879,0.0,0.0
2022-07-04 00:00:00+05:30,2962.7411440773417,2968.063657707223,2884.960287249917,2893.90576171875,2622535,0.0,0.0
2022-07-05 00:00:00+05:30,2911.7524940289427,2926.959803521567,2868.769437342766,2877.133544921875,2170627,0.0,0.0
2022-07-06 00:00:00+05:30,2879.101120190488,2923.8284950575144,2864.564723358704,2916.895751953125,2182144,0.0,0.0
2022-07-07 00:00:00+05:30,2926.0652132459163,2969.361229929666,2920.742698680176,2941.138427734375,1989921,0.0,0.0
2022-07-08 00:00:00+05:30,2952.007497710516,2956.4802363434105,2907.2801113815685,2921.100830078125,2136916,0.0,0.0
2022-07-11 00:00:00+05:30,2868.0537232952515,2884.9160330481313,2778.4648677976734,2785.4423828125,6974600,0.0,0.0
2022-07-12 00:00:00+05:30,2786.4259354986384,2805.4798410310173,2755.429951813746,2759.41064453125,3734815,0.0,0.0
2022-07-13 00:00:00+05:30,2776.675624742904,2782.04291010001,2714.9518431361835,2718.306396484375,3863530,0.0,0.0
2022-07-14 00:00:00+05:30,2740.9532526573576,2741.8501614442216,2661.128370626433,2689.605224609375,4764908,8.0,0.0
2022-07-15 00:00:00+05:30,2707.3637315259157,2716.64660495241,2648.5713239374063,2685.8828125,4574806,0.0,0.0
2022-07-18 00:00:00+05:30,2711.3556094087903,2759.7438008534455,2703.5525457596186,2747.680419921875,3202795,0.0,0.0
2022-07-19 00:00:00+05:30,2717.678694261558,2761.5374492687492,2717.678694261558,2757.322021484375,1865074,0.0,0.0
2022-07-20 00:00:00+05:30,2787.413066314355,2844.9496752294567,2778.6682059727723,2838.536865234375,3402251,0.0,0.0
2022-07-21 00:00:00+05:30,2840.5103301995564,2855.757780661632,2819.9263158701324,2849.74853515625,2420640,0.0,0.0
2022-07-22 00:00:00+05:30,2856.6551144496757,2867.4180222592195,2819.433391608338,2844.098388671875,2075886,0.0,0.0
2022-07-25 00:00:00+05:30,2838.716298301566,2857.954947903264,2824.4555362400793,2840.285888671875,1797504,0.0,0.0
2022-07-26 00:00:00+05:30,2838.447170750544,2842.214143830151,2777.2780357816973,2794.677978515625,2639367,0.0,0.0
2022-07-27 00:00:00+05:30,2793.871103155603,2864.8166816784224,2789.386558848772,2860.10791015625,1389808,0.0,0.0
2022-07-28 00:00:00+05:30,2884.4586528139857,2927.5102744977767,2871.587924159354,2924.37109375,2106333,0.0,0.0
2022-07-29 00:00:00+05:30,2950.8300463555915,2975.3157011729186,2937.376413925399,2961.503173828125,2430257,0.0,0.0
2022-08-01 00:00:00+05:30,2984.0156856722806,2984.0156856722806,2933.78879105321,2958.722900390625,1306913,0.0,0.0
2022-08-02 00:00:00+05:30,2950.830344369699,2971.369471032021,2934.3719781124923,2952.44482421875,1269114,0.0,0.0
2022-08-03 00:00:00+05:30,2941.8612149554574,3003.747929538362,2939.2153774741914,2995.227294921875,2895824,0.0,0.0
2022-08-04 00:00:00+05:30,3004.64457361168,3038.6373306019964,2966.39149968863,3009.084228515625,2150567,0.0,0.0
2022-08-05 00:00:00+05:30,3014.6901237242273,3028.861328010929,3009.129332388708,3018.143310546875,1106933,0.0,0.0
2022-08-08 00:00:00+05:30,3018.097986455692,3030.5649306683526,2992.0876323376488,3026.57373046875,1068836,0.0,0.0
2022-08-10 00:00:00+05:30,3036.0364904074586,3036.0364904074586,2991.1910474176884,3008.45654296875,1878359,0.0,0.0
2022-08-11 00:00:00+05:30,3049.490204414719,3075.2314455811347,3027.1123715619956,3069.670654296875,1449248,0.0,0.0
2022-08-12 00:00:00+05:30,3066.531632271564,3066.531632271564,3032.673320157422,3050.880615234375,1472354,0.0,0.0
2022-08-16 00:00:00+05:30,3059.355611870299,3062.8087979948655,3038.2782571711045,3042.942138671875,839942,0.0,0.0
2022-08-17 00:00:00+05:30,3036.126264902708,3065.589589525235,3023.56954088203,3050.476806640625,1622326,0.0,0.0
2022-08-18 00:00:00+05:30,3040.521293033734,3042.3151109057303,3015.407842825786,3032.67333984375,1430659,0.0,0.0
2022-08-19 00:00:00+05:30,3037.829631918934,3068.772980694016,3023.703320521614,3036.70849609375,1398410,0.0,0.0
2022-08-22 00:00:00+05:30,3018.098484400233,3035.229532182766,3002.3127999837025,3008.725830078125,1536532,0.0,0.0
2022-08-23 00:00:00+05:30,2977.6924120107906,2997.3795169400164,2932.8918599626186,2945.98681640625,1849256,0.0,0.0
2022-08-24 00:00:00+05:30,2952.624064621986,2966.9746068558716,2915.13322924158,2919.75244140625,1691923,0.0,0.0
2022-08-25 00:00:00+05:30,2938.2737547610345,2940.2020214374506,2883.3380809273613,2886.432373046875,1946930,0.0,0.0
2022-08-26 00:00:00+05:30,2900.8724605252028,2921.2322484903357,2885.1765549837287,2890.019775390625,1457962,0.0,0.0
2022-08-29 00:00:00+05:30,2802.8403544561284,2818.7155984293877,2763.3763622653864,2809.612060546875,2539173,0.0,0.0
2022-08-30 00:00:00+05:30,2829.7473003990763,2893.876280423968,2818.1772643190006,2880.108642578125,3431525,0.0,0.0
2022-09-01 00:00:00+05:30,2861.139194303962,2861.139194303962,2799.252484458516,2808.849365234375,3546935,0.0,0.0
2022-09-02 00:00:00+05:30,2836.923158794826,2836.923158794826,2798.6251883999794,2807.683837890625,2052900,0.0,0.0
2022-09-05 00:00:00+05:30,2801.6291623975735,2823.4240906299206,2791.4044893857963,2810.3740234375,2147912,0.0,0.0
2022-09-06 00:00:00+05:30,2812.2575465142127,2817.056096189983,2786.112742544714,2804.6787109375,1936453,0.0,0.0
2022-09-07 00:00:00+05:30,2782.211106134661,2835.935855830716,2782.211106134661,2824.904052734375,1291534,0.0,0.0
2022-09-08 00:00:00+05:30,2843.2009685673893,2855.3092376764303,2834.3216588095115,2842.886962890625,1346113,0.0,0.0
2022-09-09 00:00:00+05:30,2865.624064929959,2900.1550591396,2841.8559780064397,2885.93896484375,1561185,0.0,0.0
2022-09-12 00:00:00+05:30,2905.8949993497577,2932.712706306049,2892.531144596041,2908.630615234375,1785928,0.0,0.0
2022-09-13 00:00:00+05:30,2927.017323620031,2927.017323620031,2892.5312200007593,2896.432861328125,1972678,0.0,0.0
2022-09-14 00:00:00+05:30,2811.809312583414,2817.5494417731366,2792.794888299078,2798.71435546875,5090269,0.0,0.0
2022-09-15 00:00:00+05:30,2807.324470182577,2814.275513199802,2780.417206890092,2784.31884765625,2138023,0.0,0.0
2022-09-16 00:00:00+05:30,2758.8915488003336,2775.349913346331,2690.7264780237324,2698.529541015625,5322221,0.0,0.0
2022-09-19 00:00:00+05:30,2723.015072507459,2728.3965252199246,2679.7841128450286,2716.557373046875,2072220,0.0,0.0
2022-09-20 00:00:00+05:30,2735.571797602663,2762.434171951961,2717.6336218806787,2726.871826171875,1544295,0.0,0.0
2022-09-21 00:00:00+05:30,2715.839934791707,2727.85842551412,2689.0671186515897,2691.802734375,2253818,0.0,0.0
2022-09-22 00:00:00+05:30,2681.7573993510473,2717.588863283786,2672.1605186728298,2697.363525390625,2017983,0.0,0.0
2022-09-23 00:00:00+05:30,2694.3140576546994,2710.9068705929853,2671.891337467826,2674.626953125,2652374,0.0,0.0
2022-09-26 00:00:00+05:30,2654.714865561312,2713.91083000079,2624.4442019274875,2685.702880859375,2925489,0.0,0.0
2022-09-27 00:00:00+05:30,2699.1572817008023,2713.1491467072833,2669.2006150746693,2706.37744140625,2227447,0.0,0.0
2022-09-28 00:00:00+05:30,2672.7882836301883,2735.527011795521,2672.7882836301883,2722.701171875,2739767,0.0,0.0
2022-09-29 00:00:00+05:30,2739.1596194850167,2740.818988441174,2681.757453261362,2688.304931640625,2493902,0.0,0.0
2022-09-30 00:00:00+05:30,2682.5195232802307,2708.3952083772824,2645.9704930699468,2694.80712890625,2817353,0.0,0.0
2022-10-03 00:00:00+05:30,2686.2420050783735,2709.292518723233,2667.406919233083,2677.22802734375,1763331,0.0,0.0
2022-10-04 00:00:00+05:30,2717.5894364782553,2778.624138974122,2711.355962594826,2772.480224609375,2145875,0.0,0.0
2022-10-06 00:00:00+05:30,2790.2835732028752,2801.94338884146,2773.6458694011303,2782.16650390625,1790816,0.0,0.0
2022-10-07 00:00:00+05:30,2778.085328049343,2784.901922759827,2742.8369861368456,2748.935791015625,1939879,0.0,0.0
2022-10-10 00:00:00+05:30,2699.6954393603482,2804.633767069704,2695.210895441145,2797.054931640625,3064063,0.0,0.0
2022-10-11 00:00:00+05:30,2780.417274423348,2820.7781703423966,2738.5765665760173,2753.1064453125,4730645,0.0,0.0
2022-10-12 00:00:00+05:30,2766.8739951763155,2789.296716194542,2746.3797595487877,2781.090087890625,1665247,0.0,0.0
2022-10-13 00:00:00+05:30,2781.0902799100977,2789.386687259664,2737.679976610315,2783.37744140625,2054781,0.0,0.0
2022-10-14 00:00:00+05:30,2820.7781407105244,2825.2626846544204,2754.4068903408647,2779.65478515625,2245977,0.0,0.0
2022-10-17 00:00:00+05:30,2763.0189742303005,2813.15104677649,2761.9399421370213,2798.178955078125,1517005,8.0,0.0
2022-10-18 00:00:00+05:30,2832.574556753205,2837.385525165027,2813.2861167744586,2827.80859375,1793722,0.0,0.0
2022-10-19 00:00:00+05:30,2840.6672897165568,2840.6672897165568,2798.403483886649,2807.260986328125,1194289,0.0,0.0
2022-10-20 00:00:00+05:30,2792.1093833185605,2841.5670374514175,2792.1093833185605,2839.13916015625,1587601,0.0,0.0
2022-10-21 00:00:00+05:30,2839.5888102481545,2841.926676749231,2811.8924796841284,2821.244384765625,1021913,0.0,0.0
2022-10-24 00:00:00+05:30,2850.6493675283837,2857.753197352684,2837.0709054901563,2843.095703125,260949,0.0,0.0
2022-10-25 00:00:00+05:30,2860.001066749578,2863.373179310594,2833.608577956596,2843.455322265625,2069643,0.0,0.0
2022-10-27 00:00:00+05:30,2842.1965071167756,2854.1563112448976,2818.501925922069,2839.22900390625,2438421,0.0,0.0
2022-10-28 00:00:00+05:30,2832.575189832698,2858.2032510740414,2828.0790387377256,2844.489990234375,1355739,0.0,0.0
2022-10-31 00:00:00+05:30,2876.63655949297,2876.63655949297,2857.5729287957265,2871.3759765625,1919414,0.0,0.0
2022-11-01 00:00:00+05:30,2890.5755411039963,2933.828602485197,2880.6390032690038,2931.220703125,2991060,0.0,0.0
2022-11-02 00:00:00+05:30,2940.4821892267983,2940.4821892267983,2897.364153326128,2915.033935546875,1405955,0.0,0.0
2022-11-03 00:00:00+05:30,2902.7596009654008,2902.7596009654008,2873.040003965025,2883.60595703125,1422652,0.0,0.0
2022-11-04 00:00:00+05:30,2892.8227688798474,2895.565464153766,2847.096837795059,2893.182373046875,1464013,0.0,0.0
2022-11-07 00:00:00+05:30,2903.6137506809055,2916.023168933433,2873.1299406493004,2907.840087890625,1474498,0.0,0.0
2022-11-09 00:00:00+05:30,2922.318009880542,2922.318009880542,2879.0199490351015,2891.968994140625,1162267,0.0,0.0
2022-11-10 00:00:00+05:30,2850.5592360046676,2900.01688836437,2850.5592360046676,2882.61669921875,1573092,0.0,0.0
2022-11-11 00:00:00+05:30,2940.1225778724047,3004.8671396793848,2927.038737099528,2981.8017578125,3265394,0.0,0.0
2022-11-14 00:00:00+05:30,2989.0411769459224,3011.5219318868517,2975.552723981365,2999.38232421875,1342074,0.0,0.0
2022-11-15 00:00:00+05:30,2986.3435000472514,3003.3838684628918,2960.2658241961917,2996.774658203125,1400708,0.0,0.0
2022-11-16 00:00:00+05:30,3002.439665125464,3028.5173412569106,2986.74814184375,3017.232177734375,1748235,0.0,0.0
2022-11-17 00:00:00+05:30,3003.4284137988952,3021.4130150791284,2983.420544874636,3011.521484375,1417986,0.0,0.0
2022-11-18 00:00:00+05:30,3012.420273402162,3023.8854550397373,2986.342605363755,3006.5302734375,1164540,0.0,0.0
2022-11-21 00:00:00+05:30,2987.691797611102,2997.763130116702,2943.179910784391,2952.621826171875,1304194,0.0,0.0
2022-11-22 00:00:00+05:30,2949.474783354145,2984.4997524987552,2927.2188379614577,2980.90283203125,1149739,0.0,0.0
2022-11-23 00:00:00+05:30,2994.435608473804,2994.435608473804,2959.365641888075,2974.92236328125,1150011,0.0,0.0
2022-11-24 00:00:00+05:30,2982.0717563383823,3051.0426596485013,2974.9229211016186,3039.532470703125,1296591,0.0,0.0
2022-11-25 00:00:00+05:30,3042.0951593509826,3060.3945780835866,3010.622108633488,3048.074951171875,1588981,0.0,0.0
2022-11-28 00:00:00+05:30,3026.8086028102216,3072.6693392164375,3026.4039931614175,3053.111083984375,2195437,0.0,0.0
2022-11-29 00:00:00+05:30,3042.094985565065,3083.459564145022,3042.094985565065,3054.9990234375,1576028,0.0,0.0
2022-11-30 00:00:00+05:30,3042.095336523885,3070.7806880330454,3034.9014959409137,3049.109375,3410702,0.0,0.0
2022-12-01 00:00:00+05:30,3079.8630198713677,3129.320674205069,3075.366869477395,3125.408935546875,2180856,0.0,0.0
2022-12-02 00:00:00+05:30,3109.627744491306,3119.3392540899144,3069.072378541606,3092.587158203125,2411749,0.0,0.0
2022-12-05 00:00:00+05:30,3087.0572295600364,3092.5874073903196,3063.677244716296,3080.672607421875,1475065,0.0,0.0
2022-12-06 00:00:00+05:30,3057.427378941616,3064.53120899408,3028.6070100128413,3044.208740234375,1166999,0.0,0.0
2022-12-07 00:00:00+05:30,3028.8766821146633,3051.717038027653,3016.017648233855,3039.937255859375,1167505,0.0,0.0
2022-12-08 00:00:00+05:30,3021.4127184253575,3039.9369437406544,3002.93349851656,3012.9150390625,1285619,0.0,0.0
2022-12-09 00:00:00+05:30,3034.091898244114,3034.091898244114,2946.1921695847964,2960.939453125,1797896,0.0,0.0
2022-12-12 00:00:00+05:30,2927.443289239768,2963.8621045413224,2909.99831491075,2955.2744140625,1527610,0.0,0.0
2022-12-13 00:00:00+05:30,2946.9568427685667,3000.2362262470147,2938.5041676355268,2996.32470703125,1378016,0.0,0.0
2022-12-14 00:00:00+05:30,3011.3418189511494,3036.7000639995404,3004.237769399859,3026.22412109375,1213311,0.0,0.0
2022-12-15 00:00:00+05:30,3020.3340212997255,3025.6843963408824,2966.5150134691307,2972.04541015625,1415694,0.0,0.0
2022-12-16 00:00:00+05:30,2944.9784694377604,2960.2653805768264,2900.1967681932483,2913.730224609375,2703680,0.0,0.0
2022-12-19 00:00:00+05:30,2901.815138571275,2918.450893161783,2872.5901642906533,2879.37939453125,2120965,0.0,0.0
2022-12-20 00:00:00+05:30,2876.5472548000416,2921.5987733776346,2844.84939183865,2917.0576171875,1529971,0.0,0.0
2022-12-21 00:00:00+05:30,2921.5987178350492,2952.217547936148,2913.505646594509,2939.1787109375,1432566,0.0,0.0
2022-12-22 00:00:00+05:30,2962.0643435671373,2962.0643435671373,2918.0920736411094,2931.220703125,1384101,0.0,0.0
2022-12-23 00:00:00+05:30,2892.822948424004,2937.6496523348455,2892.822948424004,2903.029296875,1360281,0.0,0.0
2022-12-26 00:00:00+05:30,2903.0295456954937,2942.2808512656748,2900.0620424940166,2925.10546875,870157,0.0,0.0
2022-12-27 00:00:00+05:30,2939.762770587653,2943.8993165416755,2905.861842359533,2931.040283203125,835883,0.0,0.0
2022-12-28 00:00:00+05:30,2922.318144448592,2936.9756395960258,2900.916423270616,2928.882568359375,910795,0.0,0.0
2022-12-29 00:00:00+05:30,2905.502231554976,2941.8310368741036,2902.714530652486,2939.358154296875,1037927,0.0,0.0
2022-12-30 00:00:00+05:30,2954.9147043886646,2966.559688661663,2919.0803020557573,2928.522216796875,1163131,0.0,0.0
2023-01-02 00:00:00+05:30,2932.3893356780377,2937.649919541841,2909.1891553518903,2932.7939453125,709547,0.0,0.0
2023-01-03 00:00:00+05:30,2924.2963755843903,2985.4440242743467,2918.271577635895,2977.665771484375,1245178,0.0,0.0
2023-01-04 00:00:00+05:30,2973.484221029113,2992.053454899718,2955.050003400902,2980.633056640625,1231668,0.0,0.0
2023-01-05 00:00:00+05:30,2994.615835872255,3001.000456972908,2951.227986433968,2977.440673828125,1826057,0.0,0.0
2023-01-06 00:00:00+05:30,2967.4592187363287,2968.8530692467866,2877.5362121079547,2887.92236328125,2488376,0.0,0.0
2023-01-09 00:00:00+05:30,2903.613754663653,2991.7382972331907,2896.5547111423953,2985.398681640625,2885060,0.0,0.0
2023-01-10 00:00:00+05:30,2953.9711460301814,2965.661138388901,2904.6034968845765,2955.22998046875,3864655,0.0,0.0
2023-01-11 00:00:00+05:30,2958.5571821774433,3011.971364872046,2941.5165953316505,2993.267333984375,2720512,0.0,0.0
2023-01-12 00:00:00+05:30,2993.537175403577,3012.421008591764,2981.442573769341,2998.34814453125,2250391,0.0,0.0
2023-01-13 00:00:00+05:30,3006.0365469080602,3038.49884493426,2971.9558101532198,3034.497314453125,1742837,0.0,0.0
2023-01-16 00:00:00+05:30,3050.544925777311,3083.6530407390187,3033.1172268351675,3066.225341796875,1843607,75.0,0.0
2023-01-17 00:00:00+05:30,3062.5007620361607,3110.139707684702,3054.2237329495765,3107.0126953125,1688475,0.0,0.0
2023-01-18 00:00:00+05:30,3108.4844527793143,3135.1088531125965,3101.3570106168763,3117.68115234375,2421189,0.0,0.0
2023-01-19 00:00:00+05:30,3108.4843044601644,3114.9219938480996,3091.0105761214827,3102.138671875,1585044,0.0,0.0
2023-01-20 00:00:00+05:30,3094.689177509416,3121.9572999157795,3086.0443703614665,3092.94189453125,1529349,0.0,0.0
2023-01-23 00:00:00+05:30,3115.8417787971057,3144.35154713911,3086.044562341497,3140.580810546875,1067916,0.0,0.0
2023-01-24 00:00:00+05:30,3149.869647323622,3174.6547081099407,3142.7882334602164,3160.261962890625,1387863,0.0,0.0
2023-01-25 00:00:00+05:30,3150.145550703775,3159.066304386822,3131.4762056585528,3154.238037109375,874110,0.0,0.0
2023-01-27 00:00:00+05:30,3150.789059081809,3169.1824569748724,3110.599529591221,3137.0400390625,1785879,0.0,0.0
2023-01-30 00:00:00+05:30,3145.2715449050534,3180.632813128412,3113.5889568511743,3157.824951171875,1953798,0.0,0.0
2023-01-31 00:00:00+05:30,3171.941500962948,3171.941500962948,3081.8138503122173,3088.895263671875,2820375,0.0,0.0
2023-02-01 00:00:00+05:30,3092.8500073277646,3144.351523952907,3085.492647809887,3134.55712890625,2205161,0.0,0.0
2023-02-02 00:00:00+05:30,3151.708894962381,3190.3350325720744,3145.363262166592,3182.42578125,1813847,0.0,0.0
2023-02-03 00:00:00+05:30,3222.523688679238,3222.523688679238,3175.528461741142,3202.56689453125,1804469,0.0,0.0
2023-02-06 00:00:00+05:30,3194.151806260683,3194.151806260683,3160.767964511945,3182.01220703125,1138714,0.0,0.0
2023-02-07 00:00:00+05:30,3190.242679677012,3212.4068130598766,3183.3451557440176,3193.599609375,1455647,0.0,0.0
2023-02-08 00:00:00+05:30,3198.658155467108,3255.5396078857866,3198.658155467108,3237.330322265625,1986946,0.0,0.0
2023-02-09 00:00:00+05:30,3232.6400151634225,3262.621346651852,3223.719261165319,3256.41357421875,1655427,0.0,0.0
2023-02-10 00:00:00+05:30,3237.238408660434,3257.7931230269464,3226.340229319755,3253.378662109375,1187821,0.0,0.0
2023-02-13 00:00:00+05:30,3263.908553895811,3263.908553895811,3194.3814179658048,3202.658447265625,1087939,0.0,0.0
2023-02-14 00:00:00+05:30,3223.442571396884,3241.698106298893,3214.2458736182907,3218.936279296875,1579818,0.0,0.0
2023-02-15 00:00:00+05:30,3206.888891516306,3242.7560170595057,3182.1956652731296,3237.835693359375,1429449,0.0,0.0
2023-02-16 00:00:00+05:30,3243.8595398428197,3287.8198047959163,3243.6756507734817,3272.2314453125,1618931,0.0,0.0
2023-02-17 00:00:00+05:30,3242.894092415164,3254.6198842343974,3209.648113656855,3219.90234375,1061369,0.0,0.0
2023-02-20 00:00:00+05:30,3220.6836519874955,3239.077048058241,3195.8985956879183,3207.16455078125,1296082,0.0,0.0
2023-02-21 00:00:00+05:30,3213.3270609968126,3227.030054530694,3168.0333123551145,3173.78125,1139541,0.0,0.0
2023-02-22 00:00:00+05:30,3140.626954722956,3170.102422501116,3122.279583519376,3128.303466796875,1218430,0.0,0.0
2023-02-23 00:00:00+05:30,3146.190914704899,3175.068461467988,3134.2352052950296,3139.5693359375,1441570,0.0,0.0
2023-02-24 00:00:00+05:30,3147.5702703492466,3158.1004459242777,3110.5995848333705,3127.29150390625,977592,0.0,0.0
2023-02-27 00:00:00+05:30,3117.681110007593,3117.681110007593,3049.6255341549195,3064.202392578125,1128022,0.0,0.0
2023-02-28 00:00:00+05:30,3061.1212597371414,3119.52029834111,3034.8186108063605,3046.728515625,4116217,0.0,0.0
2023-03-01 00:00:00+05:30,3056.063060853009,3116.761273918401,3048.7057016935673,3113.726318359375,1669307,0.0,0.0
2023-03-02 00:00:00+05:30,3091.010192464214,3099.195163858581,3051.464391132479,3054.63720703125,1556538,0.0,0.0
2023-03-03 00:00:00+05:30,3084.573228310335,3088.25190836795,3063.5128747920126,3073.675048828125,1043190,0.0,0.0
2023-03-06 00:00:00+05:30,3091.838118627816,3131.429952365279,3089.1711657538017,3100.989013671875,1334132,0.0,0.0
2023-03-08 00:00:00+05:30,3093.769389644099,3123.1988249795963,3063.2824237877426,3118.048583984375,1844590,0.0,0.0
2023-03-09 00:00:00+05:30,3113.0827998019863,3113.0827998019863,3063.28276151623,3068.80078125,1648500,0.0,0.0
2023-03-10 00:00:00+05:30,3046.7742953000575,3069.1683469810705,3025.7139445854286,3063.42041015625,1024404,0.0,0.0
2023-03-13 00:00:00+05:30,3065.25973960763,3099.1036364238453,3009.159876386488,3018.310546875,1901233,0.0,0.0
2023-03-14 00:00:00+05:30,3016.5174464543434,3038.9573035005947,2951.588657947801,2956.69287109375,2670334,0.0,0.0
2023-03-15 00:00:00+05:30,2988.9268573317822,2998.4455295966354,2935.586008800938,2941.931640625,1780522,0.0,0.0
2023-03-16 00:00:00+05:30,2950.301335606358,2961.1534864223922,2917.1932158801023,2929.14892578125,1901060,0.0,0.0
2023-03-17 00:00:00+05:30,2897.420440551225,2962.6249561150617,2891.4425853334556,2923.906982421875,6739966,0.0,0.0
2023-03-20 00:00:00+05:30,2915.0317523258964,2915.0317523258964,2846.424509123387,2890.798583984375,2289468,0.0,0.0
2023-03-21 00:00:00+05:30,2890.798097078478,2903.167610853642,2848.6311473770124,2856.58642578125,1815297,0.0,0.0
2023-03-22 00:00:00+05:30,2878.612981910102,2890.9824978748425,2856.586931436793,2879.302734375,1123939,0.0,0.0
2023-03-23 00:00:00+05:30,2864.679702784,2893.603500974921,2851.896380891422,2873.646484375,1372218,0.0,0.0
2023-03-24 00:00:00+05:30,2895.9481221606115,2915.353244609738,2856.494377841592,2869.82958984375,1329577,0.0,0.0
2023-03-27 00:00:00+05:30,2883.1651142967976,2899.4892548960856,2856.494687402186,2871.4853515625,1524217,0.0,0.0
2023-03-28 00:00:00+05:30,2875.807790984465,2896.5463922339063,2860.3112632842117,2865.599365234375,1303530,0.0,0.0
2023-03-29 00:00:00+05:30,2877.6470669445766,2896.9601345079627,2854.7473766452163,2886.751708984375,1740616,0.0,0.0
2023-03-31 00:00:00+05:30,2933.7009389751283,2954.8993749774395,2898.7995113379675,2948.36962890625,2382581,0.0,0.0
2023-04-03 00:00:00+05:30,2965.8898141068407,2965.8898141068407,2918.8027535438537,2942.944091796875,1521830,0.0,0.0
2023-04-05 00:00:00+05:30,2929.608509647277,3002.124572143045,2929.608509647277,2979.546630859375,2655065,0.0,0.0
2023-04-06 00:00:00+05:30,2965.9358271805454,2995.68724226627,2956.739126941226,2961.981201171875,1703464,0.0,0.0
2023-04-10 00:00:00+05:30,2961.3371476348343,3009.159983559372,2956.738798026706,3001.250732421875,2203187,0.0,0.0
2023-04-11 00:00:00+05:30,3001.8026392985266,3010.033640232757,2935.7242652855402,2955.63525390625,2348779,0.0,0.0
2023-04-12 00:00:00+05:30,2968.6488563917255,2998.997967667556,2942.024453678238,2981.248291015625,2417727,0.0,0.0
2023-04-13 00:00:00+05:30,2952.140381716384,2970.5337797333086,2924.550284690997,2932.689453125,4174070,0.0,0.0
2023-04-17 00:00:00+05:30,2882.337826906714,2909.2839781910698,2823.6168077969783,2887.303955078125,5505048,0.0,0.0
2023-04-18 00:00:00+05:30,2901.5123128481664,2903.2598202590466,2860.7250902170117,2879.25634765625,2617302,0.0,0.0
2023-04-19 00:00:00+05:30,2879.256681962595,2887.7636289587313,2824.7662376900453,2841.412353515625,3298034,0.0,0.0
2023-04-20 00:00:00+05:30,2841.7801970094033,2862.9326062428067,2830.744157409367,2855.391357421875,2419999,0.0,0.0
2023-04-21 00:00:00+05:30,2860.173416034582,2910.2493976571473,2851.7124977803655,2906.938720703125,1929184,0.0,0.0
2023-04-24 00:00:00+05:30,2897.9719345104572,2925.4239465242517,2875.02599070183,2919.76806640625,1640676,0.0,0.0
2023-04-25 00:00:00+05:30,2927.3092712863568,2934.8505195080106,2894.66099006403,2920.87158203125,2024090,0.0,0.0
2023-04-26 00:00:00+05:30,2925.4701814296627,2950.6690488552285,2925.4701814296627,2941.242431640625,2000029,0.0,0.0
2023-04-27 00:00:00+05:30,2929.1483470891785,2942.207613495409,2915.950995494085,2931.861328125,2434446,0.0,0.0
2023-04-28 00:00:00+05:30,2943.311350007304,2968.0045757265557,2939.4948098740424,2960.647216796875,2931312,0.0,0.0
2023-05-02 00:00:00+05:30,2975.1320963561516,2975.1320963561516,2952.1403490891025,2960.78515625,2321159,0.0,0.0
2023-05-03 00:00:00+05:30,2957.6586723706264,2957.6586723706264,2918.2507236937186,2924.45849609375,2468285,0.0,0.0
2023-05-04 00:00:00+05:30,2924.6885367956716,2965.42996376162,2922.7113360557437,2961.981201171875,1953253,0.0,0.0
2023-05-05 00:00:00+05:30,2961.3373105779083,2983.409389911408,2952.186639259988,2971.177734375,1710027,0.0,0.0
2023-05-08 00:00:00+05:30,2984.3290064830276,2993.38784535891,2971.7295729946986,2989.479248046875,928235,0.0,0.0
2023-05-09 00:00:00+05:30,2991.318069923626,3033.0709888734486,2985.2481594551896,3019.505859375,1107375,0.0,0.0
2023-05-10 00:00:00+05:30,3025.714139172187,3040.888693365604,3003.6880887487146,3022.771240234375,1559987,0.0,0.0
2023-05-11 00:00:00+05:30,3043.1876106746317,3043.8313346801706,3009.1598253633715,3018.494384765625,1719623,0.0,0.0
2023-05-12 00:00:00+05:30,3015.7351662028527,3025.713673448069,2998.1235791613085,3011.27490234375,1027479,0.0,0.0
2023-05-15 00:00:00+05:30,3020.1959317271803,3027.553290878769,2987.409789819426,2993.571533203125,1150390,0.0,0.0
2023-05-16 00:00:00+05:30,2994.6290519009144,3021.115589647415,2989.3409500316684,2996.42236328125,986306,0.0,0.0
2023-05-17 00:00:00+05:30,2994.3994756276697,3016.517583915495,2941.334561816381,2950.945068359375,1588815,0.0,0.0
2023-05-18 00:00:00+05:30,2966.8089124688054,2969.567922023238,2938.345175471324,2942.8056640625,1369364,0.0,0.0
2023-05-19 00:00:00+05:30,2952.1404038272244,2974.6723165667154,2945.748742874228,2963.958251953125,1152449,0.0,0.0
2023-05-22 00:00:00+05:30,2970.533570909172,3042.6816246528992,2958.623891436203,3033.71484375,1333243,0.0,0.0
2023-05-23 00:00:00+05:30,3040.4285099791427,3060.615218187134,3025.805849243565,3032.197509765625,1687418,0.0,0.0
2023-05-24 00:00:00+05:30,3012.838637267653,3050.7289928061655,3012.838637267653,3037.99169921875,1016555,0.0,0.0
2023-05-25 00:00:00+05:30,3029.3926962850596,3040.42873525149,3004.653665413494,3028.932861328125,1374917,0.0,0.0
2023-05-26 00:00:00+05:30,3028.9330308509448,3070.4560399745756,3026.6338559375918,3061.4892578125,1791115,0.0,0.0
2023-05-29 00:00:00+05:30,3090.8265783111865,3101.126836063768,3045.946643251246,3053.6259765625,1210372,0.0,0.0
2023-05-30 00:00:00+05:30,3048.705523127727,3059.69553282269,3036.152119608709,3049.80908203125,1344224,0.0,0.0
2023-05-31 00:00:00+05:30,3043.1877135256354,3060.3854958314014,3002.8600984079567,3025.254150390625,5815424,0.0,0.0
2023-06-01 00:00:00+05:30,3047.7859672610653,3071.6973840229207,3032.611414316042,3056.982666015625,1177314,0.0,0.0
2023-06-02 00:00:00+05:30,3059.0526208852784,3067.9273473958942,3032.56607752585,3040.0615234375,2030661,0.0,0.0
2023-06-05 00:00:00+05:30,3048.7056218782786,3059.741660328517,3021.1615541519814,3024.7021484375,1861468,0.0,0.0
2023-06-06 00:00:00+05:30,3016.5168853418268,3024.656052725059,2961.8885900956143,2972.648681640625,2022849,0.0,0.0
2023-06-07 00:00:00+05:30,2991.68670805629,3015.460268941676,2980.65066732568,3011.827392578125,1567196,0.0,0.0
2023-06-08 00:00:00+05:30,2999.0435169195125,3007.320545945049,2973.2927599511754,2976.465576171875,1759366,0.0,0.0
2023-06-09 00:00:00+05:30,2984.3287517440654,2988.92710113042,2947.8639309217856,2951.49658203125,1775689,0.0,0.0
2023-06-12 00:00:00+05:30,2956.7383077698364,2992.9732068622643,2953.059628693295,2986.07568359375,2324605,0.0,0.0
2023-06-13 00:00:00+05:30,2998.124210882047,3002.7225608987374,2978.811140811948,2983.133544921875,1371928,0.0,0.0
2023-06-14 00:00:00+05:30,2983.1334023931563,2994.3075271171197,2966.7174283351833,2989.89306640625,1658544,0.0,0.0
2023-06-15 00:00:00+05:30,3006.8016396344283,3008.793544788029,2974.0958056287536,2979.932861328125,2273810,24.0,0.0
2023-06-16 00:00:00+05:30,2962.0506559707915,2964.274188129556,2924.0637692348505,2941.57470703125,4156189,0.0,0.0
2023-06-19 00:00:00+05:30,2955.5658459544397,2978.635846247477,2941.6682009107667,2974.466552734375,1468186,0.0,0.0
2023-06-20 00:00:00+05:30,2977.8019803702673,2994.942408695361,2965.803725782431,2990.4951171875,1528452,0.0,0.0
2023-06-21 00:00:00+05:30,3011.1558412529926,3021.717958955176,2987.020223808767,3018.753173828125,1645987,0.0,0.0
2023-06-22 00:00:00+05:30,3020.420930552339,3027.508637655328,2992.7183873435865,3000.5009765625,1529603,0.0,0.0
2023-06-23 00:00:00+05:30,2999.389578963673,3010.600209425588,2973.308197955416,2979.979248046875,1119505,0.0,0.0
2023-06-26 00:00:00+05:30,2969.4629782485863,2977.7088224045283,2939.81467394158,2955.240966796875,1978803,0.0,0.0
2023-06-27 00:00:00+05:30,2966.6834228417606,2973.7711300464957,2948.4312309078464,2962.375244140625,863542,0.0,0.0
2023-06-28 00:00:00+05:30,2972.242568780507,2993.5059172295346,2958.7154391788054,2979.14501953125,1575872,0.0,0.0
2023-06-30 00:00:00+05:30,2983.3607516063857,3066.7466111233343,2977.894435739723,3059.566162109375,2672406,0.0,0.0
2023-07-03 00:00:00+05:30,3070.7305383981075,3074.899831225918,3028.527984645769,3031.817138671875,1687264,0.0,0.0
2023-07-04 00:00:00+05:30,3048.2165999535164,3071.3793400747436,3036.4499732116597,3065.681396484375,1656681,0.0,0.0
2023-07-05 00:00:00+05:30,3076.0119468927305,3084.350533495753,3062.1143025543597,3075.965576171875,1453008,0.0,0.0
2023-07-06 00:00:00+05:30,3063.550433878052,3083.8409041072446,3059.334769860957,3078.69873046875,1848238,0.0,0.0
2023-07-07 00:00:00+05:30,3059.3348872388206,3110.2001769257495,3059.3348872388206,3084.582275390625,1789326,0.0,0.0
2023-07-10 00:00:00+05:30,3080.412918176495,3080.412918176495,3025.239224007551,3031.4931640625,1407431,0.0,0.0
2023-07-11 00:00:00+05:30,3052.849119462837,3052.849119462837,3021.162536512691,3031.909912109375,1110172,0.0,0.0
2023-07-12 00:00:00+05:30,3039.831194545939,3047.428526945696,3011.2485131702374,3020.328125,1515240,0.0,0.0
2023-07-13 00:00:00+05:30,3042.6580735521356,3119.97526833613,3032.234838677756,3095.05224609375,4585146,0.0,0.0
2023-07-14 00:00:00+05:30,3117.704859945182,3265.8075126422405,3105.660234929049,3256.35693359375,6306101,0.0,0.0
2023-07-17 00:00:00+05:30,3252.0489220985337,3289.0165672292546,3221.520473895772,3235.09375,2743228,0.0,0.0
2023-07-18 00:00:00+05:30,3220.5474184425743,3265.0198799170403,3210.3558126880093,3239.865234375,2600090,0.0,0.0
2023-07-19 00:00:00+05:30,3242.7838313695074,3258.3956097228456,3192.42794053721,3215.034912109375,2405370,0.0,0.0
2023-07-20 00:00:00+05:30,3207.649828777992,3231.6157541053626,3191.8117167460496,3217.124755859375,1715404,9.0,0.0
2023-07-21 00:00:00+05:30,3162.0865373821553,3190.743550376295,3120.2851854216624,3128.877685546875,3770223,0.0,0.0
2023-07-24 00:00:00+05:30,3140.6748745909354,3170.8182482458337,3132.4075869016933,3153.447509765625,1680132,0.0,0.0
2023-07-25 00:00:00+05:30,3156.0022864819,3164.6412784954264,3139.9319425060908,3157.534912109375,1272980,0.0,0.0
2023-07-26 00:00:00+05:30,3158.6495731471414,3177.6924112049487,3144.390576862288,3147.4560546875,1066803,0.0,0.0
2023-07-27 00:00:00+05:30,3153.632989545926,3169.1458889102455,3144.4367836891192,3155.4443359375,1701769,0.0,0.0
2023-07-28 00:00:00+05:30,3144.3903763886888,3152.47192520402,3094.228757385738,3116.894287109375,2599831,0.0,0.0
2023-07-31 00:00:00+05:30,3125.2546433386306,3183.0798446211247,3122.003427202266,3178.24951171875,2743678,0.0,0.0
2023-08-01 00:00:00+05:30,3172.2578281403635,3214.0591758025353,3172.2578281403635,3206.67431640625,1956167,0.0,0.0
2023-08-02 00:00:00+05:30,3190.7901681699773,3201.4262450108586,3170.95788424797,3196.0849609375,1914899,0.0,0.0
2023-08-03 00:00:00+05:30,3176.9024561267456,3189.21063084712,3128.59867609207,3158.277587890625,2026351,0.0,0.0
2023-08-04 00:00:00+05:30,3159.485492720518,3224.277587720079,3159.485492720518,3198.77880859375,2248493,0.0,0.0
2023-08-07 00:00:00+05:30,3208.439595086255,3240.069331017348,3196.642369656952,3236.400146484375,1853889,0.0,0.0
2023-08-08 00:00:00+05:30,3236.399919632617,3241.8804503952497,3210.901141336807,3223.906005859375,1634225,0.0,0.0
2023-08-09 00:00:00+05:30,3218.6113949928904,3220.562215633461,3181.5941084249785,3216.382080078125,1794589,0.0,0.0
2023-08-10 00:00:00+05:30,3204.7704981728284,3218.6113003342507,3186.238609779897,3197.43212890625,1096701,0.0,0.0
2023-08-11 00:00:00+05:30,3193.7161307988767,3220.236583715237,3171.329094804473,3203.655517578125,1679974,0.0,0.0
2023-08-14 00:00:00+05:30,3196.1313591222456,3209.4149453532923,3168.5425118958265,3204.631103515625,1190425,0.0,0.0
2023-08-16 00:00:00+05:30,3204.770170086617,3219.6328723246997,3191.0221251590224,3212.572998046875,1328445,0.0,0.0
2023-08-17 00:00:00+05:30,3209.4151379764926,3214.802913522075,3170.586278504093,3191.533447265625,1843241,0.0,0.0
2023-08-18 00:00:00+05:30,3167.6129753077985,3167.6129753077985,3117.9158215896264,3127.762451171875,2526749,0.0,0.0
2023-08-21 00:00:00+05:30,3135.1013352464674,3167.3812675130794,3132.314578504026,3159.85693359375,1375579,0.0,0.0
2023-08-22 00:00:00+05:30,3158.3242127535664,3168.54232050071,3125.858543041599,3141.742919921875,1222012,0.0,0.0
2023-08-23 00:00:00+05:30,3147.1775549110757,3160.18242084046,3136.030526971603,3156.698974609375,1330046,0.0,0.0
2023-08-24 00:00:00+05:30,3165.75543087226,3170.446516407415,3137.9808480590923,3146.94482421875,1152881,0.0,0.0
2023-08-25 00:00:00+05:30,3135.101378683671,3145.133748452828,3112.1106352399906,3140.95361328125,1158046,0.0,0.0
2023-08-28 00:00:00+05:30,3152.750567923211,3152.750567923211,3121.2603097126043,3135.612060546875,1037485,0.0,0.0
2023-08-29 00:00:00+05:30,3140.721027751962,3148.616837737131,3125.8118353049563,3136.169189453125,944517,0.0,0.0
2023-08-30 00:00:00+05:30,3156.4661593852143,3165.8483302087693,3142.578868343871,3149.917236328125,1188200,0.0,0.0
2023-08-31 00:00:00+05:30,3159.2534865205184,3174.4876672491537,3105.9798917034645,3118.1953125,3417652,0.0,0.0
2023-09-01 00:00:00+05:30,3126.740758299694,3148.105891229252,3118.194750485235,3139.00244140625,1277950,0.0,0.0
2023-09-04 00:00:00+05:30,3137.8883029323442,3188.839599513233,3130.5034424257988,3175.509521484375,1828332,0.0,0.0
2023-09-05 00:00:00+05:30,3176.902408821825,3201.9832173125233,3163.1078734372104,3185.587890625,1501842,0.0,0.0
2023-09-06 00:00:00+05:30,3189.9077796292513,3199.1039868231646,3156.559678937854,3186.09912109375,1314818,0.0,0.0
2023-09-07 00:00:00+05:30,3186.9349513089087,3214.059337353484,3179.039140798069,3209.64697265625,1885092,0.0,0.0
2023-09-08 00:00:00+05:30,3209.6472526429598,3218.704212548399,3190.88313491419,3197.24609375,1518917,0.0,0.0
2023-09-11 00:00:00+05:30,3215.917208433736,3237.9325408464088,3200.1255872484753,3233.241455078125,1783604,0.0,0.0
2023-09-12 00:00:00+05:30,3243.7846648081127,3334.725730646849,3235.424395053453,3326.272705078125,4476016,0.0,0.0
2023-09-13 00:00:00+05:30,3317.2626390094715,3333.750950799181,3293.0177630715493,3314.24365234375,1754929,0.0,0.0
2023-09-14 00:00:00+05:30,3316.2872366378338,3341.9717556173255,3293.575213025077,3306.998046875,2604721,0.0,0.0
2023-09-15 00:00:00+05:30,3314.2435164908143,3350.9358144624653,3309.227218164352,3342.529052734375,2952897,0.0,0.0
2023-09-18 00:00:00+05:30,3325.5761535614656,3362.036220389306,3321.11729748375,3349.82080078125,1395753,0.0,0.0
2023-09-20 00:00:00+05:30,3325.529887143737,3367.331240473756,3325.529887143737,3349.728271484375,1649396,0.0,0.0
2023-09-21 00:00:00+05:30,3333.4718671967476,3348.7525373008507,3277.225784076949,3330.452880859375,2004073,0.0,0.0
2023-09-22 00:00:00+05:30,3329.2453693121192,3375.45908502732,3311.6424013468136,3347.49853515625,1989083,0.0,0.0
2023-09-25 00:00:00+05:30,3346.430756136737,3362.686838921579,3305.6975665582568,3322.882568359375,1238778,0.0,0.0
2023-09-26 00:00:00+05:30,3314.0111668297322,3339.4169627375986,3284.6572387999286,3330.824462890625,1726062,0.0,0.0
2023-09-27 00:00:00+05:30,3334.818899053876,3357.112952975128,3302.956934967385,3334.168701171875,1541134,0.0,0.0
2023-09-28 00:00:00+05:30,3344.1083743461513,3346.7093928835707,3276.6225002286055,3285.354248046875,1755753,0.0,0.0
2023-09-29 00:00:00+05:30,3285.7715245693503,3314.8002369860105,3256.3713353484836,3277.782958984375,2243791,0.0,0.0
2023-10-03 00:00:00+05:30,3282.9851507659523,3282.9851507659523,3232.7307740458355,3264.081787109375,1948148,0.0,0.0
2023-10-04 00:00:00+05:30,3238.4903657742166,3295.804622906508,3230.1300947465506,3286.283203125,1788138,0.0,0.0
2023-10-05 00:00:00+05:30,3301.3779563539,3366.4022830125305,3298.776937930184,3334.21533203125,2990768,0.0,0.0
2023-10-06 00:00:00+05:30,3335.747772538649,3376.573712868575,3320.931561429297,3363.98681640625,2075691,0.0,0.0
2023-10-09 00:00:00+05:30,3385.955644430069,3417.492393516818,3372.9042894426652,3379.73193359375,4233074,0.0,0.0
2023-10-10 00:00:00+05:30,3381.3114396957885,3388.696299926251,3345.3623220029544,3370.953857421875,1848148,0.0,0.0
2023-10-11 00:00:00+05:30,3390.553690446803,3390.553690446803,3348.752343578281,3353.303955078125,2426417,0.0,0.0
2023-10-12 00:00:00+05:30,3320.885072209126,3333.56472449737,3286.6080554652567,3290.74169921875,4241281,0.0,0.0
2023-10-13 00:00:00+05:30,3279.0838441859346,3322.7430341793447,3274.4392495057846,3317.0302734375,2890357,0.0,0.0
2023-10-16 00:00:00+05:30,3312.5247424765194,3320.5598001135572,3268.958537503607,3273.556640625,1671104,0.0,0.0
2023-10-17 00:00:00+05:30,3279.083780529412,3282.9387033243615,3254.32818207953,3257.76513671875,1672065,0.0,0.0
2023-10-18 00:00:00+05:30,3261.4343833171283,3272.3026895076964,3236.353572052656,3239.37255859375,1408245,0.0,0.0
2023-10-19 00:00:00+05:30,3231.223370291604,3238.0686815240006,3214.832003562597,3218.324462890625,1514545,9.0,0.0
2023-10-20 00:00:00+05:30,3213.4347140416057,3259.16273477458,3207.5209532330896,3254.552734375,1481211,0.0,0.0
2023-10-23 00:00:00+05:30,3234.4826780891776,3240.0240008651367,3167.7069078371565,3175.948974609375,1106272,0.0,0.0
2023-10-25 00:00:00+05:30,3157.6488052225827,3189.779430139314,3145.2621710118374,3157.2763671875,1518537,0.0,0.0
2023-10-26 00:00:00+05:30,3136.740771569839,3142.002652711776,3101.3039051963924,3107.59033203125,1984471,0.0,0.0
2023-10-27 00:00:00+05:30,3119.930474618358,3131.1063449752,3107.8232817317794,3120.815185546875,1108851,0.0,0.0
2023-10-30 00:00:00+05:30,3119.9304717166356,3150.5245077395016,3104.7964806224877,3146.519775390625,910972,0.0,0.0
2023-10-31 00:00:00+05:30,3165.5648365752554,3165.5648365752554,3119.9766505847397,3137.392333984375,999811,0.0,0.0
2023-11-01 00:00:00+05:30,3124.586727484181,3140.04677064712,3083.6085408942245,3101.908935546875,1563475,0.0,0.0
2023-11-02 00:00:00+05:30,3113.597426931296,3144.098239691914,3113.597426931296,3129.3369140625,1245384,0.0,0.0
2023-11-03 00:00:00+05:30,3149.732529726521,3155.2272412387383,3114.621718793595,3120.768310546875,1402598,0.0,0.0
2023-11-06 00:00:00+05:30,3143.213583990875,3159.32550946651,3128.3124232964,3148.10302734375,1099852,0.0,0.0
2023-11-07 00:00:00+05:30,3146.0071156404942,3170.361105826031,3134.8312466684147,3138.9755859375,1191144,0.0,0.0
2023-11-08 00:00:00+05:30,3139.907272278595,3168.312609208247,3138.137850435721,3149.313720703125,992899,0.0,0.0
2023-11-09 00:00:00+05:30,3157.2759659942562,3158.579726325025,3112.525881937808,3117.554931640625,2112352,0.0,0.0
2023-11-10 00:00:00+05:30,3108.754652895078,3117.5556054640406,3094.1795460261487,3104.51708984375,1338557,0.0,0.0
2023-11-13 00:00:00+05:30,3125.5181025923366,3125.5181025923366,3098.509751884596,3102.747314453125,1030990,0.0,0.0
2023-11-15 00:00:00+05:30,3150.757229249606,3178.603680948949,3125.5649102414236,3170.501220703125,2059802,0.0,0.0
2023-11-16 00:00:00+05:30,3194.4825150950874,3286.962876959751,3179.7209637752344,3257.626220703125,3951984,0.0,0.0
2023-11-17 00:00:00+05:30,3257.626697192936,3282.4463523893537,3252.6906421657363,3261.91064453125,2021292,0.0,0.0
2023-11-20 00:00:00+05:30,3251.4792439201733,3291.2000522913654,3251.4792439201733,3277.88232421875,1475621,0.0,0.0
2023-11-21 00:00:00+05:30,3277.8824969038105,3295.9966725893887,3260.5598088550396,3269.1279296875,1807236,0.0,0.0
2023-11-22 00:00:00+05:30,3259.6287255971747,3290.036314045069,3242.0268214284124,3287.7080078125,1798051,0.0,0.0
2023-11-23 00:00:00+05:30,3287.56827517058,3300.606789576356,3259.628601443918,3267.31201171875,2729804,0.0,0.0
2023-11-24 00:00:00+05:30,3254.273341378371,3263.8660077062705,3215.8562918450352,3219.6748046875,1989733,0.0,0.0
2023-11-28 00:00:00+05:30,3219.675036815199,3242.1663837595383,3197.2300740959413,3231.82861328125,1689195,0.0,0.0
2023-11-29 00:00:00+05:30,3241.9330315751736,3276.391957794157,3237.090200932634,3272.433837890625,1441634,0.0,0.0
2023-11-30 00:00:00+05:30,3259.116112089636,3275.134811820615,3241.9332593640556,3248.080078125,3266235,0.0,0.0
2023-12-01 00:00:00+05:30,3259.6286996171643,3275.4145702734368,3250.3620863601263,3270.478515625,1172141,0.0,0.0
2023-12-04 00:00:00+05:30,3301.212171500063,3304.1459737662194,3257.766068313779,3271.2236328125,1625213,0.0,0.0
2023-12-05 00:00:00+05:30,3295.019211314365,3295.019211314365,3262.236702736452,3289.058837890625,1377656,0.0,0.0
2023-12-06 00:00:00+05:30,3289.989550978767,3364.728172438132,3283.051017305754,3356.5791015625,1896572,0.0,0.0
2023-12-07 00:00:00+05:30,3357.4174498180882,3381.2127840148296,3345.030815693545,3366.637451171875,1967653,0.0,0.0
2023-12-08 00:00:00+05:30,3383.4940852427567,3394.6699534021054,3354.669704089828,3377.626708984375,1641155,0.0,0.0
2023-12-11 00:00:00+05:30,3374.0881498547355,3402.12104768493,3366.7307931511145,3392.714599609375,1102503,0.0,0.0
2023-12-12 00:00:00+05:30,3389.0359467038065,3444.4030235404603,3381.6319783454765,3419.909423828125,2236866,0.0,0.0
2023-12-13 00:00:00+05:30,3393.3200297320063,3399.327014186455,3318.301959327764,3346.75390625,3850968,0.0,0.0
2023-12-14 00:00:00+05:30,3380.7005719171807,3425.404050554102,3378.465488934795,3415.392333984375,3290396,0.0,0.0
2023-12-15 00:00:00+05:30,3414.879942101353,3628.3856112730377,3414.879942101353,3595.8359375,8531230,0.0,0.0
2023-12-18 00:00:00+05:30,3593.135349665333,3659.1660225226565,3567.1047044603515,3594.15966796875,2521612,0.0,0.0
2023-12-19 00:00:00+05:30,3580.934925794031,3590.341373765734,3529.7121895342984,3554.11279296875,2004435,0.0,0.0
2023-12-20 00:00:00+05:30,3564.403931855312,3631.040100218342,3507.872703265474,3520.445556640625,2586083,0.0,0.0
2023-12-21 00:00:00+05:30,3498.280446672597,3545.265625433371,3486.266476321016,3527.38427734375,1517562,0.0,0.0
2023-12-22 00:00:00+05:30,3539.025700142194,3581.8199259626003,3503.635443140772,3561.37744140625,2413058,0.0,0.0
2023-12-26 00:00:00+05:30,3557.5120396728166,3570.6901609763127,3529.8515818790197,3534.880859375,1285231,0.0,0.0
2023-12-27 00:00:00+05:30,3538.094209699452,3555.9755563874555,3509.2232119367036,3549.456298828125,1293976,0.0,0.0
2023-12-28 00:00:00+05:30,3561.377091167723,3574.4156056228353,3531.6679956087487,3538.93212890625,1682889,0.0,0.0
2023-12-29 00:00:00+05:30,3531.5749015656434,3560.0734608663474,3506.8016322454937,3532.878662109375,1574996,0.0,0.0
2024-01-01 00:00:00+05:30,3529.71204270318,3568.8275851289145,3513.8795612451445,3549.363037109375,825907,0.0,0.0
2024-01-02 00:00:00+05:30,3549.363183929598,3549.363183929598,3508.5246023534996,3523.379150390625,1344068,0.0,0.0
2024-01-03 00:00:00+05:30,3508.29173242333,3512.8087373367534,3433.83254667766,3438.209716796875,1803075,0.0,0.0
2024-01-04 00:00:00+05:30,3447.5228181063812,3463.58813008378,3400.258204607658,3414.97314453125,3598144,0.0,0.0
2024-01-05 00:00:00+05:30,3422.6100928660567,3490.3638028676905,3422.4704854443794,3481.190185546875,1963127,0.0,0.0
2024-01-08 00:00:00+05:30,3481.1902782695042,3482.9133158422196,3420.1886545813795,3425.68359375,1067805,0.0,0.0
2024-01-09 00:00:00+05:30,3455.159632618118,3494.647840404757,3429.827707784857,3436.486572265625,1370944,0.0,0.0
2024-01-10 00:00:00+05:30,3436.579847012092,3473.1342532438607,3434.7172021085626,3458.046875,1292227,0.0,0.0
2024-01-11 00:00:00+05:30,3468.244888948058,3513.879690118427,3452.412406909358,3479.001708984375,1777909,0.0,0.0
2024-01-12 00:00:00+05:30,3583.7290906805597,3637.0473054522495,3559.1422668706787,3616.13916015625,6813450,0.0,0.0
2024-01-15 00:00:00+05:30,3688.0370557408974,3692.6936681850148,3618.1878690791377,3635.69677734375,2801505,0.0,0.0
2024-01-16 00:00:00+05:30,3631.2260434367095,3631.2260434367095,3590.7601305663925,3596.115234375,1432672,0.0,0.0
2024-01-17 00:00:00+05:30,3556.7208235117105,3641.424564080022,3550.7138385303956,3617.815673828125,3458696,0.0,0.0
2024-01-18 00:00:00+05:30,3630.2949273227173,3640.3532553051646,3596.7673189636566,3634.5791015625,2239110,0.0,0.0
2024-01-19 00:00:00+05:30,3699.6634019644803,3717.059837136614,3671.5760158450357,3697.834716796875,2941975,27.0,0.0
2024-01-23 00:00:00+05:30,3657.4617018928593,3689.253392795468,3603.772039730458,3618.30810546875,2618854,0.0,0.0
2024-01-24 00:00:00+05:30,3638.7056721419845,3642.1285897607904,3568.9326446510017,3602.88134765625,2657709,0.0,0.0
2024-01-25 00:00:00+05:30,3601.0989006696973,3620.8867962936347,3543.7049366365304,3573.33984375,2205154,0.0,0.0
2024-01-29 00:00:00+05:30,3564.431380113515,3582.437301912737,3545.7221002052784,3564.618896484375,1646747,0.0,0.0
2024-01-30 00:00:00+05:30,3570.6670909234226,3608.5078419941947,3551.488909043992,3564.1962890625,1411621,0.0,0.0
2024-01-31 00:00:00+05:30,3574.1845587520775,3595.5666912836496,3560.3518491285945,3578.63916015625,2459358,0.0,0.0
2024-02-01 00:00:00+05:30,3582.4367479301113,3662.0567819751186,3568.4165242500367,3614.462890625,2363107,0.0,0.0
2024-02-02 00:00:00+05:30,3634.063444426215,3736.612908383376,3631.2030759637855,3719.638671875,2826510,0.0,0.0
2024-02-05 00:00:00+05:30,3735.300332044272,3771.8749524182936,3715.700178349996,3726.20361328125,1691523,0.0,0.0
2024-02-06 00:00:00+05:30,3748.4297014896824,3891.8208786976347,3741.8650260054624,3878.785400390625,4474396,0.0,0.0
2024-02-07 00:00:00+05:30,3894.7280181656797,3896.603639652877,3820.594033092657,3829.456298828125,2124267,0.0,0.0
2024-02-08 00:00:00+05:30,3835.6456317898123,3899.4167572083225,3831.9413254430674,3877.003173828125,2345173,0.0,0.0
2024-02-09 00:00:00+05:30,3879.300567921934,3924.503225662895,3845.0237708866407,3876.628173828125,2100596,0.0,0.0
2024-02-12 00:00:00+05:30,3873.1579793046585,3900.9172660904946,3850.228325776773,3864.4365234375,1013716,0.0,0.0
2024-02-13 00:00:00+05:30,3868.891392141469,3910.6706762721788,3827.67442810669,3891.445556640625,1257415,0.0,0.0
2024-02-14 00:00:00+05:30,3851.5884779156377,3858.997090733716,3797.6643636034514,3845.11767578125,1391283,0.0,0.0
2024-02-15 00:00:00+05:30,3871.282423660838,3888.444175657724,3829.0809437517446,3848.02490234375,1091582,0.0,0.0
2024-02-16 00:00:00+05:30,3857.4498528668705,3889.9920672478725,3845.1177337734257,3871.563720703125,1307556,0.0,0.0
2024-02-19 00:00:00+05:30,3866.640503768057,3871.56401029997,3802.822664172948,3848.587646484375,772291,0.0,0.0
2024-02-20 00:00:00+05:30,3828.2373627684356,3843.148462143892,3760.6211159582745,3779.98681640625,1193648,0.0,0.0
2024-02-21 00:00:00+05:30,3763.434414830734,3810.6532761089843,3733.04943912238,3743.271484375,1885939,0.0,0.0
2024-02-22 00:00:00+05:30,3724.0463538039667,3840.287946278356,3724.0463538039667,3832.92626953125,2982052,0.0,0.0
2024-02-23 00:00:00+05:30,3873.1583931027276,3873.1583931027276,3794.757322908657,3800.10302734375,2538072,0.0,0.0
2024-02-26 00:00:00+05:30,3785.0039771663946,3798.1333269385277,3735.065557497388,3752.2275390625,1379284,0.0,0.0
2024-02-27 00:00:00+05:30,3750.3047523909354,3867.5310824856756,3750.3047523909354,3849.14990234375,2960475,0.0,0.0
2024-02-28 00:00:00+05:30,3840.8976823678586,3896.509674983892,3834.7080400231876,3862.795654296875,1939225,0.0,0.0
2024-02-29 00:00:00+05:30,3844.0863254782985,3880.754817970432,3811.778790417747,3840.428955078125,3772719,0.0,0.0
2024-03-01 00:00:00+05:30,3851.7765458152944,3882.536555650418,3832.645068891089,3839.7255859375,2043265,0.0,0.0
2024-03-04 00:00:00+05:30,3849.712918034811,3861.8105844645606,3822.4225351204777,3826.924072265625,1749271,0.0,0.0
2024-03-05 00:00:00+05:30,3809.386993519725,3811.2626148853183,3732.4865175304053,3762.59033203125,2070859,0.0,0.0
2024-03-06 00:00:00+05:30,3745.662745858388,3818.765041667535,3712.2765944807757,3811.5439453125,1744204,0.0,0.0
2024-03-07 00:00:00+05:30,3812.200473461429,3867.5313044415575,3786.598195707899,3853.089111328125,2688905,0.0,0.0
2024-03-11 00:00:00+05:30,3834.707809455719,3894.7276920199565,3834.707809455719,3865.98388671875,2304068,0.0,0.0
2024-03-12 00:00:00+05:30,3865.983989585085,3966.8925114142617,3864.764560938834,3931.536865234375,4039801,0.0,0.0
2024-03-13 00:00:00+05:30,3943.493961270788,3977.255146194866,3874.9399080779876,3890.9765625,2837260,0.0,0.0
2024-03-14 00:00:00+05:30,3895.1500154804917,3962.2501875616867,3831.8945009176455,3945.932373046875,2919608,0.0,0.0
2024-03-15 00:00:00+05:30,3931.8653458631275,3975.3796720157243,3917.2354069378816,3956.85791015625,3373143,0.0,0.0
2024-03-18 00:00:00+05:30,3953.106408331295,3990.1499296240027,3861.76374108121,3894.2587890625,1526904,0.0,0.0
2024-03-19 00:00:00+05:30,3799.3053975100765,3805.6356194004047,3719.919817535177,3729.954345703125,8931209,0.0,0.0
2024-03-20 00:00:00+05:30,3738.11367070717,3768.1236148774233,3713.9181074283624,3723.95263671875,1817913,0.0,0.0
2024-03-21 00:00:00+05:30,3741.9114094702163,3759.1200974295043,3702.476426060684,3725.874755859375,3829582,0.0,0.0
2024-03-22 00:00:00+05:30,3654.6481172474314,3693.0983540468014,3615.2600697944185,3667.68359375,5852485,0.0,0.0
2024-03-26 00:00:00+05:30,3634.0165571732955,3701.257540323518,3630.6872833100233,3636.361083984375,3440925,0.0,0.0
2024-03-27 00:00:00+05:30,3646.6767441445086,3652.7725134223638,3591.2520426658625,3602.036865234375,1968575,0.0,0.0
2024-03-28 00:00:00+05:30,3610.6647591136507,3671.5285767596242,3601.6616855799075,3635.2353515625,4311783,0.0,0.0
2024-04-01 00:00:00+05:30,3655.3048258696854,3688.690979343402,3646.2550439346555,3673.170166015625,1569676,0.0,0.0
2024-04-02 00:00:00+05:30,3648.0836677291272,3666.6993019354495,3632.140885633653,3642.269287109375,2142666,0.0,0.0
2024-04-03 00:00:00+05:30,3611.509094088183,3733.424488071944,3611.509094088183,3701.8203125,3973090,0.0,0.0
2024-04-04 00:00:00+05:30,3728.6412532863997,3778.1107648289094,3690.519342135764,3754.33740234375,3394637,0.0,0.0
2024-04-05 00:00:00+05:30,3730.610695693873,3753.1181508715135,3714.1990096268437,3731.782958984375,1636819,0.0,0.0
2024-04-08 00:00:00+05:30,3735.3000761758317,3781.8622865716975,3713.7304297404708,3725.5,2302538,0.0,0.0
2024-04-09 00:00:00+05:30,3736.2379090370728,3766.1072720566044,3680.954012876369,3701.116943359375,1876992,0.0,0.0
2024-04-10 00:00:00+05:30,3710.3542591400274,3742.052307422326,3674.3424188992844,3736.847412109375,2101965,0.0,0.0
2024-04-12 00:00:00+05:30,3724.0465524943843,3763.762930025122,3700.1323779568356,3752.555908203125,4354821,0.0,0.0
2024-04-15 00:00:00+05:30,3752.5560174922475,3811.450581115032,3675.3274360228825,3696.099853515625,4200329,0.0,0.0
2024-04-16 00:00:00+05:30,3659.33739612377,3684.37689632826,3622.622198353119,3631.953369140625,3051420,0.0,0.0
2024-04-18 00:00:00+05:30,3635.7048405060677,3691.2231923226304,3610.571466067614,3621.8251953125,3476284,0.0,0.0
2024-04-19 00:00:00+05:30,3599.3174326502835,3612.9626239981167,3564.5245644253832,3588.251220703125,2957749,0.0,0.0
2024-04-22 00:00:00+05:30,3598.379760081903,3636.8299998951316,3574.934491903105,3624.263427734375,1728883,0.0,0.0
2024-04-23 00:00:00+05:30,3635.9392984592287,3652.7729560208513,3620.5123570552523,3633.7353515625,1807586,0.0,0.0
2024-04-24 00:00:00+05:30,3648.0839487378935,3655.5864350077914,3586.6104060723746,3592.800048828125,1317312,0.0,0.0
2024-04-25 00:00:00+05:30,3574.1837976912666,3632.7500252586483,3573.996281358353,3612.634033203125,2856271,0.0,0.0
2024-04-26 00:00:00+05:30,3615.4011908108196,3635.7049318750132,3566.072480422347,3583.703369140625,2039178,0.0,0.0
2024-04-29 00:00:00+05:30,3599.3174341023114,3636.6423454168485,3581.6865473099597,3629.514892578125,1110693,0.0,0.0
2024-04-30 00:00:00+05:30,3631.2030581143713,3640.3467125091584,3573.058794270598,3583.04638671875,2203078,0.0,0.0
2024-05-02 00:00:00+05:30,3543.095825813969,3630.3591588386275,3543.095825813969,3623.044189453125,2491044,0.0,0.0
2024-05-03 00:00:00+05:30,3648.2239953859785,3651.4596252829774,3561.4298032069573,3604.38134765625,2962234,0.0,0.0
2024-05-06 00:00:00+05:30,3613.3850535418273,3694.9276577387245,3613.3850535418273,3677.203125,2053831,0.0,0.0
2024-05-07 00:00:00+05:30,3686.3462169354693,3739.988941315255,3670.12204659911,3731.501708984375,2062112,0.0,0.0
2024-05-08 00:00:00+05:30,3714.6684289785862,3736.519465528825,3693.6615594889295,3729.62646484375,1247685,0.0,0.0
2024-05-09 00:00:00+05:30,3715.606318089679,3724.0466151272376,3666.887093758869,3713.918212890625,1726486,0.0,0.0
2024-05-10 00:00:00+05:30,3716.168496140127,3726.4844130760093,3643.4412359506214,3651.74072265625,1672489,0.0,0.0
2024-05-13 00:00:00+05:30,3642.925840662716,3709.0414982162547,3629.327584853832,3702.289306640625,931326,0.0,0.0
2024-05-14 00:00:00+05:30,3691.2232635754413,3700.4138550943817,3650.8035270075748,3658.58740234375,1058317,0.0,0.0
2024-05-15 00:00:00+05:30,3661.6816503123987,3682.7354534258484,3634.485141704623,3639.080322265625,1115021,0.0,0.0
2024-05-16 00:00:00+05:30,3675.637702384871,3693.0187445265583,3630.67337116967,3684.942138671875,2599399,28.0,0.0
2024-05-17 00:00:00+05:30,3701.992424133403,3702.93705093211,3617.9206390484646,3621.793701171875,2765804,0.0,0.0
2024-05-21 00:00:00+05:30,3618.4880769854944,3631.854456042576,3599.0759470919206,3608.663818359375,1908117,0.0,0.0
2024-05-22 00:00:00+05:30,3622.643694788031,3628.547612152418,3606.160003631016,3619.809814453125,1311168,0.0,0.0
2024-05-23 00:00:00+05:30,3628.264752304816,3688.7681531563644,3613.6703123942825,3677.857666015625,2095742,0.0,0.0
2024-05-24 00:00:00+05:30,3663.4990864307915,3668.7418115804035,3631.429050950218,3636.341064453125,1309452,0.0,0.0
2024-05-27 00:00:00+05:30,3641.5365929797185,3691.9325288692844,3628.64252842061,3634.02685546875,1841538,0.0,0.0
2024-05-28 00:00:00+05:30,3644.370544047232,3655.706066734782,3617.9209911096164,3627.272705078125,1801993,0.0,0.0
2024-05-29 00:00:00+05:30,3635.774149635783,3635.774149635783,3589.5819894414226,3593.02978515625,1568095,0.0,0.0
2024-05-30 00:00:00+05:30,3567.8558516313005,3584.2922676744465,3509.714018991741,3529.220703125,2919230,0.0,0.0
2024-05-31 00:00:00+05:30,3532.9042615855815,3542.161650427461,3451.4301994032935,3467.677734375,10956800,0.0,0.0
2024-06-03 00:00:00+05:30,3526.1032967744277,3543.815050940118,3491.3409811408733,3497.811767578125,2156773,0.0,0.0
2024-06-04 00:00:00+05:30,3495.1196584791387,3537.6278705417226,3392.627636061575,3509.2890625,3395997,0.0,0.0
2024-06-05 00:00:00+05:30,3510.233230038932,3574.27897395571,3495.1192010613695,3538.9970703125,2799670,0.0,0.0
2024-06-06 00:00:00+05:30,3571.634591956132,3627.2730285268212,3534.321826449053,3618.299072265625,4328036,0.0,0.0
2024-06-07 00:00:00+05:30,3624.8170534773285,3698.2145216133376,3624.8170534773285,3678.330078125,4552445,0.0,0.0
2024-06-10 00:00:00+05:30,3679.321494112552,3689.617834286387,3629.161717309955,3645.031494140625,1734661,0.0,0.0
2024-06-11 00:00:00+05:30,3632.0901763711736,3665.1048380918546,3628.311669035547,3638.797119140625,1419898,0.0,0.0
2024-06-12 00:00:00+05:30,3659.862538168497,3677.9050050406395,3615.512349289223,3619.479736328125,2177001,0.0,0.0
2024-06-13 00:00:00+05:30,3643.23713885556,3674.5987063691045,3638.7028835305373,3663.40478515625,1932323,0.0,0.0
2024-06-14 00:00:00+05:30,3673.654371216451,3673.654371216451,3616.0321247149845,3619.85791015625,1860730,0.0,0.0
2024-06-18 00:00:00+05:30,3614.1898098741085,3629.256562858962,3584.9063758687394,3603.84619140625,1774045,0.0,0.0
2024-06-19 00:00:00+05:30,3615.7007640544557,3621.5576348500226,3582.922259445668,3591.187744140625,1509050,0.0,0.0
2024-06-20 00:00:00+05:30,3585.8035709865335,3598.981069597492,3570.736818650082,3577.5380859375,2846526,0.0,0.0
2024-06-21 00:00:00+05:30,3615.08724810415,3663.0743420998706,3587.7403447033967,3599.737060546875,4642195,0.0,0.0
2024-06-24 00:00:00+05:30,3597.8476118252383,3643.4258585651314,3581.363918973201,3605.451904296875,1702154,0.0,0.0
2024-06-25 00:00:00+05:30,3605.6403897498144,3634.5931080711434,3582.8747922894295,3625.902587890625,1338808,0.0,0.0
2024-06-26 00:00:00+05:30,3631.618235835589,3652.8250643098772,3628.312041577448,3642.33984375,1639845,0.0,0.0
2024-06-27 00:00:00+05:30,3618.865303738709,3723.7188794930803,3606.6797101565076,3716.303466796875,4526556,0.0,0.0
2024-06-28 00:00:00+05:30,3700.8593836882187,3740.722593484322,3682.0141228075263,3687.965087890625,2731571,0.0,0.0
2024-07-01 00:00:00+05:30,3668.930984521538,3780.1135277066987,3668.930984521538,3757.914794921875,2658723,0.0,0.0
2024-07-02 00:00:00+05:30,3772.4619129298726,3800.61160880511,3762.0237400230303,3794.94384765625,2307449,0.0,0.0
2024-07-03 00:00:00+05:30,3797.4002085008037,3803.162524946505,3735.9994588608656,3745.681884765625,1821198,0.0,0.0
2024-07-04 00:00:00+05:30,3778.3658747158024,3823.2356509992096,3761.598747788845,3798.29736328125,2518001,0.0,0.0
2024-07-05 00:00:00+05:30,3787.953434244547,3803.7759330035487,3767.1716448297393,3789.65380859375,1668616,0.0,0.0
2024-07-08 00:00:00+05:30,3799.2895303521054,3808.0273294957547,3757.7732227074534,3772.084228515625,1758882,0.0,0.0
2024-07-09 00:00:00+05:30,3764.3382334203675,3785.0727479543702,3754.9865192673674,3764.810546875,1305801,0.0,0.0
2024-07-10 00:00:00+05:30,3763.1102154389605,3781.624995321451,3685.9342421919528,3692.688232421875,2669716,0.0,0.0
2024-07-11 00:00:00+05:30,3713.3281952652137,3759.6149115124776,3679.8884965924376,3706.432373046875,4872189,0.0,0.0
2024-07-12 00:00:00+05:30,3759.6153607360716,3967.3862483978237,3751.3971521774197,3952.272216796875,13509164,0.0,0.0
2024-07-15 00:00:00+05:30,4001.1560633368813,4005.217774223689,3926.860793883842,3938.33837890625,4848030,0.0,0.0
2024-07-16 00:00:00+05:30,3940.9841193643074,3962.2852752052,3915.3846336268907,3947.0771484375,2029521,0.0,0.0
2024-07-18 00:00:00+05:30,3929.6479414580676,4085.5113814437846,3929.6479414580676,4076.58447265625,5613364,0.0,0.0
2024-07-19 00:00:00+05:30,4087.8043639433604,4126.955499689888,4057.3641651955472,4073.60205078125,3903354,10.0,0.0
2024-07-22 00:00:00+05:30,4071.283309031316,4090.2197297994894,4038.1917288129493,4059.353271484375,1896386,0.0,0.0
2024-07-23 00:00:00+05:30,4055.2336119896318,4129.748596183281,4039.4215192139973,4073.5546875,2365208,0.0,0.0
2024-07-24 00:00:00+05:30,4059.494423388743,4108.350472060897,4041.1261912304362,4077.247314453125,1809793,0.0,0.0
2024-07-25 00:00:00+05:30,4066.5954836949645,4112.042883745572,4046.901795265646,4092.633056640625,2810342,0.0,0.0
2024-07-26 00:00:00+05:30,4118.670552129421,4187.2679052166895,4106.4090376287495,4154.5078125,3552210,0.0,0.0
2024-07-29 00:00:00+05:30,4180.214323934273,4195.363458517048,4138.5542038316435,4148.1171875,1746803,0.0,0.0
2024-07-30 00:00:00+05:30,4157.584736158652,4164.117706946695,4097.177294216961,4133.2041015625,1797906,0.0,0.0
2024-07-31 00:00:00+05:30,4118.670902108038,4179.267439518362,4113.936797622856,4152.14111328125,2330091,0.0,0.0
2024-08-01 00:00:00+05:30,4165.443127805721,4184.2847683252885,4132.919742480951,4163.265625,2202244,0.0,0.0
2024-08-02 00:00:00+05:30,4132.872664673588,4164.117750110982,4042.9246914447235,4055.280517578125,2811282,0.0,0.0
2024-08-05 00:00:00+05:30,4013.573937057952,4013.573937057952,3891.907447104674,3934.088134765625,2787771,0.0,0.0
2024-08-06 00:00:00+05:30,3949.1424451879575,4031.799717033467,3939.531844107783,3949.379150390625,2203067,0.0,0.0
2024-08-07 00:00:00+05:30,4003.158213602941,4019.207010572527,3957.994677970089,3977.073486328125,1237666,0.0,0.0
2024-08-08 00:00:00+05:30,3958.657803185393,4006.9456644536194,3938.7745661925937,3950.656982421875,2441283,0.0,0.0
2024-08-09 00:00:00+05:30,3992.74326394149,4027.44415336694,3981.901980990388,4003.868408203125,1302536,0.0,0.0
2024-08-12 00:00:00+05:30,4005.0521972685856,4013.573584922349,3963.723559610809,3972.52880859375,936912,0.0,0.0
2024-08-13 00:00:00+05:30,3988.956299705632,4008.839537848005,3960.5516737879557,3973.760009765625,1495593,0.0,0.0
2024-08-14 00:00:00+05:30,3985.1692159262047,4077.200393436632,3965.4279074613096,4066.83251953125,3226545,0.0,0.0
2024-08-16 00:00:00+05:30,4118.671156901704,4191.576370483643,4095.0954075700097,4181.20849609375,3457058,0.0,0.0
2024-08-19 00:00:00+05:30,4185.8954285347645,4255.250063264502,4156.875458820732,4251.22607421875,2055210,0.0,0.0
2024-08-20 00:00:00+05:30,4265.427758595415,4322.237007322546,4260.693654534821,4282.75439453125,2212298,0.0,0.0
2024-08-21 00:00:00+05:30,4277.736095114591,4317.502566118313,4253.6393224018875,4309.45458984375,1896990,0.0,0.0
2024-08-22 00:00:00+05:30,4317.503505386495,4318.403170209416,4258.04333501898,4262.587890625,1829872,0.0,0.0
2024-08-23 00:00:00+05:30,4260.6939984141445,4266.374923745363,4218.087058430003,4226.513671875,1809253,0.0,0.0
2024-08-26 00:00:00+05:30,4250.278746663329,4310.0703901887255,4246.491463306979,4263.013671875,1844164,0.0,0.0
2024-08-27 00:00:00+05:30,4265.427753015881,4270.161857070282,4248.195429331919,4257.9951171875,930697,0.0,0.0
2024-08-28 00:00:00+05:30,4259.510267771518,4319.8700965173775,4220.2643589002255,4266.421875,1848058,0.0,0.0
2024-08-29 00:00:00+05:30,4222.821557534789,4313.716371329259,4222.821557534789,4271.86669921875,2133641,0.0,0.0
2024-08-30 00:00:00+05:30,4260.693345971727,4348.037559564147,4249.141947974499,4311.5849609375,3637222,0.0,0.0
2024-09-02 00:00:00+05:30,4332.652505910395,4344.014356887433,4272.055967366194,4280.62451171875,1216500,0.0,0.0
2024-09-03 00:00:00+05:30,4280.62427113772,4313.6210706253505,4256.811818932973,4272.38720703125,1717263,0.0,0.0
2024-09-04 00:00:00+05:30,4238.869372185236,4248.384735865379,4200.759836723105,4241.046875,1265505,0.0,0.0
2024-09-05 00:00:00+05:30,4242.703622965008,4259.746395831193,4217.281394309991,4237.92236328125,1688793,0.0,0.0
2024-09-06 00:00:00+05:30,4236.029645395859,4278.6365868505345,4203.8848901946485,4219.744140625,1649179,0.0,0.0
2024-09-09 00:00:00+05:30,4218.0871166522065,4251.462553433798,4194.890004562873,4212.9267578125,1184938,0.0,0.0
2024-09-10 00:00:00+05:30,4206.204473662924,4298.5195066181295,4204.310831961278,4268.12646484375,1385591,0.0,0.0
2024-09-11 00:00:00+05:30,4281.004326048192,4307.420541525637,4233.473723250869,4241.14306640625,1325919,0.0,0.0
2024-09-12 00:00:00+05:30,4270.399124104948,4291.560664475195,4195.647426325353,4277.453125,2742216,0.0,0.0
2024-09-13 00:00:00+05:30,4289.097689177131,4305.193640770069,4265.427172128691,4282.09130859375,1458786,0.0,0.0
2024-09-16 00:00:00+05:30,4286.2585344411245,4304.295289007335,4255.43969677022,4273.23974609375,1155120,0.0,0.0
2024-09-17 00:00:00+05:30,4273.239388269134,4294.590014445038,4228.502101148829,4266.04345703125,1699364,0.0,0.0
2024-09-18 00:00:00+05:30,4257.9000607847665,4257.9000607847665,4091.2124529893836,4115.02490234375,2961779,0.0,0.0
2024-09-19 00:00:00+05:30,4156.590712046438,4187.031372404745,4054.097354431545,4067.684326171875,2927551,0.0,0.0
2024-09-20 00:00:00+05:30,4087.3304912148405,4100.39689523506,4002.6848068053296,4057.0322265625,5447908,0.0,0.0
2024-09-23 00:00:00+05:30,4071.329248327135,4080.2292709651647,4026.8286728221638,4041.50439453125,1702319,0.0,0.0
2024-09-24 00:00:00+05:30,4025.55058123155,4062.808072353835,4014.520211321431,4044.155517578125,3012026,0.0,0.0
2024-09-25 00:00:00+05:30,4026.21366904617,4061.4827451400292,4014.5203392742264,4047.42236328125,2713073,0.0,0.0
2024-09-26 00:00:00+05:30,4033.456837871287,4087.2360774502895,4033.456837871287,4064.228515625,3964251,0.0,0.0
2024-09-27 00:00:00+05:30,4104.468587471434,4145.181886032281,4071.37701220358,4079.5673828125,3012477,0.0,0.0
2024-09-30 00:00:00+05:30,4058.925803968104,4070.145722382854,4033.5035742219807,4041.50439453125,2503416,0.0,0.0
2024-10-01 00:00:00+05:30,4029.244026685226,4067.3064168036667,4017.3144516261195,4059.873779296875,1823365,0.0,0.0
2024-10-03 00:00:00+05:30,4035.918946931116,4051.446717559506,3986.116074065324,4007.65625,3350119,0.0,0.0
2024-10-04 00:00:00+05:30,4000.318271301223,4069.436196462167,3999.4186065272825,4026.119140625,2965463,0.0,0.0
2024-10-07 00:00:00+05:30,4046.6175121163583,4068.7258712834955,4004.483984564525,4045.62353515625,1472619,0.0,0.0
2024-10-08 00:00:00+05:30,4045.386749254377,4051.8249459382696,3980.3875920827627,4027.065673828125,1541867,0.0,0.0
2024-10-09 00:00:00+05:30,4033.456884593668,4066.595614866151,4020.8643520160745,4026.781982421875,1082504,0.0,0.0
2024-10-10 00:00:00+05:30,4027.0659888752402,4065.5070098395613,3975.322319205254,4002.590576171875,2378875,0.0,0.0
2024-10-11 00:00:00+05:30,3922.6783545680514,4016.366452403587,3893.753165674994,3928.548828125,5759183,0.0,0.0
2024-10-14 00:00:00+05:30,3919.8384463197513,3943.887604227915,3902.985219568291,3916.66650390625,2137590,0.0,0.0
2024-10-15 00:00:00+05:30,3911.364023062213,3948.1957233726384,3877.231316907688,3897.871826171875,2759474,0.0,0.0
2024-10-16 00:00:00+05:30,3867.7635041374742,3896.168132074836,3850.910045329815,3877.184326171875,2359151,0.0,0.0
2024-10-17 00:00:00+05:30,3894.0845506582914,3910.3228978529323,3875.2902957519555,3890.48681640625,2522659,0.0,0.0
2024-10-18 00:00:00+05:30,3881.944889664929,3935.2384902660306,3872.4535818662375,3913.3134765625,2361000,10.0,0.0
2024-10-21 00:00:00+05:30,3922.3779276034525,3929.35413147785,3862.9622484885167,3872.311279296875,1595450,0.0,0.0
2024-10-22 00:00:00+05:30,3859.1654759681237,3881.75483326371,3802.5499216715493,3811.234375,1928049,0.0,0.0
2024-10-23 00:00:00+05:30,3796.143121407225,3904.2962832162098,3791.919304547543,3859.402587890625,1966476,0.0,0.0
2024-10-24 00:00:00+05:30,3800.319338767848,3871.504141566946,3800.319338767848,3841.986083984375,2676744,0.0,0.0
2024-10-25 00:00:00+05:30,3850.670942439126,3883.8430156937015,3827.5595160672574,3851.1455078125,1759676,0.0,0.0
2024-10-28 00:00:00+05:30,3861.9653632236445,3923.7063623671393,3844.928513292037,3882.75146484375,1532534,0.0,0.0
2024-10-29 00:00:00+05:30,3887.497254393904,3894.7580119042254,3853.5658302619245,3867.945068359375,1445885,0.0,0.0
2024-10-30 00:00:00+05:30,3867.7074369038137,3898.0796180034267,3853.517979890609,3876.866455078125,1935002,0.0,0.0
2024-10-31 00:00:00+05:30,3862.962154926698,3870.839986500922,3758.557772361112,3766.577880859375,3740372,0.0,0.0
2024-11-01 00:00:00+05:30,3786.889583476844,3795.5265346519595,3773.7915322018357,3781.52685546875,154895,0.0,0.0
2024-11-04 00:00:00+05:30,3764.537596456188,3788.8352062781723,3714.1861603951875,3762.496826171875,2269192,0.0,0.0
2024-11-05 00:00:00+05:30,3740.619360687802,3783.235239462336,3740.619360687802,3769.33056640625,967590,0.0,0.0
2024-11-06 00:00:00+05:30,3799.9398000465167,3938.7024316660963,3773.031851752117,3929.06884765625,3792017,0.0,0.0
2024-11-07 00:00:00+05:30,3957.5907627391994,3991.8540128312807,3877.246703910295,3939.746826171875,3724349,0.0,0.0
2024-11-08 00:00:00+05:30,3943.6382119110012,3957.6378902806014,3908.1880861984155,3936.045166015625,1648039,0.0,0.0
2024-11-11 00:00:00+05:30,3918.2017604204366,4018.9041625726113,3908.188152909336,3985.115478515625,1406487,0.0,0.0
2024-11-12 00:00:00+05:30,4001.5352724290465,4003.4335339434815,3952.512761507312,3983.88134765625,1587640,0.0,0.0
2024-11-13 00:00:00+05:30,3965.563477283957,3983.2646739668166,3920.9065952008664,3939.22509765625,1098813,0.0,0.0
2024-11-14 00:00:00+05:30,3924.655057360299,3948.383322519672,3907.0488699891157,3935.00048828125,1825432,0.0,0.0
2024-11-18 00:00:00+05:30,3998.6875479838523,3998.6875479838523,3787.221186498161,3815.03076171875,3313944,0.0,0.0
2024-11-19 00:00:00+05:30,3815.4104775297365,3921.9504005395133,3809.9057047468586,3834.06103515625,1776233,0.0,0.0
2024-11-21 00:00:00+05:30,3839.138846704682,3884.2700598437223,3819.302106879864,3865.667236328125,2384347,0.0,0.0
2024-11-22 00:00:00+05:30,3863.9112312507355,4038.504015740722,3847.776008717878,4028.680419921875,3096553,0.0,0.0
2024-11-25 00:00:00+05:30,4062.2789294271743,4107.932203542215,4035.8932843747857,4095.593505859375,4052167,0.0,0.0
2024-11-26 00:00:00+05:30,4101.241378290607,4144.474563456407,4090.7536685314544,4131.28173828125,2060669,0.0,0.0
2024-11-27 00:00:00+05:30,4137.213672581404,4154.724856872267,4104.088638616241,4112.15625,1558993,0.0,0.0
2024-11-28 00:00:00+05:30,4099.2960186022865,4119.180494692463,4017.6707679424585,4028.96533203125,2558544,0.0,0.0
2024-11-29 00:00:00+05:30,4005.3318228209696,4080.028599301392,3982.2203960362835,4053.59521484375,2017425,0.0,0.0
2024-12-02 00:00:00+05:30,4052.7879830735096,4070.0623467391047,4014.87002722247,4059.099609375,1670944,0.0,0.0
2024-12-03 00:00:00+05:30,4094.882568586282,4104.990718939741,4048.4701650537613,4083.87255859375,2010905,0.0,0.0
2024-12-04 00:00:00+05:30,4094.1224503683907,4163.789012881952,4070.8687487593297,4132.89453125,3302642,0.0,0.0
2024-12-05 00:00:00+05:30,4176.9347603164215,4260.648284679668,4138.210407931244,4236.96728515625,3746747,0.0,0.0
2024-12-06 00:00:00+05:30,4226.4788315167725,4237.868399443609,4188.276322428843,4219.3603515625,1842087,0.0,0.0
2024-12-09 00:00:00+05:30,4205.07650413352,4242.0448686697655,4190.934085246633,4225.67236328125,2066639,0.0,0.0
2024-12-10 00:00:00+05:30,4200.994504227562,4265.203099559396,4187.659404066042,4207.06884765625,2087828,0.0,0.0
2024-12-11 00:00:00+05:30,4206.405086397892,4222.350297163338,4182.819095248504,4202.22900390625,1635256,0.0,0.0
2024-12-12 00:00:00+05:30,4204.696838041356,4256.851762402647,4200.853043566135,4228.33056640625,1914642,0.0,0.0
2024-12-13 00:00:00+05:30,4209.347553772588,4266.247663475759,4170.8600242636485,4246.31591796875,1967048,0.0,0.0
2024-12-16 00:00:00+05:30,4232.1737900519,4247.359881247422,4173.327686669254,4190.60205078125,1646224,0.0,0.0
2024-12-17 00:00:00+05:30,4185.666657040545,4207.449393387959,4098.346627007046,4108.3125,3225027,0.0,0.0
2024-12-18 00:00:00+05:30,4092.366754522636,4140.107840205238,4071.3908747482337,4126.677734375,1575404,0.0,0.0
2024-12-19 00:00:00+05:30,4064.177621267067,4142.006337975124,4045.1950074358338,4054.59130859375,3015763,0.0,0.0
2024-12-20 00:00:00+05:30,4108.7866456248585,4159.090570831168,3941.2650833812017,3958.159423828125,4116989,0.0,0.0
2024-12-23 00:00:00+05:30,3986.395733224167,4002.4836820374535,3905.5773564971237,3946.76953125,2195338,0.0,0.0
2024-12-24 00:00:00+05:30,3946.7705748590906,4003.433871215718,3946.7705748590906,3966.892333984375,1181886,0.0,0.0
2024-12-26 00:00:00+05:30,3966.8921076893726,3986.3020175795177,3932.3911110375443,3957.021240234375,1208464,0.0,0.0
2024-12-27 00:00:00+05:30,3951.2310760757846,3968.2681573970385,3936.2822676568094,3952.987060546875,858100,0.0,0.0
2024-12-30 00:00:00+05:30,3939.8415947124545,3985.684422832016,3902.825496858013,3947.24462890625,1527169,0.0,0.0
2024-12-31 00:00:00+05:30,3924.655496583325,3929.353878987766,3826.9425360658684,3886.50048828125,1555429,0.0,0.0
2025-01-01 00:00:00+05:30,3886.1205985527304,3923.706266508262,3877.6259252343875,3903.252685546875,763161,0.0,0.0
2025-01-02 00:00:00+05:30,3910.4187239006465,3970.21396166903,3888.541445300585,3963.332763671875,1720835,0.0,0.0
2025-01-03 00:00:00+05:30,3967.31925896288,3967.31925896288,3884.1278097948166,3891.341064453125,1791953,0.0,0.0
2025-01-06 00:00:00+05:30,3896.6560578175076,3938.5600852002444,3859.5449550545113,3886.690185546875,2085593,0.0,0.0
2025-01-07 00:00:00+05:30,3905.6256161656233,3929.7334436078268,3807.4853613249484,3823.38330078125,2669054,0.0,0.0
2025-01-08 00:00:00+05:30,3829.6473413152235,3916.113240154538,3813.3698426153405,3899.408447265625,2181277,0.0,0.0
2025-01-09 00:00:00+05:30,3892.3851104960186,3927.2656647049257,3820.535960823577,3833.396728515625,2392472,0.0,0.0
2025-01-10 00:00:00+05:30,3986.3488434305154,4078.4145191002203,3957.874923120298,4048.6591796875,7894300,0.0,0.0
2025-01-13 00:00:00+05:30,4029.0596808346854,4103.044601693763,4012.3548884093498,4072.814697265625,4003771,0.0,0.0
2025-01-14 00:00:00+05:30,4083.1605246383615,4094.4550879803073,4004.4299428133863,4017.7177734375,3441709,0.0,0.0
2025-01-15 00:00:00+05:30,4003.4336440894426,4039.9279080856195,3993.4204997024085,4033.42626953125,1653474,0.0,0.0
2025-01-16 00:00:00+05:30,4043.2968742708517,4075.567318807286,3978.613708278282,3992.328369140625,2637705,0.0,0.0
2025-01-17 00:00:00+05:30,4020.939695681563,4021.6165011799776,3963.08887255939,3986.52880859375,1761466,76.0,0.0
2025-01-20 00:00:00+05:30,4007.3105183689017,4007.3105183689017,3932.2063483825796,3941.582275390625,1287799,0.0,0.0
2025-01-21 00:00:00+05:30,3958.4974864018836,3973.672984292028,3895.3787707849365,3901.033447265625,1971591,0.0,0.0
2025-01-22 00:00:00+05:30,3914.7106117823487,4024.0807657149944,3909.1043123511595,4017.749755859375,2409223,0.0,0.0
2025-01-23 00:00:00+05:30,4028.7689459052554,4051.339039072567,4001.7524202557865,4006.972412109375,1822998,0.0,0.0
2025-01-24 00:00:00+05:30,3966.9073539751175,4038.4354105526413,3966.9073539751175,4013.642333984375,1910099,0.0,0.0
2025-01-27 00:00:00+05:30,3964.973867046099,4017.5084152856,3906.0599315038703,3929.354736328125,1551782,0.0,0.0
2025-01-28 00:00:00+05:30,3934.8163629909964,3964.974090445813,3893.7360609812577,3905.335205078125,2468272,0.0,0.0
2025-01-29 00:00:00+05:30,3918.577051208912,3970.6282985895587,3918.577051208912,3962.846923828125,1217089,0.0,0.0
2025-01-30 00:00:00+05:30,3962.9437281550117,3991.941585340912,3922.9267796325357,3963.088623046875,1531251,0.0,0.0
2025-01-31 00:00:00+05:30,3972.706388892682,3990.5402596455497,3948.783156988766,3975.026123046875,1492943,0.0,0.0
2025-02-01 00:00:00+05:30,3975.6063179805924,3997.741255116248,3920.510387972108,3937.08740234375,437172,0.0,0.0
2025-02-03 00:00:00+05:30,3896.2488211358454,3940.8089579536745,3865.1245003058734,3932.73779296875,1265713,0.0,0.0
2025-02-04 00:00:00+05:30,3947.284879379769,3981.2608431833637,3930.2245680255955,3969.854736328125,2547132,0.0,0.0
2025-02-05 00:00:00+05:30,4011.3703550712034,4011.3703550712034,3939.8423053663196,3954.43798828125,1693912,0.0,0.0
2025-02-06 00:00:00+05:30,3968.2602324120217,4001.221226388129,3916.209217331792,3946.366943359375,2284536,0.0,0.0
2025-02-07 00:00:00+05:30,3953.374842814853,3953.374842814853,3874.1140268953372,3894.799072265625,1548940,0.0,0.0
2025-02-10 00:00:00+05:30,3905.045086746592,3916.644230568612,3880.2520112210996,3902.096923828125,1339511,0.0,0.0
2025-02-11 00:00:00+05:30,3884.1665374644367,3905.045090759602,3822.884488602531,3831.14892578125,1810908,0.0,0.0
2025-02-12 00:00:00+05:30,3838.446649169052,3887.404606196338,3808.5303361658844,3818.1962890625,1678002,0.0,0.0
2025-02-13 00:00:00+05:30,3835.4501025039126,3851.3505477933163,3771.896462322554,3779.532470703125,2277310,0.0,0.0
2025-02-14 00:00:00+05:30,3793.8861694247853,3816.1178590800137,3769.7212893647547,3803.4072265625,1681975,0.0,0.0
2025-02-17 00:00:00+05:30,3727.674956536778,3802.5860959459837,3727.3849307355754,3774.071533203125,1799806,0.0,0.0
2025-02-18 00:00:00+05:30,3768.174803332807,3793.3062796669183,3735.4073189681676,3743.816650390625,2149879,0.0,0.0
2025-02-19 00:00:00+05:30,3742.850263486918,3745.508400554833,3642.2759755929487,3657.693359375,4366672,0.0,0.0
2025-02-20 00:00:00+05:30,3635.848185178673,3661.4629603766616,3625.988960412709,3653.150146484375,2888572,0.0,0.0
2025-02-21 00:00:00+05:30,3649.960586134303,3689.4942392872176,3648.8972369162293,3659.52978515625,1833931,0.0,0.0
2025-02-24 00:00:00+05:30,3618.1109478843173,3637.491230016548,3547.4045991108223,3552.817626953125,2508516,0.0,0.0
2025-02-25 00:00:00+05:30,3503.907852529123,3535.8054964280086,3500.283120267886,3508.305908203125,4101954,0.0,0.0
2025-02-27 00:00:00+05:30,3491.0518348426112,3516.4733357865325,3480.4192876480943,3491.87353515625,3823856,0.0,0.0
2025-02-28 00:00:00+05:30,3465.1955095907815,3479.7428149447355,3341.5196975733197,3366.892822265625,7085018,0.0,0.0
2025-03-03 00:00:00+05:30,3368.584583379958,3405.5568531975428,3360.0301206751515,3376.36572265625,4990439,0.0,0.0
2025-03-04 00:00:00+05:30,3357.952083726606,3432.3799220820893,3348.576156481458,3414.06298828125,2797737,0.0,0.0
2025-03-05 00:00:00+05:30,3403.237261275363,3480.081589993446,3403.237261275363,3428.56201171875,2501894,0.0,0.0
2025-03-06 00:00:00+05:30,3438.1793081878077,3488.877181911339,3417.9775618337376,3481.28955078125,2786513,0.0,0.0
2025-03-07 00:00:00+05:30,3479.743027656133,3503.9079097926337,3454.998093954285,3490.56884765625,2051315,0.0,0.0
2025-03-10 00:00:00+05:30,3486.0259949428714,3501.1049762137254,3462.9244613654673,3469.73876953125,1004626,0.0,0.0
2025-03-11 00:00:00+05:30,3439.146018462038,3468.8688234276665,3419.4757100500633,3455.8681640625,1995450,0.0,0.0
2025-03-12 00:00:00+05:30,3445.912267227522,3450.020297279617,3370.3729384283747,3389.076416015625,3174167,0.0,0.0
2025-03-13 00:00:00+05:30,3385.3069391309236,3406.572036816029,3367.714950970284,3393.7646484375,1693004,0.0,0.0
2025-03-17 00:00:00+05:30,3372.4510196048896,3412.5163478055665,3361.1902786941764,3380.8603515625,2690906,0.0,0.0
2025-03-18 00:00:00+05:30,3380.8603515625,3380.8603515625,3380.8603515625,3380.8603515625,0,0.0,0.0
2025-03-19 00:00:00+05:30,3428.5135286476893,3428.5135286476893,3347.077874633433,3380.280517578125,3051244,0.0,0.0
2025-03-20 00:00:00+05:30,3394.68252652922,3459.3960314822807,3394.68252652922,3444.123779296875,2845192,0.0,0.0
2025-03-21 00:00:00+05:30,3358.918875185949,3495.45046975286,3349.2529215882914,3458.574951171875,4161925,0.0,0.0
2025-03-24 00:00:00+05:30,3479.7429444303652,3527.831058731868,3447.4587570622184,3507.725830078125,1834751,0.0,0.0
2025-03-25 00:00:00+05:30,3523.239631457287,3586.068321730188,3516.473464812513,3535.563720703125,3135390,0.0,0.0
2025-03-26 00:00:00+05:30,3525.897689430406,3557.5536826670163,3504.7293486525073,3514.346923828125,1734499,0.0,0.0
2025-03-27 00:00:00+05:30,3494.097310621218,3540.6387825331667,3489.892526436254,3529.23291015625,2528474,0.0,0.0
2025-03-28 00:00:00+05:30,3529.0393930182477,3538.656968927356,3471.9135171595426,3485.6875,2051919,0.0,0.0
2025-04-01 00:00:00+05:30,3453.3551110505427,3464.277685548557,3407.248560702752,3432.186767578125,2618493,0.0,0.0
2025-04-02 00:00:00+05:30,3425.6138066504323,3445.0424669343693,3412.129849162714,3425.5654296875,1764313,0.0,0.0
2025-04-03 00:00:00+05:30,3374.383992326158,3385.0165399960483,3282.7023391603534,3289.468505859375,4537821,0.0,0.0
2025-04-04 00:00:00+05:30,3250.2735845869393,3286.0857531447828,3185.414942880682,3189.1845703125,5317367,0.0,0.0
2025-04-07 00:00:00+05:30,2996.4454369330797,3181.4516833870694,2953.963620596823,3164.681396484375,6623955,0.0,0.0
2025-04-08 00:00:00+05:30,3191.7460628104113,3237.127665022999,3146.5577324611054,3182.949951171875,5557558,0.0,0.0
2025-04-09 00:00:00+05:30,3151.63239491897,3160.766673429551,3104.7525222396634,3138.1484375,2990265,0.0,0.0
2025-04-11 00:00:00+05:30,3179.6636391398747,3188.749540631033,3098.904554048043,3123.552734375,7108961,0.0,0.0
2025-04-15 00:00:00+05:30,3203.683386247662,3203.683386247662,3130.415650876791,3139.69482421875,3512160,0.0,0.0
2025-04-16 00:00:00+05:30,3139.6945212968367,3168.595859734791,3121.1359404182936,3164.439453125,2384391,0.0,0.0
2025-04-17 00:00:00+05:30,3137.0853169343413,3193.2446031059244,3110.5039438899125,3188.701416015625,2932346,0.0,0.0
2025-04-21 00:00:00+05:30,3180.195072407739,3241.960413439671,3174.3955010062373,3210.642822265625,2432946,0.0,0.0
2025-04-22 00:00:00+05:30,3211.6096198122023,3222.531957851611,3184.931495290658,3203.683349609375,2710498,0.0,0.0
2025-04-23 00:00:00+05:30,3252.593171873855,3306.625754540036,3225.818529364827,3298.98974609375,3543923,0.0,0.0
2025-04-24 00:00:00+05:30,3287.4874054696716,3298.5064976170884,3274.5348867157572,3287.970703125,2252175,0.0,0.0
2025-04-25 00:00:00+05:30,3305.7558885472554,3361.625143451318,3291.256959211522,3332.820556640625,2742991,0.0,0.0
2025-04-28 00:00:00+05:30,3320.2546435993536,3342.2930622298845,3291.2567864500143,3328.470703125,1593296,0.0,0.0
2025-04-29 00:00:00+05:30,3339.5865365145787,3378.250345909827,3315.808199342435,3356.501953125,1578332,0.0,0.0
2025-04-30 00:00:00+05:30,3356.0188189819924,3392.65268577439,3253.5597190937174,3338.330078125,2809332,0.0,0.0
2025-05-02 00:00:00+05:30,3356.0188344779217,3374.867442563267,3305.755879583667,3316.388427734375,1721761,0.0,0.0
2025-05-05 00:00:00+05:30,3334.7537493074506,3387.4331925936117,3331.2739118706236,3338.91015625,1284443,0.0,0.0
2025-05-06 00:00:00+05:30,3344.419677734375,3356.9854164079434,3322.1879862349847,3344.419677734375,1324763,0.0,0.0
2025-05-07 00:00:00+05:30,3306.335750758935,3343.9362109554654,3306.335750758935,3330.017333984375,1477128,0.0,0.0
2025-05-08 00:00:00+05:30,3332.820588313161,3360.851851961966,3314.1652518601954,3333.6904296875,2543591,0.0,0.0
2025-05-09 00:00:00+05:30,3285.4574957373147,3331.0807476867326,3284.5876543425793,3325.3779296875,2531757,0.0,0.0
2025-05-12 00:00:00+05:30,3387.916425868549,3509.22413241534,3385.209911911905,3499.46142578125,2228678,0.0,0.0
2025-05-13 00:00:00+05:30,3499.461570957545,3501.9748131612287,3393.232840630001,3397.58251953125,3062887,0.0,0.0
2025-05-14 00:00:00+05:30,3403.3820953219624,3442.0459078220697,3391.396407841002,3430.15673828125,2119499,0.0,0.0
2025-05-15 00:00:00+05:30,3444.9454390459973,3479.7428677232297,3396.7124309124556,3460.314208984375,3548330,0.0,0.0
2025-05-16 00:00:00+05:30,3473.8465567565913,3473.8465567565913,3427.6434928317944,3442.335693359375,1666727,0.0,0.0
2025-05-19 00:00:00+05:30,3431.413341631395,3431.413341631395,3386.659931697025,3401.255615234375,2537377,0.0,0.0
2025-05-20 00:00:00+05:30,3413.8211261851047,3439.145874352896,3377.283778805233,3381.440185546875,2038374,0.0,0.0
2025-05-21 00:00:00+05:30,3390.8162851170264,3418.8475485914832,3381.4403579795026,3408.021728515625,1440153,0.0,0.0
2025-05-22 00:00:00+05:30,3378.2502763697153,3380.956790168703,3336.0101126719387,3360.8515625,2034383,0.0,0.0
2025-05-23 00:00:00+05:30,3360.851724551366,3416.9142497236344,3349.8326329632987,3397.19580078125,1274331,0.0,0.0
2025-05-26 00:00:00+05:30,3403.3819012793415,3426.5801874567637,3392.8461073678304,3419.137451171875,967470,0.0,0.0
2025-05-27 00:00:00+05:30,3414.014574749619,3421.747337093333,3366.7481593177404,3381.826904296875,2467680,0.0,0.0
2025-05-28 00:00:00+05:30,3402.4154740639756,3411.114831810162,3376.317400825417,3380.8603515625,1222933,0.0,0.0
2025-05-29 00:00:00+05:30,3387.626457620242,3414.4978538154573,3370.034470581059,3381.2470703125,3188072,0.0,0.0
2025-05-30 00:00:00+05:30,3373.4175839622008,3389.5596782127777,3337.7503119241223,3347.7060546875,3404365,0.0,0.0
2025-06-02 00:00:00+05:30,3334.7538187399196,3344.4197718377163,3304.4028204069105,3334.560546875,1877585,0.0,0.0
2025-06-03 00:00:00+05:30,3330.8873298742683,3357.468700034321,3286.9072447003623,3291.4501953125,2848125,0.0,0.0
2025-06-04 00:00:00+05:30,3304.9078969735056,3310.56402774214,3286.379348716646,3297.0087890625,2544807,30.0,0.0
2025-06-05 00:00:00+05:30,3324.4113841471617,3324.4113841471617,3280.235380032571,3287.451904296875,3584683,0.0,0.0
2025-06-06 00:00:00+05:30,3287.4520036268846,3306.7605099618336,3275.359545608902,3300.226806640625,2070390,0.0,0.0
2025-06-09 00:00:00+05:30,3315.634960419095,3348.791310023286,3306.760665733127,3336.991455078125,1718678,0.0,0.0
2025-06-10 00:00:00+05:30,3354.6424396212137,3399.3060406489903,3338.2592545088482,3376.97412109375,2419874,0.0,0.0
2025-06-11 00:00:00+05:30,3383.8979728571367,3402.4265208353168,3363.516665314218,3385.750732421875,2847013,0.0,0.0
2025-06-12 00:00:00+05:30,3385.7505745896515,3388.481144938844,3338.259030391803,3348.986083984375,4060134,0.0,0.0
2025-06-13 00:00:00+05:30,3309.003623498393,3364.8818717382055,3309.003623498393,3360.200927734375,2178493,0.0,0.0
2025-06-16 00:00:00+05:30,3354.642349665819,3421.9302340050463,3341.1847251814343,3409.54541015625,1934088,0.0,0.0
2025-06-17 00:00:00+05:30,3422.905437301184,3432.6573046439225,3401.5489430536663,3428.073974609375,2111940,0.0,0.0
2025-06-18 00:00:00+05:30,3431.7796073253016,3450.2105407013996,3357.665418209048,3365.75927734375,2696327,0.0,0.0
2025-06-19 00:00:00+05:30,3364.394161188714,3365.3693479021017,3328.3122527933565,3339.039306640625,2672768,0.0,0.0
2025-06-20 00:00:00+05:30,3340.0145242959966,3360.786049100129,3326.2642962767654,3350.448974609375,2351248,0.0,0.0
2025-06-23 00:00:00+05:30,3330.2626997221478,3340.014567071261,3286.3792966511382,3309.393798828125,3123421,0.0,0.0
2025-06-24 00:00:00+05:30,3349.376392565029,3356.690292940616,3298.081476031171,3306.27294921875,3403048,0.0,0.0
2025-06-25 00:00:00+05:30,3322.7537403887272,3364.3941654870573,3315.634829755361,3359.3232421875,1757699,0.0,0.0
2025-06-26 00:00:00+05:30,3359.3232652421043,3365.759354753242,3330.555256962972,3356.397705078125,2879106,0.0,0.0
2025-06-27 00:00:00+05:30,3369.2703330730474,3380.387367158931,3345.8658502962735,3355.71533203125,1778433,0.0,0.0
2025-06-30 00:00:00+05:30,3354.5447137321717,3378.924381810933,3344.8904604060604,3376.096435546875,1468351,0.0,0.0
2025-07-01 00:00:00+05:30,3369.2704183662204,3398.526022577794,3328.800165873544,3344.59814453125,2375183,0.0,0.0
2025-07-02 00:00:00+05:30,3400.671024568939,3403.3039810516498,3335.1385257152824,3338.356689453125,3090585,0.0,0.0
2025-07-03 00:00:00+05:30,3344.8904436190446,3350.058980842342,3313.294489180619,3316.4150390625,2531870,0.0,0.0
2025-07-04 00:00:00+05:30,3323.4363525656718,3341.964900305915,3305.980605453995,3334.943603515625,1109320,0.0,0.0
2025-07-07 00:00:00+05:30,3333.481005692293,3341.0875101654565,3323.8265137554163,3327.044677734375,1639174,0.0,0.0
2025-07-08 00:00:00+05:30,3320.5107317732236,3340.0144658805552,3309.1984707578945,3321.680908203125,2325242,0.0,0.0
2025-07-09 00:00:00+05:30,3325.3867588452995,3329.2875057764963,3283.4537293349335,3299.8369140625,2034938,0.0,0.0
2025-07-10 00:00:00+05:30,3296.130925499427,3314.659472122057,3272.7264455550526,3298.081298828125,3035012,0.0,0.0
2025-07-11 00:00:00+05:30,3218.0184502225306,3252.247598137654,3180.1813972680684,3184.959716796875,7635550,0.0,0.0
2025-07-14 00:00:00+05:30,3184.9597625910983,3190.8108827918168,3120.5974403831947,3142.734130859375,3924009,0.0,0.0
2025-07-15 00:00:00+05:30,3126.448660244279,3178.523536457564,3126.448660244279,3171.599853515625,2590889,0.0,0.0
2025-07-16 00:00:00+05:30,3157.607249475903,3175.1222359666176,3151.344969328223,3163.576171875,2540733,11.0,0.0
2025-07-17 00:00:00+05:30,3154.7696780470374,3172.2846643823304,3135.199754145851,3140.18994140625,2947640,0.0,0.0
2025-07-18 00:00:00+05:30,3155.6502438038765,3159.3685771406017,3118.46738821797,3121.304931640625,3432645,0.0,0.0
2025-07-21 00:00:00+05:30,3121.4028477301345,3128.839514334287,3084.2199924907163,3090.28662109375,3844346,0.0,0.0
2025-07-22 00:00:00+05:30,3091.65673828125,3111.7159107005,3086.764257203384,3091.65673828125,3198036,0.0,0.0
2025-07-23 00:00:00+05:30,3091.6566291573,3113.5748480562365,3089.6996367952283,3110.7373046875,1922875,0.0,0.0
2025-07-24 00:00:00+05:30,3097.0385335433134,3105.4534578423713,3072.478182452152,3080.30615234375,2934778,0.0,0.0
2025-07-25 00:00:00+05:30,3072.4780444334683,3089.014534530361,3058.3877948178133,3068.368408203125,2568917,0.0,0.0
2025-07-28 00:00:00+05:30,3043.123036074506,3050.951005299135,3003.8852447797885,3013.083251953125,3374473,0.0,0.0
2025-07-29 00:00:00+05:30,2994.1984086760676,3007.8973556438664,2975.802632112602,2990.284423828125,4785312,0.0,0.0
2025-07-30 00:00:00+05:30,2994.1983151611034,3003.0047807939304,2981.673516260727,2987.93603515625,2880121,0.0,0.0
2025-07-31 00:00:00+05:30,2976.2918502873677,2994.0027271024683,2950.166049468222,2971.497314453125,2968371,0.0,0.0
2025-08-01 00:00:00+05:30,2964.7455243430377,2971.4972914199097,2935.488583681943,2938.424072265625,2053847,0.0,0.0
2025-08-04 00:00:00+05:30,2944.392964480288,3013.181055141491,2927.2692812506943,3008.28857421875,2519252,0.0,0.0
2025-08-05 00:00:00+05:30,3008.2886143717656,3011.322048140622,2976.5854331255146,2998.014404296875,1927996,0.0,0.0
2025-08-06 00:00:00+05:30,2997.1337788834585,3000.8521121202134,2960.9294204705666,2967.093994140625,1487081,0.0,0.0
2025-08-07 00:00:00+05:30,2951.1446440658847,2985.9792055799644,2946.154217712285,2981.47802734375,2543076,0.0,0.0
2025-08-08 00:00:00+05:30,2982.5543093380406,2994.002666894786,2959.9509519667536,2971.105712890625,2762140,0.0,0.0
2025-08-11 00:00:00+05:30,2971.1058502168585,2984.3155492907413,2956.3307005130723,2975.411376953125,1884215,0.0,0.0
2025-08-12 00:00:00+05:30,2975.6068714078456,3029.8154640054736,2961.809979769089,2970.127197265625,3358232,0.0,0.0
2025-08-13 00:00:00+05:30,2970.812449963036,2978.9337774241835,2963.473728360306,2970.91015625,2148166,0.0,0.0
2025-08-14 00:00:00+05:30,2968.757439673081,2990.1864106721328,2954.1779420022144,2957.30908203125,3342174,0.0,0.0
2025-08-18 00:00:00+05:30,2980.988718063058,2983.434958599791,2938.815435653507,2946.44775390625,2945609,0.0,0.0
2025-08-19 00:00:00+05:30,2946.4478507969,2959.9511467818434,2946.350144506624,2951.34033203125,2650784,0.0,0.0
2025-08-20 00:00:00+05:30,2946.1539583708727,3036.664852119672,2946.1539583708727,3031.96826171875,4952358,0.0,0.0
2025-08-21 00:00:00+05:30,3062.693270119804,3062.693270119804,3016.801891436903,3035.882568359375,3230726,0.0,0.0
2025-08-22 00:00:00+05:30,3019.639270954844,3029.1306363096523,2984.4134077810354,2988.327392578125,1593791,0.0,0.0
2025-08-25 00:00:00+05:30,3020.9112915939663,3084.2199463957195,3010.9306783780526,3073.065185546875,3448370,0.0,0.0
2025-08-26 00:00:00+05:30,3061.714802808035,3094.0051794435944,3052.9083364528824,3089.308349609375,5522097,0.0,0.0
2025-08-28 00:00:00+05:30,3077.3704857914763,3078.8382300613293,3020.1284592672155,3027.173583984375,3116051,0.0,0.0
2025-08-29 00:00:00+05:30,3026.4887537573413,3048.0156702082504,3011.028465982645,3018.3671875,2271789,0.0,0.0
2025-09-01 00:00:00+05:30,3023.5531276055535,3063.7694152474464,3023.5531276055535,3045.667236328125,1246862,0.0,0.0
2025-09-02 00:00:00+05:30,3053.98447906176,3087.1554035307527,3036.3715480748965,3044.5908203125,2185229,0.0,0.0
2025-09-03 00:00:00+05:30,3062.595025627338,3074.3369795089966,3021.5961322134785,3030.891845703125,1799774,0.0,0.0
2025-09-04 00:00:00+05:30,3048.9943814611165,3050.9513740037746,3024.336323201764,3029.130859375,1481391,0.0,0.0
2025-09-05 00:00:00+05:30,3030.5006621101975,3036.664997028233,2963.47367273015,2982.75,2802055,0.0,0.0
2025-09-08 00:00:00+05:30,2984.413460841752,2998.9929589138555,2951.144589474992,2954.080078125,2626187,0.0,0.0
2025-09-09 00:00:00+05:30,2966.898378981974,2994.19832699537,2965.62628616296,2983.826171875,2489301,0.0,0.0
2025-09-10 00:00:00+05:30,2990.675797260498,3055.550145422665,2987.740308555338,3043.123291015625,2079428,0.0,0.0
2025-09-11 00:00:00+05:30,3071.4996140027415,3071.4996140027415,3043.221168990462,3057.017822265625,2263446,0.0,0.0
2025-09-12 00:00:00+05:30,3076.3921752202637,3080.991059765134,3053.8867617246956,3066.02001953125,1447167,0.0,0.0
2025-09-15 00:00:00+05:30,3066.6070389449774,3066.6070389449774,3029.4241839737238,3044.982177734375,1732539,0.0,0.0
2025-09-16 00:00:00+05:30,3060.7363278880744,3082.263245795216,3042.2428439695796,3078.0556640625,2573429,0.0,0.0
2025-09-17 00:00:00+05:30,3084.2199854121977,3113.966173979194,3074.8263264485827,3104.57275390625,2418271,0.0,0.0
2025-09-18 00:00:00+05:30,3116.51048247651,3134.1234145595795,3093.4178759668794,3108.388916015625,2633138,0.0,0.0
2025-09-19 00:00:00+05:30,3101.8328935510035,3112.107103450778,3076.3919928468,3101.050048828125,4901694,0.0,0.0
2025-09-22 00:00:00+05:30,3028.445731768582,3040.089740964508,2999.090845838676,3007.70166015625,3634901,0.0,0.0
2025-09-23 00:00:00+05:30,3003.983297445149,3014.453158879609,2986.3703660594774,2996.546630859375,3177741,0.0,0.0
2025-09-24 00:00:00+05:30,2984.4133369924134,2991.262810224855,2967.778901999341,2970.127197265625,1625714,0.0,0.0
2025-09-25 00:00:00+05:30,2957.015390749667,2964.4520571099356,2887.5421635017433,2893.804443359375,4974361,0.0,0.0
2025-09-26 00:00:00+05:30,2877.7574418213358,2891.260737711385,2829.126226471788,2836.758544921875,3934636,0.0,0.0
2025-09-29 00:00:00+05:30,2853.2947314486933,2866.3087778304835,2831.7678164651984,2833.82275390625,3110035,0.0,0.0
2025-09-30 00:00:00+05:30,2848.402439766557,2852.610021207006,2823.0594837288886,2826.288330078125,2253458,0.0,0.0
2025-10-01 00:00:00+05:30,2828.8326264436423,2861.9058470940704,2804.957413772581,2851.53369140625,1952902,0.0,0.0
2025-10-03 00:00:00+05:30,2861.1229086009284,2861.1229086009284,2828.9304789544044,2839.498046875,2899519,0.0,0.0
2025-10-06 00:00:00+05:30,2839.5959635916415,2929.22631078988,2833.3336834873367,2924.137939453125,2112774,0.0,0.0
2025-10-07 00:00:00+05:30,2930.5959216848555,2939.891634958981,2891.9453243871753,2909.75390625,3062943,0.0,0.0
2025-10-08 00:00:00+05:30,2911.0260640606234,2977.5638026677234,2904.176590968716,2962.103515625,4121889,0.0,0.0
2025-10-09 00:00:00+05:30,2968.757519004287,3000.069397912704,2955.0585719818546,2995.86181640625,3211304,0.0,0.0
2025-10-10 00:00:00+05:30,2984.413250266025,3003.983173218589,2942.239970746985,2963.179931640625,8817365,0.0,0.0
2025-10-13 00:00:00+05:30,2961.908209472205,2970.2254277677166,2933.7274691163334,2942.533935546875,2866865,0.0,0.0
2025-10-14 00:00:00+05:30,2956.0370052457697,2962.1036338769445,2891.9455044700007,2896.642333984375,3611416,0.0,0.0
2025-10-15 00:00:00+05:30,2917.954894078994,2926.499513769408,2898.31197994854,2916.7763671875,4282226,11.0,0.0
2025-10-16 00:00:00+05:30,2916.87439174088,2921.883430677564,2890.553079047838,2917.66015625,3251495,0.0,0.0
2025-10-17 00:00:00+05:30,2916.972551528368,2935.4369375213087,2902.6331292681275,2909.311767578125,4374683,0.0,0.0
2025-10-20 00:00:00+05:30,2932.1958010354274,2969.0262624451843,2925.320781572273,2961.365478515625,3133039,0.0,0.0
2025-10-21 00:00:00+05:30,2976.981832168517,2977.669286180243,2942.508423286113,2953.017333984375,310644,0.0,0.0
2025-10-23 00:00:00+05:30,3000.4550745732363,3042.687339125331,2981.892616996725,3018.330078125,5564758,0.0,0.0
2025-10-24 00:00:00+05:30,3025.0086400055093,3034.8300966289034,3003.6961270890743,3008.508544921875,2684318,0.0,0.0
2025-10-27 00:00:00+05:30,3011.7496607245316,3038.9550474990237,3005.5620951218402,3029.821044921875,1946312,0.0,0.0
2025-10-28 00:00:00+05:30,3021.0801556355614,3035.0265765381446,2985.919291823652,3003.30322265625,3470737,0.0,0.0
2025-10-29 00:00:00+05:30,3003.3032409472494,3021.080174034828,2991.714113509379,3003.0087890625,2895420,0.0,0.0
2025-10-30 00:00:00+05:30,2994.6603471523654,3009.0978400091353,2978.6513253692647,2981.106689453125,2241536,0.0,0.0
2025-10-31 00:00:00+05:30,2980.8120174669925,3012.6334402910475,2971.088871543434,3003.4013671875,1868085,0.0,0.0
2025-11-03 00:00:00+05:30,2992.499451583931,3003.4013640895914,2956.2583734171585,2962.93701171875,2194877,0.0,0.0
2025-11-04 00:00:00+05:30,2965.6872390451917,2975.214004338424,2922.8655907942766,2936.81201171875,2670720,0.0,0.0
2025-11-06 00:00:00+05:30,2936.7138956519902,2970.0085383136757,2936.61558517126,2957.142333984375,2542721,0.0,0.0
2025-11-07 00:00:00+05:30,2947.419237380036,2950.3656744717186,2907.6423366423182,2938.383544921875,1830520,0.0,0.0
2025-11-10 00:00:00+05:30,2939.5619693268272,2993.4816703122747,2938.579823663838,2971.18701171875,1556656,0.0,0.0
2025-11-11 00:00:00+05:30,2990.633609021809,3001.142519888641,2964.1156755427983,2992.597900390625,2806868,0.0,0.0
2025-11-12 00:00:00+05:30,3005.3656835637266,3080.4015151753365,3002.51755709654,3075.8837890625,4460315,0.0,0.0
2025-11-13 00:00:00+05:30,3075.8838537295965,3075.9819244274895,3046.61586484088,3050.249755859375,1740435,0.0,0.0
2025-11-14 00:00:00+05:30,3034.830102963518,3057.517763723578,3022.356900982103,3050.54443359375,2210794,0.0,0.0
2025-11-17 00:00:00+05:30,3050.544457369475,3067.7320066302495,3031.4909272444793,3046.812255859375,2232853,0.0,0.0
2025-11-18 00:00:00+05:30,3046.6158078736476,3049.5622448251693,3023.0443122614724,3031.98193359375,2548350,0.0,0.0
2025-11-19 00:00:00+05:30,3041.705020306013,3098.6694669245953,3028.4460542827223,3091.499755859375,3151053,0.0,0.0
2025-11-20 00:00:00+05:30,3091.794673762747,3108.0000778660146,3082.0715272134535,3088.65185546875,2700767,0.0,0.0
2025-11-21 00:00:00+05:30,3088.6516518716926,3113.4016740052466,3079.2229578295533,3094.34814453125,4177037,0.0,0.0
2025-11-24 00:00:00+05:30,3101.616062202543,3122.1428110333977,3075.0981288018247,3085.115966796875,6703764,0.0,0.0
2025-11-25 00:00:00+05:30,3089.142887490615,3093.562543096727,3059.3838251197944,3063.5087890625,2737920,0.0,0.0
2025-11-26 00:00:00+05:30,3063.115986297256,3121.2589624366606,3061.348076121797,3106.428466796875,2508527,0.0,0.0
2025-11-27 00:00:00+05:30,3123.223169867727,3123.223169867727,3069.205159068128,3080.59814453125,2836233,0.0,0.0
2025-11-28 00:00:00+05:30,3083.937297684263,3091.1070087848907,3069.205113141185,3081.48193359375,1616690,0.0,0.0
2025-12-01 00:00:00+05:30,3081.8747335418534,3097.687374390369,3066.4550948216056,3077.455078125,1747647,0.0,0.0
2025-12-02 00:00:00+05:30,3075.0980746626374,3087.8659682974553,3064.6872347092776,3079.714111328125,2512003,0.0,0.0
2025-12-03 00:00:00+05:30,3083.9373188138757,3154.5534946281955,3082.9551731709416,3123.22314453125,3952112,0.0,0.0
2025-12-04 00:00:00+05:30,3136.9731988901626,3191.9733551637537,3130.4909417024,3171.544677734375,5025905,0.0,0.0
2025-12-05 00:00:00+05:30,3172.330486734928,3213.187842167148,3164.866083794654,3180.384033203125,5244013,0.0,0.0
2025-12-08 00:00:00+05:30,3185.0983021118977,3201.6964674714213,3151.3125880977464,3178.71435546875,2544725,0.0,0.0
2025-12-09 00:00:00+05:30,3172.330579931189,3175.964471029267,3124.401822284255,3151.01806640625,2734893,0.0,0.0
2025-12-10 00:00:00+05:30,3167.41989738469,3167.41989738469,3121.357359750894,3132.259033203125,1386849,0.0,0.0
2025-12-11 00:00:00+05:30,3147.7768486239356,3151.1160479641035,3096.8035846478047,3134.91064453125,1914362,0.0,0.0
2025-12-12 00:00:00+05:30,3140.607031689688,3165.4553640739014,3128.8212841349605,3163.0,1146554,0.0,0.0
2025-12-15 00:00:00+05:30,3153.7680172761306,3180.384020730158,3140.2143592438706,3172.52685546875,1562190,0.0,0.0
2025-12-16 00:00:00+05:30,3162.509118995985,3162.509118995985,3134.1252044928165,3147.875244140625,1734623,0.0,0.0
2025-12-17 00:00:00+05:30,3143.3572206041695,3179.107227122374,3143.3572206041695,3160.348388671875,1376350,0.0,0.0
2025-12-18 00:00:00+05:30,3170.366292342023,3229.09865265339,3163.4912725011322,3222.2236328125,2307422,0.0,0.0
2025-12-19 00:00:00+05:30,3240.09857605464,3258.661033366418,3220.259281411304,3223.402099609375,3902511,0.0,0.0
2025-12-22 00:00:00+05:30,3250.9022578364156,3269.170263717588,3232.2414895890165,3265.5361328125,2632816,0.0,0.0
2025-12-23 00:00:00+05:30,3260.625245626059,3260.625245626059,3234.6966963938,3250.902099609375,2365420,0.0,0.0
2025-12-24 00:00:00+05:30,3245.107580613968,3267.696930860065,3237.2504153109776,3259.741455078125,1367708,0.0,0.0
2025-12-26 00:00:00+05:30,3253.9468611908032,3260.7235702886815,3213.384197736604,3221.437744140625,1176664,0.0,0.0
2025-12-29 00:00:00+05:30,3221.437683809396,3229.294848891858,3184.9999848268185,3193.446533203125,2079473,0.0,0.0
2025-12-30 00:00:00+05:30,3191.973384551631,3209.160933545371,3181.6608551553877,3188.83056640625,2807593,0.0,0.0
2025-12-31 00:00:00+05:30,3182.151893056932,3188.0447669329633,3141.392848747715,3148.955322265625,3362634,0.0,0.0
2026-01-01 00:00:00+05:30,3157.59834501185,3176.3574233163417,3141.0982497161094,3169.77685546875,1255735,0.0,0.0
2026-01-02 00:00:00+05:30,3176.2591039024273,3196.196709004467,3162.017991655493,3192.660888671875,1184324,0.0,0.0
2026-01-05 00:00:00+05:30,3182.642968809425,3189.026915514335,3134.026759287417,3158.6787109375,2341703,0.0,0.0
2026-01-06 00:00:00+05:30,3152.6876022111082,3204.9377039238207,3147.7768738587542,3197.669921875,2912325,0.0,0.0
2026-01-07 00:00:00+05:30,3185.0000101265678,3241.6700055592964,3165.651788913644,3236.75927734375,1989442,0.0,0.0
2026-01-08 00:00:00+05:30,3228.2143763788763,3228.2143763788763,3125.1873956711997,3146.6962890625,4159336,0.0,0.0
2026-01-09 00:00:00+05:30,3134.0267606372377,3172.0357492326657,3134.0267606372377,3150.52685546875,1938673,0.0,0.0
2026-01-12 00:00:00+05:30,3145.8126491306843,3193.937788002805,3117.6251157476318,3181.75927734375,2228342,0.0,0.0
2026-01-13 00:00:00+05:30,3187.0627488471305,3221.437847833155,3153.1787227037635,3209.652099609375,5645341,0.0,0.0
2026-01-14 00:00:00+05:30,3201.7948316366483,3201.7948316366483,3126.1696162881753,3135.5,3539511,0.0,0.0
2026-01-15 00:00:00+05:30,3135.5,3135.5,3135.5,3135.5,0,0.0,0.0
2026-01-16 00:00:00+05:30,3219.39990234375,3221.89990234375,3171.0,3206.699951171875,4293470,57.0,0.0
2026-01-19 00:00:00+05:30,3188.0,3220.0,3152.10009765625,3163.60009765625,3387562,0.0,0.0
2026-01-20 00:00:00+05:30,3151.60009765625,3160.0,3091.10009765625,3102.300048828125,4499273,0.0,0.0
2026-01-21 00:00:00+05:30,3100.0,3138.5,3082.0,3122.60009765625,2015150,0.0,0.0
2026-01-22 00:00:00+05:30,3150.0,3160.0,3122.300048828125,3150.39990234375,2269827,0.0,0.0
2026-01-23 00:00:00+05:30,3190.300048828125,3194.5,3152.0,3162.5,2068857,0.0,0.0
2026-01-27 00:00:00+05:30,3175.0,3175.0,3130.0,3158.0,4279874,0.0,0.0
2026-01-28 00:00:00+05:30,3176.0,3205.199951171875,3170.60009765625,3200.10009765625,2751234,0.0,0.0
2026-01-29 00:00:00+05:30,3200.10009765625,3200.10009765625,3125.60009765625,3144.39990234375,2457641,0.0,0.0
2026-01-30 00:00:00+05:30,3141.0,3141.0,3092.0,3123.89990234375,3022068,0.0,0.0
2026-02-02 00:00:00+05:30,3198.0,3198.0,3134.0,3169.60009765625,2636272,0.0,0.0
2026-02-03 00:00:00+05:30,3350.0,3350.0,3186.300048828125,3225.300048828125,4366060,0.0,0.0
2026-02-04 00:00:00+05:30,3120.0,3120.0,2986.0,2999.10009765625,10852595,0.0,0.0
2026-02-05 00:00:00+05:30,2990.0,3029.699951171875,2972.300048828125,2991.5,3521545,0.0,0.0
2026-02-06 00:00:00+05:30,2976.60009765625,2985.0,2916.0,2941.60009765625,4687389,0.0,0.0
2026-02-09 00:00:00+05:30,2959.10009765625,2977.0,2937.5,2948.199951171875,2380318,0.0,0.0
2026-02-10 00:00:00+05:30,2949.800048828125,3011.60009765625,2943.5,2984.60009765625,3547763,0.0,0.0
2026-02-11 00:00:00+05:30,2980.0,2998.0,2904.199951171875,2909.800048828125,3363513,0.0,0.0
2026-02-12 00:00:00+05:30,2869.800048828125,2880.0,2740.0,2750.10009765625,10612156,0.0,0.0
2026-02-13 00:00:00+05:30,2585.0,2713.0,2585.0,2692.199951171875,11168735,0.0,0.0
2026-02-16 00:00:00+05:30,2700.0,2719.800048828125,2671.0,2706.60009765625,2918730,0.0,0.0
2026-02-17 00:00:00+05:30,2716.0,2760.0,2695.199951171875,2717.39990234375,4209118,0.0,0.0
2026-02-18 00:00:00+05:30,2730.0,2730.0,2657.300048828125,2694.89990234375,2950820,0.0,0.0
2026-02-19 00:00:00+05:30,2708.0,2748.699951171875,2666.60009765625,2677.89990234375,3238849,0.0,0.0
2026-02-20 00:00:00+05:30,2667.0,2702.60009765625,2647.5,2686.199951171875,2293482,0.0,0.0
2026-02-23 00:00:00+05:30,2686.0,2704.0,2660.199951171875,2676.300048828125,4699596,0.0,0.0
2026-02-24 00:00:00+05:30,2641.0,2647.5,2561.300048828125,2573.699951171875,7798833,0.0,0.0
2026-02-25 00:00:00+05:30,2596.0,2654.199951171875,2595.0,2629.300048828125,3621285,0.0,0.0
2026-02-26 00:00:00+05:30,2650.0,2671.0,2635.0,2647.699951171875,3464267,0.0,0.0
2026-02-27 00:00:00+05:30,2681.60009765625,2688.60009765625,2626.10009765625,2637.39990234375,5083717,0.0,0.0
2026-03-02 00:00:00+05:30,2592.0,2623.800048828125,2580.300048828125,2613.5,3374385,0.0,0.0
2026-03-04 00:00:00+05:30,2625.0,2635.0,2580.39990234375,2587.800048828125,3446434,0.0,0.0
2026-03-05 00:00:00+05:30,2600.0,2609.5,2546.39990234375,2578.800048828125,2960636,0.0,0.0
2026-03-06 00:00:00+05:30,2572.0,2619.199951171875,2553.60009765625,2557.60009765625,3998643,0.0,0.0
2026-03-09 00:00:00+05:30,2530.0,2560.0,2505.0,2527.39990234375,3653428,0.0,0.0
2026-03-10 00:00:00+05:30,2541.0,2545.199951171875,2490.10009765625,2513.10009765625,4323710,0.0,0.0
2026-03-11 00:00:00+05:30,2508.10009765625,2521.0,2460.10009765625,2464.89990234375,2720664,0.0,0.0
2026-03-12 00:00:00+05:30,2459.800048828125,2472.89990234375,2436.0,2442.39990234375,2752075,0.0,0.0
2026-03-13 00:00:00+05:30,2437.0,2445.89990234375,2397.0,2410.5,2466488,0.0,0.0
2026-03-16 00:00:00+05:30,2410.0,2425.0,2366.10009765625,2409.199951171875,3807907,0.0,0.0
2026-03-17 00:00:00+05:30,2420.0,2420.0,2360.0,2391.699951171875,2993367,0.0,0.0
2026-03-18 00:00:00+05:30,2410.0,2482.89990234375,2410.0,2440.800048828125,3082388,0.0,0.0
2026-03-19 00:00:00+05:30,2417.0,2424.0,2350.199951171875,2356.0,2757060,0.0,0.0
2026-03-20 00:00:00+05:30,2386.0,2407.800048828125,2364.199951171875,2390.60009765625,4206320,0.0,0.0
2026-03-23 00:00:00+05:30,2365.0,2406.800048828125,2348.0,2383.800048828125,3860515,0.0,0.0
2026-03-24 00:00:00+05:30,2404.10009765625,2435.39990234375,2379.10009765625,2398.800048828125,3420182,0.0,0.0
2026-03-25 00:00:00+05:30,2400.89990234375,2421.60009765625,2369.800048828125,2377.39990234375,5843778,0.0,0.0
2026-03-27 00:00:00+05:30,2403.89990234375,2422.10009765625,2385.0,2389.800048828125,4979411,0.0,0.0
2026-03-30 00:00:00+05:30,2375.10009765625,2398.0,2346.199951171875,2358.89990234375,6804756,0.0,0.0
2026-04-01 00:00:00+05:30,2429.0,2472.0,2397.89990234375,2408.199951171875,4132661,0.0,0.0
2026-04-02 00:00:00+05:30,2386.0,2469.89990234375,2375.699951171875,2450.699951171875,5378361,0.0,0.0
2026-04-06 00:00:00+05:30,2474.0,2482.0,2448.199951171875,2473.89990234375,2572417,0.0,0.0
2026-04-07 00:00:00+05:30,2461.0,2543.89990234375,2448.0,2538.800048828125,2174043,0.0,0.0
