Date,Open,High,Low,Close,Volume
2021-05-04 18:30:00,2238.3196201737965,2238.3196201737965,2178.2233154226637,2202.133056640625,1256857
2021-05-05 18:30:00,2207.053232871339,2222.272749025627,2185.94833123462,2197.857177734375,1377740
2021-05-06 18:30:00,2215.145819762062,2229.1237787526165,2204.432280754524,2217.352783203125,1169518
2021-05-09 18:30:00,2228.2038577812814,2250.22836194754,2221.7666200576045,2237.307861328125,988495
2021-05-10 18:30:00,2230.0432503215266,2230.9628557855767,2201.765382301985,2208.984375,1019077
2021-05-11 18:30:00,2196.937440581824,2196.937440581824,2138.128716407328,2141.715087890625,2053932
2021-05-13 18:30:00,2141.6691413282538,2190.868035168969,2139.002375205663,2185.764404296875,1388970
2021-05-16 18:30:00,2193.2589498536954,2202.455004150776,2176.2462494040965,2185.21240234375,811243
2021-05-17 18:30:00,2208.98439320572,2214.7319274034026,2176.6601261701207,2183.373291015625,1153722
2021-05-18 18:30:00,2170.2687197068017,2188.660827500927,2155.555033471501,2170.038818359375,1323590
2021-05-19 18:30:00,2170.268706235332,2172.107917003328,2151.8765985553714,2155.69287109375,856235
2021-05-20 18:30:00,2151.8766701502805,2175.924261936701,2151.8766701502805,2172.337890625,771492
2021-05-23 18:30:00,2165.670530689643,2170.222532125432,2138.3122723932447,2148.703857421875,1194864
2021-05-24 18:30:00,2165.670953687283,2179.281159997357,2150.0376601787125,2155.601318359375,1098457
2021-05-25 18:30:00,2166.360774556357,2179.6490298521244,2156.704916280716,2164.75146484375,811095
2021-05-26 18:30:00,2163.8319599023357,2163.8319599023357,2136.15174175326,2139.370361328125,3755182
2021-05-27 18:30:00,2145.761144011745,2161.072482647424,2132.886669647037,2135.047607421875,1215325
2021-05-30 18:30:00,2138.082259024533,2156.474364478508,2133.622083646742,2151.92236328125,1178704
2021-05-31 18:30:00,2158.3139799724563,2173.0276670962567,2143.2325404757803,2168.70556640625,1141451
2021-06-01 18:30:00,2166.590830857478,2182.821780171357,2161.073197162595,2169.165771484375,1113091
2021-06-02 18:30:00,2178.5450549346106,2180.4302907880874,2156.474526729279,2173.25732421875,868532
2021-06-03 18:30:00,2179.46489000303,2179.46489000303,2146.313069030966,2153.761962890625,1283795
2021-06-06 18:30:00,2164.7510643385103,2164.7510643385103,2143.600140600284,2151.23291015625,1128300
2021-06-07 18:30:00,2151.232939762552,2172.1079372714867,2147.416442675528,2169.34912109375,1106664
2021-06-08 18:30:00,2172.108209218153,2181.258239117285,2157.026768696885,2166.590576171875,1072858
2021-06-09 18:30:00,2173.947653451278,2207.0074300975493,2165.901104395568,2187.557861328125,1944339
2021-06-10 18:30:00,2189.5806171635654,2196.523683342776,2170.268902354479,2176.246337890625,1128097
2021-06-13 18:30:00,2184.4896778788257,2199.958387931969,2164.2974075720417,2190.232666015625,1761632
2021-06-14 18:30:00,2185.97197815304,2218.3910541002247,2185.97197815304,2215.56591796875,1215463
2021-06-15 18:30:00,2209.128594658817,2240.4825647487182,2207.87805405588,2230.33984375,2153668
2021-06-16 18:30:00,2221.169971944579,2247.0125179437964,2210.425272784576,2239.417236328125,1555777
2021-06-17 18:30:00,2241.5472256620924,2312.591259859503,2227.653337899724,2299.808837890625,3937751
2021-06-20 18:30:00,2291.5191737565333,2342.509793977499,2285.081716782321,2328.940185546875,2506277
2021-06-21 18:30:00,2332.4138459471405,2347.0949215050528,2298.6515104810155,2306.617431640625,1945883
2021-06-22 18:30:00,2311.01669585265,2328.615620590607,2276.93031218532,2297.5859375,1035668
2021-06-23 18:30:00,2306.3855656280107,2320.094247952419,2291.658133796476,2306.5244140625,759681
2021-06-24 18:30:00,2304.532862197859,2306.3390223888828,2264.703717071449,2268.08447265625,1112942
2021-06-27 18:30:00,2269.4281193910674,2283.2292932236933,2257.571954507064,2278.783203125,694906
2021-06-28 18:30:00,2273.966959156118,2313.332985943953,2264.704364617804,2308.748046875,1354397
2021-06-29 18:30:00,2308.747707768522,2320.27959104742,2281.376699700517,2289.064697265625,1447245
2021-06-30 18:30:00,2300.828308253253,2300.828308253253,2281.3768612028034,2295.270751953125,735043
2021-07-01 18:30:00,2295.270509043941,2308.886475310765,2271.1877676254007,2303.884765625,860231
2021-07-04 18:30:00,2314.7221964908736,2328.0602411416858,2301.80092333461,2314.7685546875,761700
2021-07-05 18:30:00,2306.385808344919,2313.749525035621,2286.9343617685163,2290.17626953125,461782
2021-07-06 18:30:00,2276.745666384452,2307.1270207484195,2265.4917048270363,2298.651611328125,623145
2021-07-07 18:30:00,2280.635771399949,2287.62907485812,2258.637111402832,2267.066162109375,1114426
2021-07-08 18:30:00,2260.072356333281,2282.7657058128566,2258.6366094040136,2270.677978515625,538094
2021-07-11 18:30:00,2272.113988899275,2278.5050874061126,2250.810025693126,2263.91650390625,543898
2021-07-12 18:30:00,2273.9669505906536,2274.476438515854,2250.810464332093,2257.016357421875,994396
2021-07-13 18:30:00,2259.887714541708,2261.323461829811,2231.3588799811064,2236.777587890625,1377829
2021-07-14 18:30:00,2246.178759386968,2246.178759386968,2223.9485366136537,2234.461669921875,693792
2021-07-15 18:30:00,2241.5475248114712,2250.810117889205,2228.5798945026445,2239.13916015625,545405
2021-07-18 18:30:00,2223.068972616286,2238.7690246031,2221.6332252836305,2231.03466796875,463873
2021-07-19 18:30:00,2225.801052204124,2278.597831220202,2225.801052204124,2255.3486328125,1061476
2021-07-21 18:30:00,2269.33526792488,2323.0583069206527,2200.328950594103,2202.783447265625,3546044
2021-07-22 18:30:00,2206.349418528928,2215.380445745828,2181.062497094106,2184.2119140625,1517589
2021-07-25 18:30:00,2183.424934058537,2185.9721473658497,2165.5944409073545,2175.50537109375,1311535
2021-07-26 18:30:00,2175.505401305754,2185.462689827162,2160.03691459768,2169.669921875,1656945
2021-07-27 18:30:00,2176.709532402551,2193.7989726528413,2170.318433166684,2187.268798828125,912373
2021-07-28 18:30:00,2187.26870522038,2196.531298578877,2158.1842525297143,2162.583984375,1012663
2021-07-29 18:30:00,2167.446859157554,2182.776496487222,2147.0691536441072,2161.240966796875,1708251
2021-08-01 18:30:00,2169.2991276221856,2179.858392442542,2153.182307393745,2160.777587890625,1229936
2021-08-02 18:30:00,2158.184349101901,2216.5386898716088,2154.57202798546,2210.84228515625,1733476
2021-08-03 18:30:00,2210.8423083201424,2218.1596670224376,2192.9654569234995,2201.811279296875,1588974
2021-08-04 18:30:00,2214.685785717695,2214.685785717695,2180.414194721646,2183.84130859375,921757
2021-08-05 18:30:00,2183.8413566060394,2205.1916772342547,2183.6561499862464,2196.623779296875,1432661
2021-08-08 18:30:00,2203.987384924425,2218.390760559734,2199.726728331945,2208.6650390625,921476
2021-08-09 18:30:00,2217.464869550617,2217.464869550617,2185.1385088998186,2206.16455078125,1061370
2021-08-10 18:30:00,2213.759986306187,2218.3912833486684,2188.009929522479,2214.1767578125,1300594
2021-08-11 18:30:00,2218.391235981406,2235.5270346727034,2202.135338481883,2215.890380859375,1226064
2021-08-12 18:30:00,2223.948766005959,2231.9608191685807,2211.907394095056,2227.190673828125,1033159
2021-08-15 18:30:00,2226.7274670489637,2257.1551770100336,2216.2143330203194,2247.4755859375,1146309
2021-08-16 18:30:00,2253.5892843715305,2304.02406714814,2251.783123637464,2300.643310546875,1921902
2021-08-17 18:30:00,2301.754189220495,2315.6480776866147,2273.040153057181,2302.726806640625,1545643
2021-08-19 18:30:00,2306.3855507592366,2436.061846785861,2293.4179211565743,2426.243408203125,5779927
2021-08-22 18:30:00,2431.4308231593777,2475.7524240479847,2403.179912642669,2439.906005859375,2163220
2021-08-23 18:30:00,2439.7668354108314,2461.997057145782,2417.5366136758807,2438.840576171875,1482854
2021-08-24 18:30:00,2437.9149257147924,2469.824519237611,2427.401790272356,2449.956298828125,1746570
2021-08-25 18:30:00,2436.988341607171,2498.8625112053965,2436.988341607171,2469.77783203125,2117291
2021-08-26 18:30:00,2472.186341945666,2491.6377893719896,2455.606389118247,2480.476318359375,1176229
2021-08-29 18:30:00,2493.120116027253,2506.226597262613,2474.594926358861,2489.507568359375,1168190
2021-08-30 18:30:00,2489.692375699503,2535.5885709690333,2478.34569884754,2523.22314453125,2535891
2021-08-31 18:30:00,2542.582342188527,2570.3701273490574,2514.7945570279967,2531.37451171875,1775792
2021-09-01 18:30:00,2545.3601968639514,2602.7882653521483,2528.826380239369,2594.498291015625,1946183
2021-09-02 18:30:00,2595.5635995352195,2601.6306427904124,2552.77046783458,2562.681396484375,1561823
2021-09-05 18:30:00,2584.2633873891527,2616.6824621413466,2570.6474212207354,2575.556640625,1444978
2021-09-06 18:30:00,2582.9669682789668,2601.584645923653,2565.738453551008,2572.87060546875,1219915
2021-09-07 18:30:00,2583.244750480066,2602.788914277167,2561.1999576677576,2594.35986328125,946711
2021-09-08 18:30:00,2576.853144716203,2615.431750694497,2576.853144716203,2603.390380859375,879454
2021-09-12 18:30:00,2591.2102686085645,2614.320391817803,2570.369435348978,2580.882568359375,1341412
2021-09-13 18:30:00,2595.3787778696387,2597.2312966261484,2548.185907775071,2558.837890625,1755061
2021-09-14 18:30:00,2569.443590183637,2579.6324436414666,2546.333463249978,2570.78662109375,1362350
2021-09-15 18:30:00,2549.065474577802,2591.025064136109,2549.065474577802,2564.1171875,1259196
2021-09-16 18:30:00,2565.830873509436,2577.7795275406947,2499.9737494905985,2521.50927734375,3095032
2021-09-19 18:30:00,2519.425315996169,2601.862394350456,2510.2090811155267,2593.850341796875,2671330
2021-09-20 18:30:00,2602.7888152523547,2648.4534471673865,2590.423162276478,2605.05810546875,2277437
2021-09-21 18:30:00,2619.368755246005,2630.483867572612,2569.443466167344,2579.169189453125,1580594
2021-09-22 18:30:00,2592.600078657101,2609.92108433023,2568.3784856334205,2577.131591796875,1054473
2021-09-23 18:30:00,2565.8310696983704,2575.000946643274,2529.98465258867,2544.110107421875,1635284
2021-09-26 18:30:00,2561.107100919508,2561.107100919508,2505.0684102845603,2509.69970703125,1465932
2021-09-27 18:30:00,2524.0565628055847,2551.3348536421627,2510.069957085121,2522.991455078125,1078052
2021-09-28 18:30:00,2514.747924713182,2542.072577142601,2479.5964255442022,2487.284423828125,1503894
2021-09-29 18:30:00,2487.284104601621,2505.8092903117777,2484.181045540162,2502.5673828125,1620199
2021-09-30 18:30:00,2506.457527495332,2512.01508298867,2482.467503404096,2504.6513671875,956111
2021-10-03 18:30:00,2500.900344688905,2523.1305699750287,2482.097233906883,2488.117919921875,1025005
2021-10-04 18:30:00,2488.117633757735,2514.7475880689644,2487.9324271291607,2508.912109375,562784
2021-10-05 18:30:00,2495.3890788004,2532.3930950755503,2478.670052092967,2487.97900390625,862471
2021-10-06 18:30:00,2499.0475019713986,2504.8366223892344,2469.4072054320786,2472.556396484375,1082816
2021-10-07 18:30:00,2473.575399368113,2481.0318317758874,2431.801015518048,2445.370849609375,1579941
2021-10-10 18:30:00,2447.362296310919,2468.9441833966657,2441.156404180046,2450.048583984375,1086252
2021-10-11 18:30:00,2431.4307631886486,2489.8314596996006,2431.4307631886486,2478.808837890625,1174337
2021-10-12 18:30:00,2489.877818400769,2494.972244762773,2447.733018496922,2451.576904296875,1660007
2021-10-13 18:30:00,2451.5770827326687,2479.36486491156,2426.7996436231574,2454.170654296875,2158809
2021-10-17 18:30:00,2475.705956779055,2481.3560029509467,2448.1497419973066,2458.292236328125,1758177
2021-10-18 18:30:00,2473.019702660064,2530.540497692944,2334.6366487683254,2358.997314453125,5431133
2021-10-19 18:30:00,2379.5604311232155,2393.4543223131136,2287.860749269888,2295.872802734375,4864654
2021-10-20 18:30:00,2318.797439799162,2320.279545133299,2248.957579075309,2265.398681640625,3254632
2021-10-21 18:30:00,2277.6721260478266,2314.027811670998,2250.810600364465,2273.133544921875,1845622
2021-10-24 18:30:00,2273.132952536361,2281.88605736251,2232.284828497642,2274.75390625,1560381
2021-10-25 18:30:00,2300.894986853421,2300.894986853421,2252.57343768493,2271.026123046875,1595060
2021-10-26 18:30:00,2287.94126536677,2288.127610188437,2228.436062423621,2233.515380859375,3083879
2021-10-27 18:30:00,2236.6833857682554,2251.594608340044,2206.8609406246787,2227.03759765625,2015791
2021-10-28 18:30:00,2236.684008780758,2238.5479121214094,2211.5213136819752,2230.300048828125,2453400
2021-10-31 18:30:00,2230.1596872939167,2246.8415262464987,2207.0938902774,2243.30029296875,1941114
2021-11-01 18:30:00,2250.662843488988,2262.778212832821,2238.5474741451544,2254.29736328125,1350154
2021-11-02 18:30:00,2268.370086332844,2268.370086332844,2223.8227564696685,2247.261474609375,1591607
2021-11-03 18:30:00,2263.710170421304,2264.642121911803,2255.322607006816,2257.978759765625,245719
2021-11-07 18:30:00,2282.3495498773123,2282.3495498773123,2236.777206021329,2266.4130859375,2555533
2021-11-08 18:30:00,2273.775384424244,2279.7397831949247,2252.014225225897,2265.7138671875,1696949
2021-11-09 18:30:00,2246.981895032872,2255.3228161408374,2232.9559782948127,2236.823486328125,1794509
2021-11-10 18:30:00,2239.200136166741,2243.1609305947204,2205.1839016676213,2214.50341796875,1282647
2021-11-11 18:30:00,2225.5003414486823,2249.3583925689104,2214.5032674553395,2241.296875,1651974
2021-11-14 18:30:00,2240.5048033000144,2264.642257336452,2240.5048033000144,2259.74951171875,1007999
2021-11-15 18:30:00,2268.975746877453,2268.975746877453,2236.7770028938417,2242.881103515625,1245209
2021-11-16 18:30:00,2240.411704537913,2246.0500573696754,2224.7548717461746,2228.43603515625,956809
2021-11-17 18:30:00,2227.3642579494262,2242.6017571684697,2208.7252265021507,2236.12451171875,1236943
2021-11-21 18:30:00,2245.443992921841,2245.9099687008597,2215.3885551751696,2226.012939453125,1629290
2021-11-22 18:30:00,2225.313921497465,2236.6836847226928,2177.5047622310717,2231.2783203125,1932539
2021-11-23 18:30:00,2242.274845542952,2242.274845542952,2205.928744555348,2213.1513671875,999070
2021-11-24 18:30:00,2224.568196980391,2224.568196980391,2181.698428626349,2189.20068359375,1363272
2021-11-25 18:30:00,2184.4942281775343,2204.065208890729,2166.97349517647,2176.199951171875,2450902
2021-11-28 18:30:00,2175.5476973960804,2182.8636083774177,2129.229748948553,2170.887939453125,1724612
2021-11-29 18:30:00,2163.9916215485923,2200.3377340552224,2145.3525894939103,2159.844482421875,3931035
2021-11-30 18:30:00,2180.766565193462,2196.3767532135435,2165.156377173381,2185.28662109375,1263139
2021-12-01 18:30:00,2196.6097465508337,2225.5002438537936,2185.4263282400107,2221.1201171875,1673117
2021-12-02 18:30:00,2221.120229273713,2227.270973138719,2178.809491346268,2184.168212890625,1890178
2021-12-05 18:30:00,2184.494572065359,2203.086961164305,2144.420652867914,2149.54638671875,1079171
2021-12-06 18:30:00,2169.49000946365,2182.304343791381,2154.672070233753,2163.618896484375,895313
2021-12-07 18:30:00,2160.4964774011905,2184.9135602071515,2160.4964774011905,2181.32568359375,839769
2021-12-08 18:30:00,2181.698386600632,2188.781308768358,2163.5719760533693,2180.533447265625,716666
2021-12-09 18:30:00,2187.290552873639,2187.290552873639,2162.1278579747946,2174.056884765625,724539
2021-12-12 18:30:00,2191.9498774079,2191.9498774079,2144.4203520049227,2147.54248046875,1804894
2021-12-13 18:30:00,2148.148697886856,2166.741089050748,2147.216746174107,2160.543701171875,1219031
2021-12-14 18:30:00,2158.399824711456,2166.601043989555,2143.9545754528085,2163.012939453125,755122
2021-12-15 18:30:00,2163.0128404418224,2167.066920575215,2147.169664560781,2152.342041015625,926493
2021-12-16 18:30:00,2146.2843358980917,2151.8294018987663,2074.5240693483074,2078.48486328125,2439222
2021-12-19 18:30:00,2074.524441928189,2119.584396715928,2051.365351644185,2114.691650390625,2175705
2021-12-20 18:30:00,2134.1691581824084,2146.004897964696,2099.45396117704,2118.186279296875,1591415
2021-12-21 18:30:00,2143.488632638794,2159.7044991096,2114.5981336771406,2122.659423828125,1661605
2021-12-22 18:30:00,2142.5099661548115,2148.148318526673,2119.817082473267,2144.09423828125,1423081
2021-12-23 18:30:00,2152.8082544500303,2155.604109325939,2127.9251915598893,2140.646240234375,895503
2021-12-26 18:30:00,2140.645830316997,2151.0372254656045,2123.2183837665043,2144.79296875,584302
2021-12-27 18:30:00,2152.8079035964406,2160.6362049622685,2141.3914980470654,2151.96923828125,783710
2021-12-28 18:30:00,2157.3745866697304,2163.851832067857,2142.603290881767,2149.87255859375,1410236
2021-12-29 18:30:00,2150.944240912281,2171.4471756176845,2140.366499496552,2167.3466796875,963711
2021-12-30 18:30:00,2180.766677004055,2209.051498206008,2171.4471612903626,2199.54541015625,1123597
2022-01-02 18:30:00,2216.181224239122,2216.181224239122,2192.882430880847,2200.61767578125,879278
2022-01-03 18:30:00,2207.746552600195,2244.23259186494,2195.07214818733,2237.8486328125,1484275
2022-01-04 18:30:00,2240.2250294242795,2255.3225980046523,2229.227956374846,2251.408447265625,1202512
2022-01-05 18:30:00,2234.8196720139936,2247.8669928681206,2206.5814963742614,2228.668701171875,1198901
2022-01-06 18:30:00,2225.500274338027,2257.093340487964,2225.500274338027,2251.734619140625,1026186
2022-01-09 18:30:00,2259.9826361507035,2259.9826361507035,2238.547749292367,2243.254150390625,919447
2022-01-10 18:30:00,2252.6667962505976,2253.738677143737,2229.228303716983,2240.08544921875,1321335
2022-01-11 18:30:00,2243.3936546615478,2251.5948735474635,2235.285721938573,2248.938720703125,1487554
2022-01-12 18:30:00,2253.458697487188,2257.0932172786997,2239.7124130422185,2249.917236328125,1586299
2022-01-13 18:30:00,2255.322675786263,2256.254627305183,2200.151191371648,2202.853759765625,1596037
2022-01-16 18:30:00,2203.1334171196463,2231.278307822751,2185.426338048041,2226.94482421875,912205
2022-01-17 18:30:00,2244.791982095059,2244.791982095059,2196.9828150651706,2208.259521484375,1667579
2022-01-18 18:30:00,2203.1335147732616,2207.4205830125657,2148.195015145087,2152.71484375,2145255
2022-01-19 18:30:00,2166.7874794656022,2167.3000983532907,2090.367447931761,2107.88818359375,2829711
2022-01-20 18:30:00,2110.684025894407,2175.501305078791,2096.891096730464,2167.16015625,4596050
2022-01-23 18:30:00,2179.741508664749,2185.3798613564986,2112.454648575012,2129.13671875,2231103
2022-01-24 18:30:00,2128.1111568672623,2174.8950746089126,2088.409933698486,2168.884033203125,1843543
2022-01-26 18:30:00,2152.808028161554,2167.3465629989905,2120.1897247045604,2139.155029296875,2620474
2022-01-27 18:30:00,2138.4558235605014,2160.915716310477,2123.031982023641,2128.15771484375,1967721
2022-01-30 18:30:00,2134.1691154995874,2154.532348507718,2116.462035501993,2119.02490234375,1639875
2022-01-31 18:30:00,2146.563956719639,2162.1275014183693,2123.3582276234265,2148.75390625,1270508
2022-02-01 18:30:00,2165.948512513049,2174.242789623745,2140.2732038896747,2169.48974609375,1246111
2022-02-02 18:30:00,2170.5152011712885,2173.2644127905533,2134.1690900310223,2141.764404296875,1448039
2022-02-03 18:30:00,2149.0803864674167,2155.371059758247,2127.6454996986613,2149.6396484375,1014561
2022-02-06 18:30:00,2139.061761243759,2159.0520761690627,2084.775584316431,2103.973876953125,1207402
2022-02-07 18:30:00,2113.665936155022,2113.665936155022,2093.675622608205,2110.264404296875,1190660
2022-02-08 18:30:00,2113.246849392447,2125.17587511432,2102.1100735239675,2122.659423828125,1049611
2022-02-09 18:30:00,2124.8493559837048,2129.509113343318,2102.342818947658,2127.784912109375,1195100
2022-02-10 18:30:00,2123.917416568347,2123.917416568347,2095.9588722519584,2104.346435546875,2100036
2022-02-13 18:30:00,2068.932646855477,2084.0768610498017,2056.817275500017,2076.90087890625,1661501
2022-02-14 18:30:00,2094.9807943442297,2147.356434774651,2071.3093119962195,2134.2626953125,1533070
2022-02-15 18:30:00,2134.262098640158,2146.983144873997,2120.189540787127,2130.906982421875,995668
2022-02-16 18:30:00,2126.7134940976384,2155.603992921927,2121.121784647776,2150.52490234375,869374
2022-02-17 18:30:00,2137.8970659946654,2169.3970769886173,2137.8970659946654,2155.184814453125,890713
2022-02-20 18:30:00,2141.624777740861,2147.2631304287875,2129.276419035436,2138.642578125,737919
2022-02-21 18:30:00,2124.849802343909,2124.849802343909,2096.984538490743,2115.483642578125,902667
2022-02-22 18:30:00,2115.5298329185475,2119.210995712677,2098.9876943571803,2106.5830078125,1324411
2022-02-23 18:30:00,2050.2933083158705,2089.435271474628,2013.2948791212511,2023.639404296875,2997629
2022-02-24 18:30:00,2045.633157023916,2046.5651083483003,2015.0184650070144,2022.9866943359373,2193728
2022-02-27 18:30:00,2016.7429722324196,2031.5609095295265,1975.7371077323144,2024.2918701171875,2334036
2022-03-01 18:30:00,1984.078217385975,2008.169256092091,1978.5797942227175,2002.857177734375,2034688
2022-03-02 18:30:00,2011.058161117368,2020.424319711415,1944.6101975454087,1948.710693359375,2372998
2022-03-03 18:30:00,1933.7993579325207,1936.5485693455837,1840.8371960270904,1882.0760498046875,6320118
2022-03-06 18:30:00,1844.7981606469089,1845.403951929272,1795.8707024837552,1811.667236328125,2976453
2022-03-07 18:30:00,1793.5873657132247,1824.7610989409632,1772.152480485624,1816.37353515625,3211938
2022-03-08 18:30:00,1830.3528642775984,1870.4734244506371,1818.2374939947017,1861.946044921875,2879079
2022-03-09 18:30:00,1912.271187303623,1970.1454663272464,1909.5686189709215,1958.9154052734373,4879791
2022-03-10 18:30:00,1957.09816985446,1966.604029745451,1929.1396245708247,1951.879150390625,2481643
2022-03-13 18:30:00,1952.438471063,1952.438471063,1906.8660181265152,1919.1678466796875,1730325
2022-03-14 18:30:00,1905.840855872102,1939.2047657492933,1887.2018254968248,1899.5035400390625,2391023
2022-03-15 18:30:00,1919.820190241538,1938.4592212147568,1893.7721899619116,1931.143310546875,2808685
2022-03-16 18:30:00,1955.3275041272916,1972.661665253573,1940.6492682202409,1959.0086669921875,2995889
2022-03-20 18:30:00,1963.155860618933,1967.2563562620776,1906.772794125961,1911.618896484375,1674982
2022-03-21 18:30:00,1913.9954154438203,1913.9954154438203,1835.0125248978125,1857.8453369140625,5356303
2022-03-22 18:30:00,1875.086452469176,1879.3268773775708,1840.8372342145824,1843.9127197265625,3212162
2022-03-23 18:30:00,1835.94463600054,1855.84177973442,1818.5637160592823,1832.1236572265625,3054664
2022-03-24 18:30:00,1840.5109559586965,1842.468031266501,1812.645584629916,1820.1011962890625,2233647
2022-03-27 18:30:00,1826.5784208300988,1846.0097019341572,1799.878099554704,1840.697509765625,1794533
2022-03-28 18:30:00,1845.2639250950704,1859.103381780562,1839.7188593104556,1851.834228515625,1249125
2022-03-29 18:30:00,1863.9031387008545,1881.6102185185125,1859.2900239380176,1878.72119140625,1476829
2022-03-30 18:30:00,1881.9829628559492,1914.2284633911197,1880.6782079470688,1909.242431640625,2540524
2022-03-31 18:30:00,1915.0672329356437,1943.9113166928732,1899.690145450972,1936.735107421875,1714996
2022-04-03 18:30:00,1936.595511927958,1987.340233325528,1929.3262436154623,1983.6124267578125,1693019
2022-04-04 18:30:00,1998.5701904566092,2011.151536957502,1982.261037585082,1994.1900634765625,1277652
2022-04-05 18:30:00,1989.7161962890352,2017.1154758500077,1976.948507888544,1996.2864990234373,1736115
2022-04-06 18:30:00,1994.3294410662045,2026.994384585308,1989.809613092764,2017.488525390625,1824732
2022-04-07 18:30:00,2029.5107944923936,2044.2356741218996,2016.277128316722,2034.496826171875,1693462
2022-04-10 18:30:00,2039.1100565664008,2044.7950522139768,1993.3511429881328,2015.85791015625,1380107
2022-04-11 18:30:00,1995.215098961365,2017.675223639568,1980.3971594614693,1987.15380859375,1370233
2022-04-12 18:30:00,1992.2328083268965,2017.6751314716864,1985.709147393732,2005.699462890625,1071601
2022-04-17 18:30:00,2001.8319605222357,2034.3569791120044,1989.7632332675512,2029.4642333984373,1828131
2022-04-18 18:30:00,2036.9664425102824,2056.6773541657226,1958.076835387611,1969.26025390625,1775996
2022-04-19 18:30:00,1970.518341874534,2021.0767154008463,1950.2950379694576,2017.6285400390625,1511804
2022-04-20 18:30:00,2036.314328437488,2053.788421644904,2020.4711505960977,2048.383056640625,2244813
2022-04-21 18:30:00,2033.518335139848,2040.0419961600037,1975.737337532758,1982.21435546875,3520828
2022-04-24 18:30:00,1957.098155513656,2014.87914867644,1907.7047258745015,1957.797119140625,2437310
2022-04-25 18:30:00,1996.4264428562417,2011.1046788714116,1976.6691167095207,2002.1580810546875,1447088
2022-04-26 18:30:00,2001.645496029156,2005.932336453137,1960.3599986854576,1999.1292724609373,2214481
2022-04-27 18:30:00,2078.251937519344,2096.8909683491133,2017.6750873225917,2089.295654296875,5865359
2022-04-28 18:30:00,2091.6716825827143,2134.168758478584,2071.3086805083126,2082.771728515625,2678692
2022-05-01 18:30:00,2068.932525901564,2098.75497672537,2055.791917496427,2078.718017578125,1543544
2022-05-03 18:30:00,2089.388464513875,2097.682968763275,2002.4373505257283,2023.7791748046875,1608395
2022-05-04 18:30:00,2029.790416111793,2052.110609571397,2007.050889972488,2019.166259765625,1101451
2022-05-05 18:30:00,1980.3968929549208,2022.3347095116133,1962.8761596435704,2002.9500732421875,1585602
2022-05-08 18:30:00,1977.1352905800115,1993.817132965948,1966.5575490633007,1972.615234375,1341414
2022-05-09 18:30:00,1988.784518567968,2048.3361289331297,1974.8052459444816,2032.0269775390625,2162232
2022-05-10 18:30:00,2036.3141804345355,2040.6943073080545,1972.009522105024,2016.2772216796875,1858636
2022-05-11 18:30:00,2017.535440461984,2017.535440461984,1965.6721992515731,1993.258056640625,1531515
2022-05-12 18:30:00,2022.3350406819425,2067.0687190011745,2007.563516309378,2044.795166015625,2057239
2022-05-15 18:30:00,2050.2932220021985,2070.7495111435505,2024.4782119397048,2066.369384765625,1396818
2022-05-16 18:30:00,2085.6144976148626,2122.053897985106,2070.144236807303,2092.2314453125,2055096
2022-05-17 18:30:00,2083.936657266712,2145.352164715765,2083.936657266712,2135.473388671875,2137455
2022-05-18 18:30:00,2092.7907334676647,2128.391241285088,2092.6508042026585,2110.451171875,1734602
2022-05-19 18:30:00,2134.168755184557,2188.22193763028,2127.3654643023274,2167.67236328125,2599505
2022-05-22 18:30:00,2151.87594470099,2225.5001108471047,2149.406364315836,2217.858154296875,2363306
2022-05-23 18:30:00,2218.04456844299,2218.04456844299,2145.39899457443,2152.481689453125,3078655
2022-05-24 18:30:00,2171.400339679584,2171.400339679584,2130.9070927382845,2142.27685546875,1884260
2022-05-25 18:30:00,2134.308515926021,2139.760522903361,2104.346367907574,2125.03564453125,2299127
2022-05-26 18:30:00,2140.692684937092,2176.013557251892,2125.31548454464,2172.00634765625,1011303
2022-05-29 18:30:00,2182.8169927136105,2204.0655347058646,2172.3791802957167,2189.107666015625,939562
2022-05-30 18:30:00,2199.4056632117813,2206.767989463334,2147.1230901219974,2193.114990234375,3123979
2022-05-31 18:30:00,2208.7251892064764,2249.544712892195,2145.3524833558267,2151.363525390625,2197599
2022-06-01 18:30:00,2138.8288585795585,2149.965634363882,2103.5544005546167,2129.322998046875,1460335
2022-06-02 18:30:00,2128.5773587434023,2166.740729542921,2111.009980861968,2135.986328125,1845303
2022-06-05 18:30:00,2117.580673112652,2145.3062370501966,2094.654797095788,2125.31591796875,2131405
2022-06-06 18:30:00,2096.8913468291416,2106.071162180614,2056.864066402902,2061.1044921875,2034730
2022-06-07 18:30:00,2064.272428061553,2067.9535907235354,2037.2458364526208,2047.5439453125,1506843
2022-06-08 18:30:00,2047.497337692916,2058.0750776718537,2023.033612106007,2048.149658203125,1497867
2022-06-09 18:30:00,2015.8112729294544,2058.5413439975937,2015.6249281184048,2050.2001953125,1641981
2022-06-12 18:30:00,2020.4708672621289,2066.1364911070755,2009.287449177652,2047.4041748046875,1519441
2022-06-13 18:30:00,2041.7664216346643,2063.294368847182,2013.015621401428,2023.26708984375,1592475
2022-06-14 18:30:00,2029.565791278845,2029.7537813041115,2003.522860538048,2018.1427001953125,1432377
2022-06-15 18:30:00,2016.6856757902956,2034.549092032727,2007.330932665292,2018.283935546875,1353485
2022-06-16 18:30:00,2030.7884720321345,2031.1644521569613,1974.377681142353,1984.2025146484373,3252189
2022-06-19 18:30:00,1984.7195967137795,2071.122030213412,1982.039992416808,2064.540771484375,2022000
2022-06-20 18:30:00,2063.6946376532383,2098.481289859694,2042.2114376518464,2073.096435546875,1606187
2022-06-21 18:30:00,2058.2416031283337,2091.8059765846137,2055.280128528342,2071.0751953125,1741378
2022-06-22 18:30:00,2075.917009965697,2122.314975168631,2060.9682428768456,2117.84912109375,1585753
2022-06-23 18:30:00,2129.507176922961,2180.0888944056537,2124.853332973325,2166.080078125,1930048
2022-06-26 18:30:00,2177.315202027773,2192.3580768959264,2160.5799578297406,2181.827880859375,1450391
2022-06-27 18:30:00,2181.8278632337438,2184.9775569482404,2141.588356915346,2179.00732421875,1404108
2022-06-28 18:30:00,2158.8410145799057,2162.3196342609617,2091.9002524100065,2099.8447265625,1682914
2022-06-29 18:30:00,2091.8055873498342,2114.4640084679777,2080.993521499509,2097.164794921875,2387212
2022-06-30 18:30:00,2092.83987730232,2155.831913142057,2071.7799451941987,2145.819091796875,1235612
2022-07-03 18:30:00,2139.84920101813,2236.029639396416,2139.84920101813,2233.114990234375,2410245
2022-07-04 18:30:00,2241.8589826365846,2267.713930014444,2229.730753681051,2257.842041015625,2463079
2022-07-05 18:30:00,2256.431469907596,2359.005175624909,2256.431469907596,2348.945068359375,4770394
2022-07-06 18:30:00,2355.1503864617976,2379.5950611316607,2318.013284559506,2325.017578125,3333262
2022-07-07 18:30:00,2328.308473518328,2354.0224856648147,2306.073310639798,2347.48828125,1346970
2022-07-10 18:30:00,2338.227077435098,2373.953908533825,2331.6458190748067,2341.61181640625,1587197
2022-07-11 18:30:00,2326.9448625220853,2341.6117583184705,2298.222325483538,2303.017333984375,1116476
2022-07-12 18:30:00,2316.6031584676207,2368.6422051607865,2314.158599034669,2348.334228515625,2528792
2022-07-13 18:30:00,2353.034947525601,2371.979478303374,2320.5516901761675,2348.381103515625,1663307
2022-07-14 18:30:00,2378.6548844854124,2419.928685725884,2352.3769050877404,2414.851806640625,2996964
2022-07-17 18:30:00,2426.6039669051056,2449.168281204107,2381.522393202441,2400.7490234375,1566888
2022-07-18 18:30:00,2397.411237650061,2420.962785607553,2371.838395103478,2414.33447265625,1473121
2022-07-19 18:30:00,2420.963179994211,2461.3909146504247,2383.9201847050517,2448.698486328125,4012897
2022-07-20 18:30:00,2460.4504423407425,2472.57866948168,2436.6638484047844,2451.4716796875,1990695
2022-07-21 18:30:00,2460.4503385664325,2485.0830014366134,2454.8563151138937,2482.638671875,1905780
2022-07-24 18:30:00,2487.245853257308,2495.237382175353,2455.7498275214853,2466.656005859375,1253821
2022-07-25 18:30:00,2467.9718443212746,2467.9718443212746,2386.270315841791,2394.73193359375,1685576
2022-07-26 18:30:00,2383.685310959491,2435.5361430158496,2373.954356732299,2427.49755859375,1404133
2022-07-27 18:30:00,2467.972023671418,2467.972023671418,2430.364830929758,2463.365234375,1442054
2022-07-28 18:30:00,2482.074441880292,2486.7753404444597,2440.70653451562,2479.6298828125,1463059
2022-07-31 18:30:00,2479.7239833939184,2480.19407324859,2425.6636501066573,2437.885986328125,1559918
2022-08-01 18:30:00,2444.467547848876,2481.2286708636548,2443.52736802278,2477.60888671875,1359934
2022-08-02 18:30:00,2458.805123759822,2504.638887179492,2442.492913066802,2469.2412109375,1767904
2022-08-03 18:30:00,2476.4334947993248,2485.3181476490777,2458.5700793091246,2470.745361328125,1189384
2022-08-04 18:30:00,2480.1941289964025,2498.6685688858342,2470.3692967201387,2487.1513671875,1176666
2022-08-07 18:30:00,2487.1515903501963,2498.997947831553,2468.959248654791,2491.8056640625,1024511
2022-08-09 18:30:00,2491.80543410414,2516.579032217139,2473.8008545899643,2484.70703125,1098949
2022-08-10 18:30:00,2497.164606784281,2508.164664550663,2450.672761524024,2457.347900390625,810674
2022-08-11 18:30:00,2467.877574062104,2469.00597331785,2430.458606065407,2439.71923828125,1473527
2022-08-15 18:30:00,2451.9418031702107,2489.92520387724,2435.5827668671755,2486.305419921875,1584117
2022-08-16 18:30:00,2492.41699227542,2532.844729230472,2486.305822735703,2524.053955078125,1711381
2022-08-17 18:30:00,2524.3823707906213,2552.587760408394,2505.249623018813,2521.60888671875,1465489
2022-08-18 18:30:00,2528.1434266721417,2537.4981695694582,2469.382190462766,2476.95068359375,1324508
2022-08-21 18:30:00,2489.596188777673,2507.2716154813493,2463.3652633463025,2469.5703125,1410895
2022-08-22 18:30:00,2446.3950859188817,2472.3909676085327,2430.600018135757,2437.6513671875,1305045
2022-08-23 18:30:00,2421.902721433401,2453.8688287815125,2408.0821268106906,2433.419921875,1242489
2022-08-24 18:30:00,2445.5960402933297,2471.16888902883,2411.9846070772487,2420.211181640625,1106593
2022-08-25 18:30:00,2444.37344282205,2458.28815018264,2408.7407191579205,2417.719482421875,1048791
2022-08-28 18:30:00,2397.458404013392,2451.89472066656,2397.458404013392,2421.715087890625,1450034
2022-08-29 18:30:00,2433.843137339098,2507.4592535704824,2430.92871799809,2500.737060546875,2227943
2022-08-31 18:30:00,2491.476306929921,2496.177205622242,2438.8262415759305,2450.1083984375,1702269
2022-09-01 18:30:00,2458.570253159453,2466.091691792445,2430.364858285731,2447.852294921875,937600
2022-09-04 18:30:00,2441.64675530306,2465.5272285963338,2431.398888075206,2445.031494140625,1274074
2022-09-05 18:30:00,2436.1941204879245,2463.271347620903,2409.681093111593,2419.177001953125,1250776
2022-09-06 18:30:00,2417.9540620041544,2441.5524334216634,2407.612085887401,2411.184814453125,1344964
2022-09-07 18:30:00,2425.6639793497657,2440.706856741082,2409.680922121492,2422.984375,1004533
2022-09-08 18:30:00,2442.587224278445,2488.656036437661,2428.907561699459,2433.843505859375,1785443
2022-09-11 18:30:00,2436.005792332107,2449.1683091567497,2420.022736187898,2426.039794921875,1595709
2022-09-12 18:30:00,2442.5870984341814,2452.9290761411776,2424.723682394824,2431.869140625,1342130
2022-09-13 18:30:00,2397.458370100643,2450.1084362675592,2394.355731008593,2417.578125,1610054
2022-09-14 18:30:00,2425.6634524598,2443.338875462452,2398.398243110445,2407.23583984375,1199906
2022-09-15 18:30:00,2402.1594474019203,2410.4801306486484,2367.9838190266,2376.91552734375,2516820
2022-09-18 18:30:00,2379.5948254776704,2433.185068485267,2358.0177472265605,2424.95849609375,1166725
2022-09-19 18:30:00,2443.1512161388982,2464.6812408283668,2425.287800698982,2429.00146484375,1253333
2022-09-20 18:30:00,2427.5444313401517,2488.421078098197,2425.6640715947287,2466.656005859375,1960049
2022-09-21 18:30:00,2466.1859951696624,2539.6609627685884,2463.318400558528,2531.66943359375,2620240
2022-09-22 18:30:00,2536.510596511844,2560.814332380244,2514.040394597438,2521.60888671875,1789791
2022-09-25 18:30:00,2508.869646729059,2565.7505212379992,2484.94211815276,2501.395263671875,2678551
2022-09-26 18:30:00,2515.9209783521505,2551.4127634540914,2494.6728244634487,2518.9765625,1898501
2022-09-27 18:30:00,2510.233042270544,2546.712064870694,2493.4039154560223,2540.4599609375,1526197
2022-09-28 18:30:00,2548.9213835651585,2563.870149608736,2530.117788775216,2539.00244140625,2019666
2022-09-29 18:30:00,2545.066892694469,2552.494221808099,2508.3057681854025,2535.14794921875,1340054
2022-10-02 18:30:00,2560.1096540976523,2570.451632134771,2460.9677378217643,2465.62158203125,1683197
2022-10-03 18:30:00,2491.4763583162144,2516.3911218993767,2476.5744173397807,2508.3525390625,1327939
2022-10-05 18:30:00,2520.904026314696,2531.246003633341,2449.215319901363,2457.6298828125,1752351
2022-10-06 18:30:00,2455.655695310182,2456.6899849751667,2420.963150138176,2444.185546875,1025923
2022-10-09 18:30:00,2416.262172128129,2454.5274454448854,2389.937136789768,2449.732666015625,1043728
2022-10-10 18:30:00,2453.8693445355434,2454.3864893467826,2392.757655878528,2398.069580078125,1129783
2022-10-11 18:30:00,2410.1038073945497,2448.7923430031724,2401.4071444430424,2436.3349609375,882873
2022-10-12 18:30:00,2428.4842727921514,2451.1895217396013,2409.586568169701,2412.877197265625,753331
2022-10-13 18:30:00,2435.0655946645825,2467.877776693316,2416.449989385028,2421.715087890625,1001536
2022-10-16 18:30:00,2419.647004925335,2453.8224054736397,2414.3819058395934,2435.5830078125,778918
2022-10-17 18:30:00,2463.271200103276,2483.9551567453645,2441.64706361382,2446.5830078125,1123374
2022-10-18 18:30:00,2458.852227841982,2460.9205774535426,2424.1594561917627,2428.484375,1241979
2022-10-19 18:30:00,2414.522347970824,2453.8689593051386,2414.522347970824,2445.313232421875,1428125
2022-10-20 18:30:00,2450.1083063011447,2507.224223264995,2450.1083063011447,2495.142822265625,2458302
2022-10-23 18:30:00,2453.9636583889924,2482.0749456943445,2397.4587543638554,2419.177001953125,719908
2022-10-24 18:30:00,2431.304698503759,2431.304698503759,2350.4492444931934,2355.526123046875,2923789
2022-10-26 18:30:00,2344.808734283508,2378.6552116027565,2339.1676547303,2368.313232421875,1846329
2022-10-27 18:30:00,2374.987959362486,2398.304231580678,2361.731334183421,2373.24853515625,1164951
2022-10-30 18:30:00,2392.7572327869943,2418.1420835866998,2389.983748699422,2398.1162109375,1324443
2022-10-31 18:30:00,2431.5275937357715,2438.0111287575533,2411.2728436181856,2415.248046875,1280132
2022-11-01 18:30:00,2426.79522677603,2426.79522677603,2367.5449856731047,2383.540771484375,1338284
2022-11-02 18:30:00,2381.0796063109324,2412.59770015868,2374.0756881563893,2410.089599609375,730444
2022-11-03 18:30:00,2408.764421563361,2409.758280109352,2380.6537761370964,2385.48095703125,889055
2022-11-06 18:30:00,2395.655421213009,2415.4369242831526,2382.309850478329,2397.264404296875,1283685
2022-11-08 18:30:00,2375.6848116177,2408.7171494364197,2359.2631528599154,2374.549072265625,1436444
2022-11-09 18:30:00,2370.0056648859245,2402.1862529874106,2367.2135718394065,2379.092041015625,1459152
2022-11-10 18:30:00,2408.811812405041,2410.515536915884,2361.487415304746,2369.106689453125,1162847
2022-11-13 18:30:00,2372.6562336621487,2379.2342792383424,2323.7699883938017,2326.2783203125,2137131
2022-11-14 18:30:00,2326.277889055226,2336.8785067832846,2313.3581912286645,2325.993896484375,1558333
2022-11-15 18:30:00,2331.7205465485586,2350.1296918380563,2298.167593337429,2345.25537109375,1330395
2022-11-16 18:30:00,2347.2427399056714,2364.3268935785063,2322.9180458627097,2328.3603515625,960476
2022-11-17 18:30:00,2337.8253967395817,2355.382795630736,2317.80726765546,2350.792236328125,1075675
2022-11-20 18:30:00,2350.792130977733,2377.577786813517,2337.872662584153,2367.544921875,1354881
2022-11-21 18:30:00,2371.8039621071234,2388.935485714857,2363.3803121354986,2381.07958984375,921265
2022-11-22 18:30:00,2386.095980995717,2389.8819325720688,2368.112711008046,2373.176513671875,734152
2022-11-23 18:30:00,2382.310249912894,2423.00923312555,2376.7732027895427,2412.73974609375,999929
2022-11-24 18:30:00,2418.276681007505,2418.6551837521515,2383.445878682264,2401.665771484375,783480
2022-11-27 18:30:00,2391.774769247369,2406.4453307524477,2386.853078699601,2390.071044921875,830905
2022-11-28 18:30:00,2391.9638457360047,2498.680341785981,2391.9638457360047,2493.238037109375,2542932
2022-11-29 18:30:00,2493.049076779488,2553.624301120372,2482.637710095899,2540.704833984375,3698270
2022-11-30 18:30:00,2536.5876442669933,2539.427108047889,2505.211661918556,2520.35546875,1675569
2022-12-01 18:30:00,2517.658107912561,2517.658107912561,2467.6361241275126,2475.160888671875,2101890
2022-12-04 18:30:00,2460.8683740217275,2484.5305699257824,2446.812937224266,2479.65625,1640511
2022-12-05 18:30:00,2467.305193801879,2517.610943244284,2464.513100157757,2512.5,1484562
2022-12-06 18:30:00,2517.704957113166,2574.257604028131,2514.1082572029304,2562.473876953125,2368561
2022-12-07 18:30:00,2550.832398988402,2565.9762062069585,2542.030014827384,2560.67578125,1314703
2022-12-08 18:30:00,2578.895753633309,2594.891539145615,2566.165536513877,2576.576904296875,1883397
2022-12-11 18:30:00,2557.599549215296,2578.233031586393,2544.7745919949284,2571.84423828125,1163204
2022-12-12 18:30:00,2571.607780521879,2574.447244394373,2553.435257953151,2565.266357421875,1265839
2022-12-13 18:30:00,2574.4474581783043,2574.4474581783043,2528.4009076527564,2540.989013671875,886858
2022-12-14 18:30:00,2525.5610674143977,2539.6636446214534,2506.7258196555204,2520.73388671875,990722
2022-12-15 18:30:00,2525.2298150780803,2543.875581215562,2511.3164886240284,2528.353271484375,1793864
2022-12-18 18:30:00,2528.353004663088,2574.4469161000948,2528.353004663088,2572.648681640625,1546941
2022-12-19 18:30:00,2561.1961967536704,2561.2435673627783,2511.268961210893,2531.42919921875,827567
2022-12-20 18:30:00,2544.112235934674,2550.9269029512657,2508.2878057158546,2523.526123046875,779092
2022-12-21 18:30:00,2533.274752398491,2544.6326066965603,2500.6209212915423,2503.791748046875,852567
2022-12-22 18:30:00,2491.1562255903627,2507.767134935955,2468.4878859382347,2480.839599609375,1189702
2022-12-25 18:30:00,2480.6977178196216,2496.6935039260525,2467.2576342157854,2477.385009765625,605144
2022-12-26 18:30:00,2484.5307270264448,2493.900864766486,2437.4429541999434,2454.479736328125,870960
2022-12-27 18:30:00,2454.2430850922087,2463.802705158389,2440.140508040262,2445.34619140625,822651
2022-12-28 18:30:00,2442.1755247043534,2445.0623591572944,2403.511399647527,2430.62841796875,1345863
2022-12-29 18:30:00,2441.8917048575186,2448.0438769468897,2418.466126517221,2424.003173828125,696432
2023-01-01 18:30:00,2436.1649462089254,2441.985985040172,2402.233495968004,2421.494384765625,681703
2023-01-02 18:30:00,2413.591679103535,2424.902164059462,2399.3469890283905,2406.019775390625,821843
2023-01-03 18:30:00,2414.017763176768,2421.4949263154367,2391.8226646962603,2400.388427734375,1672649
2023-01-04 18:30:00,2401.760350873668,2453.249198788592,2401.71298026474,2445.440673828125,2008493
2023-01-05 18:30:00,2441.9389358938606,2472.131809376192,2437.111754869187,2438.578857421875,991782
2023-01-08 18:30:00,2450.788749169992,2488.742778610976,2432.4741142837315,2483.6318359375,1267078
2023-01-09 18:30:00,2483.631806412884,2511.363950177245,2475.1607852880243,2502.372314453125,1413088
2023-01-10 18:30:00,2502.513997050636,2506.1580678807336,2449.605416094132,2454.479736328125,1471687
2023-01-11 18:30:00,2447.712590671319,2463.3296419148805,2435.076884052882,2451.451171875,1703829
2023-01-12 18:30:00,2451.5928915519858,2498.018168868088,2429.3030554809857,2483.584228515625,1348015
2023-01-15 18:30:00,2487.323038952813,2487.323038952813,2445.724938478369,2458.1240234375,930068
2023-01-16 18:30:00,2466.026961468533,2531.8552440285057,2462.5723729118167,2524.803955078125,1892865
2023-01-17 18:30:00,2525.22977657706,2549.3652185945693,2517.6578731990176,2542.455810546875,2038075
2023-01-18 18:30:00,2527.217419914552,2535.925062330031,2472.13163958546,2507.956298828125,1649842
2023-01-19 18:30:00,2413.5441938833374,2465.601029437684,2400.340733626147,2412.361083984375,4569549
2023-01-22 18:30:00,2423.009113242175,2464.654582376025,2415.437209763293,2457.461181640625,1388360
2023-01-23 18:30:00,2464.654504542396,2470.333431972217,2442.6960313623167,2461.341796875,1462462
2023-01-24 18:30:00,2461.341851465384,2500.6211003928256,2455.189679946628,2482.022705078125,1591810
2023-01-26 18:30:00,2494.4689942843343,2504.9277323557003,2440.2351884893287,2472.368408203125,1581382
2023-01-29 18:30:00,2470.33326482331,2470.33326482331,2394.803488901991,2430.72265625,2744039
2023-01-30 18:30:00,2430.581023515572,2451.593009512975,2405.215100575178,2438.86279296875,2366794
2023-01-31 18:30:00,2461.0578978840813,2463.708110334017,2410.5629048792493,2436.49658203125,2014615
2023-02-01 18:30:00,2432.000920559812,2498.491702684477,2425.848748548277,2493.85400390625,1980667
2023-02-02 18:30:00,2498.727996696555,2515.24416394434,2490.3514865499,2507.009765625,1638238
2023-02-05 18:30:00,2490.209874014334,2503.4607057270678,2460.632124655555,2496.456787109375,1697446
2023-02-06 18:30:00,2503.460860958945,2503.981475595175,2456.420451677146,2462.004638671875,1495745
2023-02-07 18:30:00,2453.959249556101,2467.9673173617275,2440.3772861867856,2444.589111328125,1061956
2023-02-08 18:30:00,2448.564266030701,2460.773867852963,2428.688019572779,2448.2802734375,1102484
2023-02-09 18:30:00,2446.671168862906,2448.232781433851,2418.607895662112,2439.572509765625,1523011
2023-02-12 18:30:00,2423.009008136381,2452.113510870832,2413.5441291983484,2442.88525390625,1146525
2023-02-13 18:30:00,2446.671245013033,2462.7615394676645,2432.663177743183,2441.560302734375,1944364
2023-02-14 18:30:00,2413.54425096214,2434.177734303244,2401.2399077219407,2412.0771484375,2009134
2023-02-15 18:30:00,2423.0092352411875,2424.8074699775007,2387.847299121181,2391.869873046875,1982857
2023-02-16 18:30:00,2389.8820161677286,2409.9948846206253,2372.750492255035,2380.890380859375,1395341
2023-02-19 18:30:00,2383.2566712281323,2406.918870108475,2373.981043051805,2377.05712890625,632091
2023-02-20 18:30:00,2392.721344828088,2407.8177801990973,2377.8615314255158,2381.50537109375,862797
2023-02-21 18:30:00,2381.505378192057,2388.509527124333,2349.8927755451964,2360.588134765625,885515
2023-02-22 18:30:00,2358.6477240758454,2381.268691278382,2347.384611082342,2357.369873046875,757215
2023-02-23 18:30:00,2358.837284658021,2376.8679267937805,2339.670903167698,2351.265380859375,732783
2023-02-26 18:30:00,2353.915363623792,2353.915363623792,2324.574239268208,2336.073974609375,853991
2023-02-27 18:30:00,2337.5884740548054,2341.942410793656,2305.3131444686555,2328.975341796875,1780454
2023-02-28 18:30:00,2326.4675967356184,2337.825453188356,2317.0027163583377,2334.276123046875,967339
2023-03-01 18:30:00,2334.275854509554,2337.825184242716,2313.216498092793,2323.959228515625,827174
2023-03-02 18:30:00,2334.0392887573985,2356.660258371258,2324.2430460274054,2338.771728515625,1176008
2023-03-05 18:30:00,2349.1356616034195,2365.131446197715,2343.125601919311,2351.880615234375,1214503
2023-03-07 18:30:00,2353.915666418115,2367.545001247968,2335.175157719937,2352.117431640625,1448340
2023-03-08 18:30:00,2351.8806295944114,2358.600555264015,2325.4261070415814,2329.685302734375,1038910
2023-03-09 18:30:00,2318.895120187854,2338.298120173099,2314.257422377928,2333.518310546875,772024
2023-03-12 18:30:00,2334.0390372401203,2355.3350138572746,2314.162792397443,2323.722412109375,1314549
2023-03-13 18:30:00,2330.2533978724096,2339.71827763631,2309.19404039773,2311.74951171875,1250763
2023-03-14 18:30:00,2320.693440598086,2327.8868406067504,2264.9453992973995,2277.344482421875,1738040
2023-03-15 18:30:00,2295.1857946714217,2337.1626256092,2278.9062489514567,2327.7451171875,1628035
2023-03-16 18:30:00,2339.3869036341957,2350.31888592636,2309.2414003707813,2316.4345703125,2127178
2023-03-19 18:30:00,2316.434577619481,2381.97886988922,2295.233339409627,2376.820556640625,1561128
2023-03-20 18:30:00,2380.4171645941583,2388.2256900843777,2327.177218069935,2330.8212890625,1595161
2023-03-21 18:30:00,2340.2858757537447,2348.614783707388,2323.0596125718507,2343.835205078125,1063244
2023-03-22 18:30:00,2342.5578103678467,2366.2673810880165,2334.039418330145,2352.117431640625,1578627
2023-03-23 18:30:00,2339.9072311494,2364.231922830893,2337.82500408164,2348.047119140625,1449326
2023-03-26 18:30:00,2352.0223631444765,2370.9521205943315,2332.146117822129,2365.273193359375,1387736
2023-03-27 18:30:00,2375.495605438165,2378.9975647887627,2339.623571942456,2349.9404296875,1412387
2023-03-28 18:30:00,2352.0223835517227,2403.8899656295807,2347.3373147574616,2395.4189453125,2613254
2023-03-30 18:30:00,2421.8734735972384,2431.0069901140278,2381.884356703816,2423.340576171875,2146167
2023-04-02 18:30:00,2432.474280087941,2432.474280087941,2380.4648081355385,2400.388427734375,918048
2023-04-04 18:30:00,2378.050732190283,2450.031179672404,2368.112609727398,2444.54150390625,1489612
2023-04-05 18:30:00,2437.2065292163597,2446.671408941472,2416.3837938211127,2427.978271484375,797414
2023-04-09 18:30:00,2427.9780108798127,2431.479969786992,2389.8818740752467,2396.649169921875,853322
2023-04-10 18:30:00,2404.0792695454325,2418.27658806637,2397.4538542356613,2411.41455078125,913184
2023-04-11 18:30:00,2419.2231502023587,2419.2231502023587,2383.871733569996,2393.62060546875,1109809
2023-04-12 18:30:00,2389.882290370634,2425.233710937876,2389.882290370634,2400.48291015625,1261711
2023-04-16 18:30:00,2435.3132920566018,2440.99221928254,2405.4041829028697,2415.295166015625,1566977
2023-04-17 18:30:00,2423.0093885161623,2423.0093885161623,2394.6147472444886,2405.073486328125,1474786
2023-04-18 18:30:00,2411.651215678696,2411.651215678696,2375.9212967650888,2396.12890625,1320243
2023-04-19 18:30:00,2383.067515668273,2396.8861017243007,2347.290223307466,2359.216064453125,1401364
2023-04-20 18:30:00,2358.647740339417,2375.2112778418004,2352.63745001524,2364.279296875,1206288
2023-04-23 18:30:00,2368.112752095522,2370.8574746055406,2342.6523197332685,2365.983154296875,1735797
2023-04-24 18:30:00,2357.5596420351417,2365.9832925002665,2345.4445498577115,2357.180908203125,1701098
2023-04-25 18:30:00,2356.7546576377035,2383.2563164384487,2349.372006470842,2376.441650390625,1245903
2023-04-26 18:30:00,2379.4230065458296,2387.042279704601,2325.5205714647914,2336.8310546875,2743893
2023-04-27 18:30:00,2305.692062306279,2335.7430553117138,2289.554396225135,2325.804931640625,3761927
2023-05-01 18:30:00,2339.528894213416,2345.397073120602,2318.895411277431,2320.50439453125,1760370
2023-05-02 18:30:00,2325.4734735570173,2356.754945860884,2321.4035292425083,2352.968994140625,1258140
2023-05-03 18:30:00,2353.8681351589257,2375.0696036515333,2347.4319709544525,2372.608642578125,1150227
2023-05-04 18:30:00,2366.219821553534,2385.1495801259625,2361.203389316609,2366.9296875,1354871
2023-05-07 18:30:00,2371.6622108634474,2391.6331992928026,2363.5223219595014,2381.647705078125,972810
2023-05-08 18:30:00,2389.8817138791874,2389.8817138791874,2366.266889297864,2381.174072265625,1651327
2023-05-09 18:30:00,2386.0960948435104,2399.3469259929784,2371.75689499437,2387.705078125,2025658
2023-05-10 18:30:00,2401.1925818470027,2459.9222059298563,2388.5571062375384,2453.67529296875,1749356
2023-05-11 18:30:00,2455.1894631455966,2498.7279038952875,2447.9960631130207,2483.01611328125,2170011
2023-05-14 18:30:00,2496.787893774364,2527.832745399729,2482.685315454495,2519.78759765625,1561055
2023-05-15 18:30:00,2527.122601132833,2535.073006773357,2508.760828970788,2532.706787109375,1477905
2023-05-16 18:30:00,2529.0157101178734,2530.9086859488,2505.4008828422952,2519.314208984375,839404
2023-05-17 18:30:00,2522.863753310702,2526.36571268063,2481.5496447162177,2486.944580078125,1434067
2023-05-18 18:30:00,2487.985493784788,2507.246616279918,2461.483830796552,2500.1005859375,1174757
2023-05-21 18:30:00,2493.995726590644,2513.351358784816,2482.6852419016027,2496.929931640625,768232
2023-05-22 18:30:00,2491.156011550583,2508.003541430552,2484.5305966262467,2487.654052734375,703864
2023-05-23 18:30:00,2479.798120314616,2496.834901293877,2468.4402663284422,2475.018310546875,628872
2023-05-24 18:30:00,2470.3333453652904,2485.6190320642017,2442.459323756377,2458.265625,1072231
2023-05-25 18:30:00,2464.41783264786,2514.534319985662,2463.8027079525486,2510.417236328125,947073
2023-05-28 18:30:00,2527.122817111749,2536.161823215901,2503.50798906221,2508.47705078125,698267
2023-05-29 18:30:00,2513.398475530659,2522.3901100693683,2508.997399476377,2514.392333984375,948051
2023-05-30 18:30:00,2514.392587719504,2536.58768373697,2496.835190185868,2524.803955078125,3388305
2023-05-31 18:30:00,2524.2829168159046,2585.094756862932,2512.451819530491,2553.529296875,1541080
2023-06-01 18:30:00,2564.9823075104314,2591.6732211002904,2547.6141614479334,2571.32373046875,1509260
2023-06-04 18:30:00,2571.0868738591034,2576.339927641712,2540.5152700895683,2551.5419921875,1000190
2023-06-05 18:30:00,2555.5173796488234,2562.994541773632,2527.2646228544672,2547.140869140625,655372
2023-06-06 18:30:00,2546.0524054755024,2581.072457149329,2535.972401951196,2570.850341796875,1428490
2023-06-07 18:30:00,2562.1428353437727,2575.914280987985,2531.7604802555584,2536.492919921875,923536
2023-06-08 18:30:00,2545.058833244845,2545.058833244845,2479.8932738110634,2495.131591796875,1413808
2023-06-11 18:30:00,2503.460999239811,2514.8188563252093,2492.103142154413,2501.993896484375,775484
2023-06-12 18:30:00,2488.8845837933386,2552.6777735038395,2486.896866845138,2532.706787109375,1787924
2023-06-13 18:30:00,2528.069189204348,2557.5050554214995,2510.085919045276,2554.334228515625,1536248
2023-06-14 18:30:00,2568.721133472249,2572.0812121817794,2534.8368159061,2545.768798828125,1830192
2023-06-15 18:30:00,2545.76851861381,2578.23310056672,2539.616347118332,2570.329833984375,1748145
2023-06-18 18:30:00,2578.2978431007173,2587.267401923163,2552.533949035684,2560.40625,1068263
2023-06-19 18:30:00,2547.762671710834,2557.6864481081543,2526.8653856788046,2553.58349609375,1129279
2023-06-20 18:30:00,2562.982347335304,2582.925647646169,2546.283528707355,2554.060546875,1201840
2023-06-21 18:30:00,2546.4742350703746,2555.3962681763737,2527.437629105136,2532.8291015625,830052
2023-06-22 18:30:00,2529.918956603175,2538.745475638213,2507.160757581509,2520.6630859375,991214
2023-06-25 18:30:00,2521.187471642475,2551.7702109107204,2521.187471642475,2530.68212890625,758700
2023-06-26 18:30:00,2530.6822163942697,2539.747289419602,2515.3192099764915,2529.966552734375,687747
2023-06-27 18:30:00,2531.493028592996,2564.556827714489,2521.044386302254,2539.4130859375,1397573
2023-06-29 18:30:00,2543.898134552068,2562.93474232793,2529.9666876744527,2555.53955078125,1160181
2023-07-02 18:30:00,2563.98430099116,2581.9714072296324,2537.6955430131725,2577.39111328125,980665
2023-07-03 18:30:00,2577.391135866774,2582.782375553581,2552.533704969618,2576.38916015625,721907
2023-07-04 18:30:00,2576.3414348058154,2633.069661354906,2572.667834439286,2629.682373046875,1717547
2023-07-05 18:30:00,2633.5468688839683,2638.41347517002,2610.407076199385,2630.875244140625,1265020
2023-07-06 18:30:00,2627.0584210397765,2642.850547089924,2567.801373090765,2574.576416015625,1178930
2023-07-09 18:30:00,2585.835869213727,2587.219672007765,2529.632509066761,2534.928466796875,1518183
2023-07-10 18:30:00,2535.453390243356,2592.372415333359,2524.861474545714,2561.598876953125,2476367
2023-07-11 18:30:00,2581.1126841590863,2581.1126841590863,2521.5217992981634,2551.24560546875,2395826
2023-07-12 18:30:00,2562.028187364794,2564.413732937298,2529.8233221359947,2533.1630859375,1495067
2023-07-13 18:30:00,2533.449635836551,2563.5075128719,2529.6805200708413,2554.346923828125,1419016
2023-07-16 18:30:00,2547.7624520870486,2579.4424479697554,2547.7624520870486,2558.9267578125,912701
2023-07-17 18:30:00,2562.6009068680487,2577.439047473986,2554.728606185778,2559.976806640625,1215904
2023-07-18 18:30:00,2559.928745844099,2573.43083950197,2539.0789860492114,2549.289306640625,1166542
2023-07-19 18:30:00,2546.8560199797525,2591.9428279236045,2536.5026597850565,2579.490234375,1430764
2023-07-20 18:30:00,2528.678216655866,2553.8219592785504,2473.333561347926,2484.7841796875,5198952
2023-07-23 18:30:00,2484.7842649392014,2486.644943890536,2457.111936335808,2462.12158203125,1777469
2023-07-24 18:30:00,2462.0738156481693,2468.180952061506,2444.9934026192527,2450.575439453125,1653775
2023-07-25 18:30:00,2461.405662799776,2479.822119275007,2454.5353388663257,2465.03173828125,1300033
2023-07-26 18:30:00,2443.752829583894,2464.745630150409,2436.1190839233427,2452.19775390625,2276136
2023-07-27 18:30:00,2452.3405392252525,2475.003219305642,2447.760245711061,2466.272216796875,966450
2023-07-30 18:30:00,2457.1598665599568,2464.650340395892,2437.0735248621963,2443.562255859375,2003252
2023-07-31 18:30:00,2452.3407832060807,2455.9668589723788,2428.4853281165274,2434.30615234375,1758897
2023-08-01 18:30:00,2421.8056184609263,2455.632604639891,2419.897182197364,2451.338623046875,2082908
2023-08-02 18:30:00,2440.842283719155,2443.800453185906,2421.042256996987,2434.496826171875,1475310
2023-08-03 18:30:00,2434.4971006515216,2441.796777177096,2418.991053879893,2429.439697265625,1359318
2023-08-06 18:30:00,2423.7142672792547,2456.15768660504,2422.521494509924,2451.577392578125,803823
2023-08-07 18:30:00,2451.5771061046025,2466.844595767983,2438.552122170893,2448.380615234375,1002061
2023-08-08 18:30:00,2448.380686023708,2451.3386224534675,2424.668272269319,2435.35546875,1212549
2023-08-09 18:30:00,2432.3498731332065,2434.5921460549325,2411.881939976849,2420.565185546875,1313334
2023-08-10 18:30:00,2418.9431818281623,2420.517548701968,2384.591325991549,2387.26318359375,1472199
2023-08-13 18:30:00,2387.263292919785,2423.714383911913,2374.190549331531,2417.13037109375,1060479
2023-08-15 18:30:00,2417.9889965520374,2438.0753369006125,2408.8284083521016,2435.737548828125,1155882
2023-08-16 18:30:00,2435.7374630154354,2443.418733131073,2417.034693167576,2426.8154296875,1532873
2023-08-17 18:30:00,2416.175870450372,2450.193654307578,2416.175870450372,2437.788818359375,1970819
2023-08-20 18:30:00,2437.7886187075496,2457.016019667198,2422.807441574342,2445.42236328125,977004
2023-08-21 18:30:00,2455.7759560723107,2457.1117683143766,2436.1189687404285,2448.3330078125,960025
2023-08-22 18:30:00,2457.111782932664,2465.222637361762,2445.1840558310487,2456.205322265625,1136112
2023-08-23 18:30:00,2466.654001778148,2473.094974510064,2449.4303169912287,2463.07568359375,1143934
2023-08-24 18:30:00,2449.478041248532,2462.550783578756,2434.6876596204243,2446.18603515625,802955
2023-08-27 18:30:00,2447.5698330373084,2450.4324878127904,2422.7601583164624,2438.695556640625,619841
2023-08-28 18:30:00,2441.748938080361,2441.748938080361,2406.6338935508866,2410.498291015625,958564
2023-08-29 18:30:00,2410.4979591327333,2419.897100599207,2404.6296110055214,2416.032470703125,1227377
2023-08-30 18:30:00,2416.1283950070488,2423.5235865317863,2377.053203801286,2390.364501953125,3235414
2023-08-31 18:30:00,2390.3642869657338,2399.3816021309085,2385.5454385871035,2390.125732421875,813413
2023-09-03 18:30:00,2398.90483571016,2398.90483571016,2377.912032851917,2386.881591796875,1143301
2023-09-04 18:30:00,2395.087846509409,2407.9220355882544,2387.549615397008,2392.27294921875,844088
2023-09-05 18:30:00,2398.379786666086,2410.450787169734,2392.654477231026,2407.9697265625,1094146
2023-09-06 18:30:00,2395.087599794168,2406.3951782614326,2385.545418121681,2392.654296875,1894798
2023-09-07 18:30:00,2389.362481808183,2405.631949453119,2387.0246937042134,2398.7138671875,1018234
2023-09-10 18:30:00,2398.713833652969,2422.6645714527635,2394.1812970595506,2420.135986328125,1121083
2023-09-11 18:30:00,2432.302440771097,2432.302440771097,2374.095124612981,2384.448486328125,3946716
2023-09-12 18:30:00,2379.820169401867,2394.1334422731693,2377.9117330190265,2391.795654296875,1231305
2023-09-13 18:30:00,2396.0418165983406,2398.904471098458,2378.961404599674,2386.308837890625,2081195
2023-09-14 18:30:00,2361.4994188575743,2376.003489954568,2353.102251497174,2356.6328125,3750697
2023-09-17 18:30:00,2358.207056557156,2378.818028280448,2349.2850239024638,2374.71484375,1499641
2023-09-19 18:30:00,2337.500347739406,2366.4609611550345,2333.063326622605,2353.9130859375,1795159
2023-09-20 18:30:00,2353.1018821535267,2369.323590181349,2331.059350412711,2360.115478515625,2223720
2023-09-21 18:30:00,2355.010422285743,2376.003221836102,2345.4682406719435,2368.798828125,1176741
2023-09-24 18:30:00,2368.799165828628,2385.25943145906,2347.37701164432,2362.50146484375,1122778
2023-09-25 18:30:00,2360.735651228966,2375.048923164469,2348.5693700837887,2365.458984375,1263548
2023-09-26 18:30:00,2362.644213894024,2390.125744073198,2355.9646866334188,2387.21533203125,1086791
2023-09-27 18:30:00,2385.545845565916,2386.5000639041423,2340.88838074423,2347.711181640625,1612346
2023-09-28 18:30:00,2352.67270148226,2359.590783349572,2338.3116711512257,2352.720458984375,1249567
2023-10-02 18:30:00,2376.0034833723507,2384.591447770082,2349.094574852148,2355.869384765625,1585626
2023-10-03 18:30:00,2354.104225020116,2396.0898288185003,2352.2910705325726,2393.036376953125,1587335
2023-10-04 18:30:00,2402.7215986857464,2409.2103295004617,2381.1086481021675,2404.20068359375,1909928
2023-10-05 18:30:00,2404.582131194717,2404.6298886978925,2379.820215243073,2384.972900390625,1083342
2023-10-08 18:30:00,2371.232140661084,2401.290012866647,2367.41526800006,2396.328125,1468771
2023-10-09 18:30:00,2397.186789509896,2405.440916284318,2388.742098661599,2401.003662109375,1092373
2023-10-10 18:30:00,2403.0557060945016,2446.5679200197133,2401.0517545148923,2439.363525390625,1697398
2023-10-11 18:30:00,2438.0275986797883,2450.003084162273,2422.950903923054,2439.93603515625,1625010
2023-10-12 18:30:00,2436.1668326066474,2458.7339999485785,2426.290581008693,2451.81591796875,1531977
2023-10-15 18:30:00,2442.7986380497687,2463.7914388455088,2435.737516422029,2441.176513671875,954899
2023-10-16 18:30:00,2441.1764647650048,2452.3407710991128,2429.8688859230097,2439.124755859375,1253538
2023-10-17 18:30:00,2452.388674487406,2453.53368980148,2423.285017690539,2431.586669921875,1084689
2023-10-18 18:30:00,2409.4010688685216,2437.4549920889817,2409.4010688685216,2431.443603515625,1272343
2023-10-19 18:30:00,2404.630142814174,2427.10203062245,2371.2802594499785,2380.917724609375,3608160
2023-10-22 18:30:00,2379.820071849205,2395.03980478579,2366.7950872556053,2369.80078125,922707
2023-10-24 18:30:00,2361.737530781389,2376.003044637436,2352.14759238204,2363.884521484375,1435836
2023-10-25 18:30:00,2348.331496922018,2376.003830693143,2343.226335265057,2363.0263671875,2650560
2023-10-26 18:30:00,2354.342275744429,2380.7740695228053,2351.0502700165257,2368.4169921875,1784812
2023-10-29 18:30:00,2357.8731464408493,2377.911728421933,2349.6667768251305,2365.411376953125,875135
2023-10-30 18:30:00,2357.109575260617,2377.9115770619464,2354.819544936772,2370.27783203125,920414
2023-10-31 18:30:00,2371.232445279319,2379.772652362786,2353.865719033344,2359.066162109375,1267131
2023-11-01 18:30:00,2379.011355660792,2399.196906557308,2367.7651670957143,2390.353759765625,1595123
2023-11-02 18:30:00,2400.158200400705,2415.057059874558,2389.392619844332,2411.93310546875,1125583
2023-11-05 18:30:00,2417.4597423101177,2420.1030879528025,2394.4867595025,2400.542236328125,1338677
2023-11-06 18:30:00,2399.196893948721,2408.0400406939307,2388.863814377428,2399.62939453125,1473411
2023-11-07 18:30:00,2401.1190451871635,2427.071893153558,2400.8306332753555,2421.64111328125,745022
2023-11-08 18:30:00,2422.3138514915827,2424.188176858875,2377.1366729379083,2380.64501953125,1823094
2023-11-09 18:30:00,2380.9338586137587,2392.084066636767,2369.735777491523,2390.113525390625,771062
2023-11-12 18:30:00,2381.125953572758,2390.738120537505,2375.166456989024,2382.0390625,760809
2023-11-14 18:30:00,2404.867606611956,2405.973146454113,2379.97219169046,2389.96875,1457029
2023-11-15 18:30:00,2384.0093809981963,2408.6166199984764,2379.3476212589244,2394.582763671875,1420578
2023-11-16 18:30:00,2369.3989427459933,2435.242280505872,2369.3989427459933,2430.724609375,1756043
2023-11-19 18:30:00,2436.1555216090155,2436.203629376514,2403.0416545438093,2409.241455078125,944231
2023-11-20 18:30:00,2407.8475864746533,2419.382185691298,2401.119070264944,2408.087890625,1088806
2023-11-21 18:30:00,2410.491162813797,2426.3512382545014,2406.8866002136365,2424.09228515625,816610
2023-11-22 18:30:00,2409.000814102405,2429.7150772028517,2409.000814102405,2422.16943359375,1023670
2023-11-23 18:30:00,2417.556362877398,2422.0740347073847,2410.2029138725334,2417.65234375,735137
2023-11-27 18:30:00,2433.560364158556,2433.560364158556,2403.041734135041,2413.1826171875,1880641
2023-11-28 18:30:00,2414.576436013944,2430.5806007675874,2410.827784619846,2427.120361328125,1265214
2023-11-29 18:30:00,2418.565283786909,2455.428037764661,2418.565283786909,2446.8251953125,3095684
2023-11-30 18:30:00,2448.6993458061406,2481.81321151669,2443.412654382418,2464.222900390625,1345599
2023-12-03 18:30:00,2477.055196344955,2507.237303937237,2475.1327631308727,2501.3740234375,2188039
2023-12-04 18:30:00,2534.72835227723,2534.72835227723,2457.158214141948,2463.838623046875,3108717
2023-12-05 18:30:00,2470.3268241208075,2483.495445470624,2463.5983074792334,2468.06787109375,1573754
2023-12-06 18:30:00,2452.1600472249447,2460.5225856827965,2401.69616985785,2420.583984375,3925967
2023-12-07 18:30:00,2421.304744756755,2435.6748867600672,2411.019773521691,2424.476806640625,1605805
2023-12-10 18:30:00,2424.4771266861426,2431.8303411708434,2402.080728818765,2406.55029296875,2012243
2023-12-11 18:30:00,2403.041468837404,2420.3433674130333,2400.157819074799,2405.684814453125,1677929
2023-12-12 18:30:00,2410.5872408203054,2419.093867268127,2401.1672708282504,2414.47998046875,1513205
2023-12-13 18:30:00,2423.56389615019,2426.8800469344105,2404.195238236692,2418.7578125,2166569
2023-12-14 18:30:00,2422.266032295193,2433.80063244898,2409.770215461924,2425.053466796875,2543337
2023-12-17 18:30:00,2422.410025603624,2445.81574469679,2417.459853767902,2437.164794921875,1969036
2023-12-18 18:30:00,2436.7323377432995,2467.395055289173,2436.684229975954,2461.387451171875,1656220
2023-12-19 18:30:00,2473.1622733895497,2473.1622733895497,2448.218748854472,2458.3115234375,1468642
2023-12-20 18:30:00,2443.652947621355,2479.9388749584405,2437.6453437575988,2454.17822265625,1945695
2023-12-21 18:30:00,2459.945622811475,2479.6986720564782,2448.02663012791,2475.709716796875,1174984
2023-12-25 18:30:00,2475.7096005380354,2491.1369394280136,2467.4911515683684,2484.504638671875,893776
2023-12-26 18:30:00,2485.706663963457,2510.698300956129,2480.804364376835,2507.141845703125,1073278
2023-12-27 18:30:00,2512.4761193952136,2537.6118397726373,2505.747603153392,2531.65234375,1635216
2023-12-28 18:30:00,2531.6524684122573,2563.66102990176,2519.5891524788576,2560.633056640625,1305681
2023-12-31 18:30:00,2560.5372049175576,2565.8717698748246,2535.689659307609,2551.7900390625,526353
2024-01-01 18:30:00,2545.3017864073136,2551.020978758828,2505.8919022522155,2512.42822265625,1310629
2024-01-02 18:30:00,2498.2022395315885,2526.6543481330496,2494.8860888029035,2505.45947265625,1008270
2024-01-03 18:30:00,2505.459475416242,2521.2714434435734,2487.6769661887524,2492.00244140625,1376844
2024-01-04 18:30:00,2494.357266422686,2527.903634441405,2494.357266422686,2518.435791015625,1150738
2024-01-07 18:30:00,2523.145606704356,2524.154931124552,2466.9625402632,2478.2568359375,1189828
2024-01-08 18:30:00,2482.390184107417,2488.589984759606,2471.816800626399,2479.69873046875,1017205
2024-01-09 18:30:00,2479.93895442184,2493.684399436957,2465.520704686829,2477.439697265625,881278
2024-01-10 18:30:00,2479.9389831324256,2488.5899330735856,2433.656494816036,2437.837646484375,2399600
2024-01-11 18:30:00,2435.2424300571656,2455.908588433416,2414.432183049432,2445.335205078125,2979841
2024-01-14 18:30:00,2447.2575424625093,2478.7373871269424,2432.839292997883,2473.402587890625,1391204
2024-01-15 18:30:00,2473.4025171930134,2484.3605272761324,2457.206158227244,2469.461669921875,1599406
2024-01-16 18:30:00,2450.141136129861,2471.624421207969,2441.2498824973773,2463.501953125,3047652
2024-01-17 18:30:00,2470.3269433900364,2470.3269433900364,2439.1355081014863,2449.18017578125,1273095
2024-01-18 18:30:00,2465.520880619284,2474.1237233073075,2433.800728938802,2465.9052734375,1323064
2024-01-22 18:30:00,2355.9419607074965,2384.2978512994478,2273.709831056434,2283.418212890625,4369332
2024-01-23 18:30:00,2295.3856481123184,2351.0400052592818,2275.344184577186,2346.954833984375,1551469
2024-01-24 18:30:00,2359.5948011333758,2372.2828146337984,2326.3366094581024,2334.12255859375,2364765
2024-01-28 18:30:00,2316.532141288352,2354.019590877666,2316.532141288352,2349.597900390625,1587091
2024-01-29 18:30:00,2358.8258462479507,2397.803231432302,2352.385741116403,2363.29541015625,1793711
2024-01-30 18:30:00,2354.980938919441,2389.488524931115,2347.050901063896,2385.307373046875,1445004
2024-01-31 18:30:00,2379.1073522751103,2414.143651172756,2372.61914008399,2377.66552734375,1727534
2024-02-01 18:30:00,2380.933818741072,2390.449770413445,2347.291233494428,2357.480224609375,1956115
2024-02-04 18:30:00,2368.4379617431287,2369.1588742720683,2319.175605598918,2325.663818359375,1315445
2024-02-05 18:30:00,2330.902202799705,2346.666296218703,2324.2699019704123,2332.248046875,1557511
2024-02-06 18:30:00,2345.272345774969,2345.272345774969,2318.021995302354,2331.3828125,1149076
2024-02-07 18:30:00,2347.0989508697385,2347.0989508697385,2305.958829773469,2323.308837890625,1758661
2024-02-08 18:30:00,2323.3085597899685,2334.2663348301853,2312.783285272284,2330.133056640625,886474
2024-02-11 18:30:00,2330.085433702878,2335.6124295793047,2289.6181178518773,2293.12646484375,1292460
2024-02-12 18:30:00,2297.307721411276,2307.8329964640893,2287.7917707436964,2301.152587890625,957865
2024-02-13 18:30:00,2292.501859975465,2301.1528103904666,2278.083609283795,2295.33740234375,1397975
2024-02-14 18:30:00,2276.4975610105416,2292.213312532259,2255.735187373002,2259.67626953125,2553695
2024-02-15 18:30:00,2278.0353875552187,2289.618095299179,2266.1645025494804,2283.1298828125,2363302
2024-02-18 18:30:00,2296.8270681155595,2302.0656516566646,2281.736014414093,2294.568115234375,576683
2024-02-19 18:30:00,2278.179717292503,2315.042235684377,2276.3532648212054,2310.861083984375,1032995
2024-02-20 18:30:00,2310.8609790349888,2328.835682964777,2301.2488127974525,2313.74462890625,1127778
2024-02-21 18:30:00,2326.4328201820526,2326.4328201820526,2273.9984023925185,2295.481689453125,2258516
2024-02-22 18:30:00,2295.914223752952,2312.2068000824784,2291.492533010144,2301.2490234375,1210775
2024-02-25 18:30:00,2298.365464700586,2313.216216553072,2287.695864907196,2311.00537109375,831596
2024-02-26 18:30:00,2310.812639497069,2315.522506612256,2296.490372436433,2312.01416015625,1120424
2024-02-27 18:30:00,2317.5896100629743,2330.95042792536,2307.881227813933,2327.63427734375,629152
2024-02-28 18:30:00,2330.950324169719,2334.6029942925143,2304.276562728189,2318.742919921875,2848084
2024-02-29 18:30:00,2323.212717744194,2344.215397065021,2310.765008083479,2316.243896484375,2326244
2024-03-03 18:30:00,2322.491547068001,2333.737734571899,2311.149144033426,2328.066650390625,1501261
2024-03-04 18:30:00,2311.726050801106,2326.1443005982023,2298.365233191277,2306.77587890625,1587199
2024-03-05 18:30:00,2310.765055634836,2315.427050718229,2283.178181979929,2307.689208984375,1354111
2024-03-06 18:30:00,2311.678056369801,2331.911714844805,2309.803730738692,2325.7119140625,1820704
2024-03-10 18:30:00,2315.570778150516,2319.4156445318367,2291.1078627337656,2297.16357421875,2040761
2024-03-11 18:30:00,2287.695825294208,2292.501908960792,2269.240510948934,2285.91748046875,1012157
2024-03-12 18:30:00,2282.889491692188,2282.889491692188,2214.499022473042,2222.90966796875,2322669
2024-03-13 18:30:00,2215.460202274312,2250.880893627091,2212.576552438003,2244.056396484375,2292515
2024-03-14 18:30:00,2239.6830253861167,2246.315326766892,2226.0816682377067,2237.424072265625,2751403
2024-03-17 18:30:00,2230.79145932396,2234.828521977646,2207.9144580570546,2210.75,2487402
2024-03-18 18:30:00,2194.6979075652634,2214.546937441648,2159.709715510338,2179.030029296875,4220638
2024-03-19 18:30:00,2162.7375973086,2177.588348542376,2153.1254302094503,2154.999755859375,2995013
2024-03-20 18:30:00,2147.358024341876,2171.5325295385032,2147.358024341876,2155.38427734375,3504486
2024-03-21 18:30:00,2152.212156132791,2178.116897542949,2145.4836396796577,2169.033447265625,3507809
2024-03-25 18:30:00,2145.531969936937,2171.532694903761,2145.435754394531,2153.12548828125,3027027
2024-03-26 18:30:00,2162.7374926298357,2175.233309253919,2149.2804593423607,2152.8369140625,2168861
2024-03-27 18:30:00,2157.9313698937053,2199.1674701311017,2153.22150219794,2176.531005859375,3186360
2024-03-31 18:30:00,2181.961623386236,2205.9920377407097,2174.271890792804,2197.244873046875,1427873
2024-04-01 18:30:00,2208.8762010449564,2208.8762010449564,2188.7387560681905,2198.014404296875,1221495
2024-04-02 18:30:00,2193.352298355668,2193.352298355668,2173.3589451770617,2177.347900390625,1175309
2024-04-03 18:30:00,2181.961857169728,2193.496457295735,2162.0166111185067,2177.107666015625,1890255
2024-04-04 18:30:00,2177.1075960043618,2192.054561788057,2170.523402780724,2179.030029296875,1153449
2024-04-07 18:30:00,2188.6902332665027,2200.176724886131,2179.2702635011747,2180.952392578125,1127294
2024-04-08 18:30:00,2182.9230510856314,2186.3835249561675,2168.2644969116745,2176.338623046875,1189343
2024-04-09 18:30:00,2188.5940657934834,2188.5940657934834,2170.13875330696,2173.214599609375,2308993
2024-04-11 18:30:00,2173.2145310872115,2177.011524419317,2142.167422444592,2145.723876953125,3388551
2024-04-14 18:30:00,2141.302119302431,2141.3502270656318,2105.064301323637,2108.957275390625,4909564
2024-04-15 18:30:00,2098.335886615327,2144.714588644273,2087.8106115348733,2134.669921875,2821129
2024-04-17 18:30:00,2129.142892042349,2150.9143543197647,2123.375592400965,2128.902587890625,3392171
2024-04-18 18:30:00,2133.9008191335524,2156.7297130319407,2110.831621088865,2145.051025390625,2337694
2024-04-21 18:30:00,2162.737235197552,2166.149600880821,2142.599795430892,2154.56689453125,1804108
2024-04-22 18:30:00,2165.6210578207865,2185.3259986487164,2161.4877793956443,2174.992919921875,1991778
2024-04-23 18:30:00,2178.165191792081,2180.3760371789404,2158.556229932344,2172.590087890625,1404398
2024-04-24 18:30:00,2151.2512803487534,2152.981517502396,2129.191401987995,2144.33056640625,4951866
2024-04-25 18:30:00,2157.931529681434,2167.543696851507,2132.5555022212607,2136.4482421875,2307512
2024-04-28 18:30:00,2147.357921699967,2147.357921699967,2133.900889066216,2139.764404296875,1395292
2024-04-29 18:30:00,2145.4835970967697,2153.365526422453,2138.706973011922,2143.945556640625,2119102
2024-05-01 18:30:00,2119.530690414858,2156.201009483979,2119.530690414858,2139.95654296875,2140383
2024-05-02 18:30:00,2145.4355717304093,2148.9439186486998,2118.521505418379,2131.0654296875,2595307
2024-05-05 18:30:00,2138.706867307371,2173.7912720969075,2126.2110519028784,2168.69677734375,1619256
2024-05-06 18:30:00,2178.116785289424,2296.9232492649267,2171.3882691830577,2287.11865234375,8277810
2024-05-07 18:30:00,2274.6232963887637,2280.246508425696,2234.829015529452,2250.256591796875,1813439
2024-05-08 18:30:00,2249.823745544639,2270.489903158512,2229.49387294917,2235.453369140625,1558987
2024-05-09 18:30:00,2230.984005795181,2279.0448417666416,2230.984005795181,2270.922607421875,2610266
2024-05-12 18:30:00,2281.9285286861755,2289.281742839447,2256.8406780360947,2269.09619140625,1170617
2024-05-13 18:30:00,2269.0479919382315,2280.294179184719,2255.735048205718,2258.474609375,689430
2024-05-14 18:30:00,2258.4267627990944,2264.4343672229857,2227.763809016323,2233.19482421875,812282
2024-05-15 18:30:00,2246.363269783034,2257.032868270841,2212.095990708857,2252.274658203125,1880021
2024-05-16 18:30:00,2260.685328200316,2260.685328200316,2225.3127434849703,2230.359130859375,1264582
2024-05-20 18:30:00,2217.5267973053774,2234.636500499877,2212.4804099252933,2221.083251953125,1663959
2024-05-21 18:30:00,2221.3716006338227,2281.92824747066,2221.0831887144805,2275.103515625,1914851
2024-05-22 18:30:00,2275.103801980224,2294.232155858532,2263.6654166734984,2290.098876953125,1614718
2024-05-23 18:30:00,2286.253860797852,2290.819640002725,2272.989023752445,2277.17041015625,974100
2024-05-26 18:30:00,2277.170246471372,2306.871745716128,2270.874230770176,2292.02099609375,1116934
2024-05-27 18:30:00,2297.30790719324,2315.571024447078,2286.3020229404683,2303.027099609375,1631747
2024-05-28 18:30:00,2288.849099499157,2302.113936548122,2277.5066958001285,2281.3515625,1592495
2024-05-29 18:30:00,2276.161124928281,2280.4384922700256,2243.52786519406,2260.204833984375,1837380
2024-05-30 18:30:00,2261.742524808463,2285.244222341365,2227.7155530681625,2238.721435546875,5529186
2024-06-02 18:30:00,2288.6569058773034,2294.8567065039656,2253.380300797559,2264.5302734375,1207445
2024-06-03 18:30:00,2281.9284994540258,2412.7020814982598,2251.2657798718847,2399.4853515625,7826048
2024-06-04 18:30:00,2435.2904952507906,2618.306051895857,2427.072045942993,2501.806640625,11061076
2024-06-05 18:30:00,2499.1632419376438,2499.1632419376438,2420.343478153456,2450.718017578125,4102547
2024-06-06 18:30:00,2456.1968450725035,2495.7989223831146,2427.07193491907,2477.82421875,3974253
2024-06-09 18:30:00,2478.977690876211,2493.059420648864,2447.2575420592607,2465.857177734375,1449122
2024-06-10 18:30:00,2466.4819457138465,2476.766917025401,2452.352107768287,2457.206298828125,1402423
2024-06-11 18:30:00,2468.4045259716218,2468.4045259716218,2419.3824734698487,2430.628662109375,1754677
2024-06-12 18:30:00,2391.4588918675045,2408.6167027553947,2351.568401318949,2390.93017578125,3123098
2024-06-13 18:30:00,2400.247891711929,2436.5475426423045,2397.724285194477,2406.79931640625,1729552
2024-06-17 18:30:00,2406.944623727065,2424.512241154475,2400.393199536596,2413.10791015625,1820933
2024-06-18 18:30:00,2421.600599153089,2421.600599153089,2379.380308145811,2384.718505859375,986976
2024-06-19 18:30:00,2384.7186407596823,2416.7478288529137,2374.67302789255,2409.17724609375,2163310
2024-06-20 18:30:00,2402.189015222162,2405.1007594830376,2355.1643928006965,2369.48046875,3646215
2024-06-23 18:30:00,2363.3658647573675,2395.2495606319985,2355.6497895105103,2370.35400390625,1945519
2024-06-24 18:30:00,2367.5879930137835,2374.7216246112826,2356.474645665412,2360.648193359375,833789
2024-06-25 18:30:00,2365.3072008903105,2394.424646941484,2360.8424310457776,2373.654296875,1738656
2024-06-26 18:30:00,2377.8759946247305,2410.147828089514,2364.3364306830586,2389.717041015625,3402726
2024-06-27 18:30:00,2390.5419962243377,2417.232984813931,2390.396503797189,2400.29638671875,2129791
2024-06-30 18:30:00,2388.6494063118025,2448.776876762152,2378.0215873536727,2431.403564453125,3312865
2024-07-01 18:30:00,2441.0122329179167,2441.0122329179167,2406.411100622321,2412.040283203125,1305210
2024-07-02 18:30:00,2413.496297365214,2445.71979146585,2401.5097584861905,2436.499267578125,1406405
2024-07-03 18:30:00,2441.060905421345,2462.2196282687923,2419.5623842855302,2422.522705078125,1977010
2024-07-04 18:30:00,2422.522573421036,2478.86487051249,2422.522573421036,2472.07080078125,1754286
2024-07-07 18:30:00,2484.688602379209,2518.6589543648624,2461.6372921032303,2511.039794921875,2818809
2024-07-08 18:30:00,2511.039671702594,2537.099878087564,2492.453131954424,2513.951416015625,1479529
2024-07-09 18:30:00,2505.070720585448,2548.746885802939,2497.3060689912268,2533.654296875,1764036
2024-07-10 18:30:00,2540.0117066962384,2540.060283161406,2513.854583474437,2532.1015625,1432671
2024-07-11 18:30:00,2524.482079998987,2561.849461805969,2524.482079998987,2545.10693359375,1912642
2024-07-14 18:30:00,2550.688029320354,2551.9012561227323,2536.760090845706,2543.214599609375,920101
2024-07-15 18:30:00,2548.698517741233,2644.834665544728,2547.3397983844893,2609.35986328125,3298003
2024-07-17 18:30:00,2620.5698558354197,2670.2635775618123,2576.893691571496,2657.840087890625,5569762
2024-07-18 18:30:00,2658.422367041392,2662.3046925135222,2636.050419116571,2646.775390625,1668862
2024-07-21 18:30:00,2626.101995167326,2669.050221276368,2626.0534187066078,2654.831298828125,1911629
2024-07-22 18:30:00,2665.2168331572675,2728.595853311204,2651.6286919831223,2684.96826171875,3906259
2024-07-23 18:30:00,2667.1576101328446,2676.3295567061523,2596.402322900649,2637.1181640625,3611927
2024-07-24 18:30:00,2637.118182692761,2644.688764839163,2591.452281427988,2627.557861328125,2166670
2024-07-25 18:30:00,2643.863904425438,2646.7756488135715,2608.1950356708,2631.294921875,2135309
2024-07-28 18:30:00,2631.440482651685,2639.981647137038,2613.581878057342,2631.828857421875,957011
2024-07-29 18:30:00,2635.7109154365803,2673.3209442701027,2606.399167914487,2612.22265625,1560399
2024-07-30 18:30:00,2625.4226836710145,2629.9357923919524,2596.3538181695435,2626.053466796875,1751085
2024-07-31 18:30:00,2634.158148963584,2644.785968827308,2615.9111696630976,2635.66259765625,1886392
2024-08-01 18:30:00,2632.216627095615,2678.3192413238758,2602.274097597715,2613.3388671875,1738872
2024-08-04 18:30:00,2597.227273238811,2661.334222675603,2587.764104503914,2636.001953125,3118731
2024-08-05 18:30:00,2640.078595023705,2690.20903019787,2628.96524828348,2669.1474609375,2296031
2024-08-06 18:30:00,2699.8662700374903,2700.0119994245,2655.025456133828,2663.323974609375,1713875
2024-08-07 18:30:00,2672.981108756825,2678.0766609794014,2640.369479749004,2652.79296875,1464161
2024-08-08 18:30:00,2674.922511921985,2676.8636748479075,2638.622859990569,2666.38134765625,1284031
2024-08-11 18:30:00,2657.451984181087,2682.1046579872973,2642.3108189254185,2667.837158203125,1297178
2024-08-12 18:30:00,2661.334152597603,2676.5236564605643,2649.784328921455,2660.751708984375,1051237
2024-08-13 18:30:00,2660.363907692145,2661.8683564179764,2626.9759986722806,2641.971435546875,946995
2024-08-15 18:30:00,2657.3547781329457,2672.593096011396,2630.9550108698363,2667.400390625,1727926
2024-08-18 18:30:00,2669.1475248307747,2678.562117366071,2656.529966165765,2661.8681640625,1130327
2024-08-19 18:30:00,2661.8682216798816,2675.165140246076,2654.588860754042,2670.1181640625,1097889
2024-08-20 18:30:00,2668.613714717056,2712.872323917968,2662.2563587851414,2709.0869140625,1417729
2024-08-21 18:30:00,2720.490954381254,2727.333600307501,2700.2544753582456,2710.6396484375,1552947
2024-08-22 18:30:00,2716.8513660763674,2738.010087665523,2689.820816673394,2732.76904296875,2111401
2024-08-25 18:30:00,2732.769224240232,2751.549833114722,2721.122246845189,2738.15576171875,1152244
2024-08-26 18:30:00,2726.3632826569533,2741.019157279429,2678.368077529086,2685.501708984375,1357212
2024-08-27 18:30:00,2678.804975245474,2699.915123148224,2664.9741886885004,2683.027099609375,1723549
2024-08-28 18:30:00,2688.462067987683,2727.333902856005,2664.246107950083,2703.31201171875,2129934
2024-08-29 18:30:00,2713.4546356789924,2733.448709240914,2678.902076663861,2696.275390625,4029712
2024-09-01 18:30:00,2711.804574932889,2726.266143773917,2697.245853163385,2707.000244140625,957950
2024-09-02 18:30:00,2698.2165843501343,2744.755920130973,2693.363676824325,2712.095947265625,2022116
2024-09-03 18:30:00,2698.216436840079,2760.188157340057,2690.111986931693,2757.66455078125,1640986
2024-09-04 18:30:00,2756.500046673475,2771.0101927605288,2740.5823678395104,2754.947021484375,1945173
2024-09-05 18:30:00,2744.9014624679285,2782.123118479223,2744.9014624679285,2755.43212890625,1672730
2024-09-08 18:30:00,2769.1658330755886,2851.7621664284884,2759.5569352281223,2835.8447265625,3342754
2024-09-09 18:30:00,2847.6858799868537,2851.180067874474,2802.553844056592,2813.327392578125,1536584
2024-09-10 18:30:00,2825.9451329233075,2863.2153669847785,2812.8422829388005,2818.714111328125,1913665
2024-09-11 18:30:00,2825.3626974022027,2876.221072335061,2809.0568810938826,2869.427001953125,2454564
2024-09-12 18:30:00,2869.426835111309,2869.426835111309,2832.641893822737,2846.666748046875,1902001
2024-09-15 18:30:00,2824.3919995176966,2824.3919995176966,2724.810248668883,2782.754150390625,1489057
2024-09-16 18:30:00,2782.754193762976,2828.177216442892,2775.9601235551504,2788.9658203125,1098661
2024-09-17 18:30:00,2789.4509116784598,2808.4258252229865,2777.512713203406,2791.24658203125,464796
2024-09-18 18:30:00,2791.634934219749,2847.9772355641235,2788.8203427591197,2826.090576171875,1713010
2024-09-19 18:30:00,2838.756430247054,2901.4075048930017,2810.221195875677,2890.003173828125,3641632
2024-09-22 18:30:00,2892.332571352012,2945.7145483400527,2882.578180892528,2939.454345703125,1300470
2024-09-23 18:30:00,2931.15585489431,2931.15585489431,2859.429983559541,2863.7490234375,1929308
2024-09-24 18:30:00,2863.749069984707,2873.260815338254,2819.636191624619,2862.196044921875,1055354
2024-09-25 18:30:00,2864.2830665701063,2904.8048428813454,2854.674167856613,2898.25341796875,1902889
2024-09-26 18:30:00,2898.253441779502,2940.861873814792,2865.884454754662,2878.9873046875,2977081
2024-09-29 18:30:00,2876.997576184141,2909.706124674832,2856.0331583870834,2871.271240234375,1627702
2024-09-30 18:30:00,2875.541649372102,2875.541649372102,2806.339143756762,2837.737548828125,1184642
2024-10-02 18:30:00,2823.178793142816,2837.106731735907,2776.9306818262016,2808.23193359375,1233447
2024-10-03 18:30:00,2805.950913058085,2828.2742859395566,2734.176463728675,2764.94384765625,2456486
2024-10-06 18:30:00,2761.3042498599384,2782.1231747563133,2741.9411971515387,2750.04541015625,1280975
2024-10-07 18:30:00,2760.333604802783,2801.098025126875,2716.3662183472698,2735.875,1761488
2024-10-08 18:30:00,2740.339318628453,2742.7174325285027,2679.4839147128605,2687.4912109375,1476282
2024-10-09 18:30:00,2688.5103424536064,2705.3983631788246,2652.7929013427,2673.660400390625,2065078
2024-10-10 18:30:00,2683.463661587022,2707.922266928901,2656.530026136385,2701.322265625,679307
2024-10-13 18:30:00,2709.475281759991,2722.189756632328,2683.657720300339,2707.048828125,874010
2024-10-14 18:30:00,2710.931195584649,2716.9487533001934,2683.900406892272,2699.623779296875,1082666
2024-10-15 18:30:00,2707.09718625598,2715.250212700661,2674.5343678170534,2699.4296875,1170797
2024-10-16 18:30:00,2697.68253378276,2700.1575638443824,2643.3299731877614,2658.082763671875,1368242
2024-10-17 18:30:00,2658.0828331824578,2659.393212942984,2614.212598375217,2637.1669921875,1137277
2024-10-20 18:30:00,2635.128739979521,2657.4521142040253,2601.595102176689,2614.309814453125,792345
2024-10-21 18:30:00,2606.1084688697565,2630.275853329173,2595.092274110287,2602.808349609375,1272253
2024-10-22 18:30:00,2543.893824030917,2613.824260595203,2543.893824030917,2581.067138671875,1431962
2024-10-23 18:30:00,2569.128970586372,2569.128970586372,2380.448040858193,2431.403564453125,9216267
2024-10-24 18:30:00,2428.6859946148834,2465.276867660535,2426.550762829841,2453.678466796875,2761166
2024-10-27 18:30:00,2469.159144937238,2513.4177526958706,2445.9623436655493,2500.023681640625,852829
2024-10-28 18:30:00,2509.632330583052,2509.632330583052,2461.394481395327,2472.70166015625,1695654
2024-10-29 18:30:00,2481.776848804237,2487.891559530861,2458.871031051871,2479.787109375,1200637
2024-10-30 18:30:00,2479.7870359976687,2488.0855548126483,2449.8447403470686,2453.87255859375,1901355
2024-10-31 18:30:00,2469.1107892962864,2471.0519523196854,2437.4699741899085,2462.8505859375,118532
2024-11-03 18:30:00,2472.0710314022585,2472.0710314022585,2429.8507369907948,2450.524169921875,1097260
2024-11-04 18:30:00,2445.865401430169,2455.813861892336,2433.2478418196165,2447.17578125,702046
2024-11-05 18:30:00,2469.611452196455,2476.386532154494,2449.777629154025,2455.374267578125,1219166
2024-11-06 18:30:00,2455.374054274254,2464.407253718044,2421.401332931118,2430.630859375,1322446
2024-11-07 18:30:00,2438.927788649835,2469.6605169147483,2422.579669604473,2462.247314453125,1700877
2024-11-10 18:30:00,2463.5237739285594,2469.316739128912,2430.189173754933,2445.899169921875,1175577
2024-11-11 18:30:00,2449.7775706822567,2451.692178555918,2411.484454346943,2416.884765625,1624222
2024-11-12 18:30:00,2417.4740174733843,2427.980029788182,2405.985890652603,2420.272216796875,1262017
2024-11-13 18:30:00,2415.804451248359,2420.026560463074,2340.4947086024417,2345.89501953125,2443393
2024-11-17 18:30:00,2357.628355989708,2381.046163629545,2332.688834326965,2378.984130859375,1374215
2024-11-18 18:30:00,2387.8210740176746,2395.970682267616,2361.507022871615,2366.661865234375,1133370
2024-11-20 18:30:00,2380.800679721789,2380.800679721789,2333.032571434998,2339.611083984375,1291829
2024-11-21 18:30:00,2347.613353088314,2407.6551370493976,2334.7509378705845,2400.92919921875,1696471
2024-11-24 18:30:00,2425.230626434164,2460.2835069783887,2413.0554754508216,2426.654296875,4368045
2024-11-25 18:30:00,2441.186181184411,2449.7284438602323,2415.80462213737,2434.263916015625,982442
2024-11-26 18:30:00,2430.2871904428803,2447.7646089278323,2413.44813437444,2441.82421875,948232
2024-11-27 18:30:00,2440.940689057231,2493.12723742822,2408.735148515141,2417.572021484375,2540530
2024-11-28 18:30:00,2410.600728530422,2462.050868133835,2410.600728530422,2450.906494140625,1795164
2024-12-01 18:30:00,2439.9586625684246,2445.358973491614,2415.9518737711646,2434.214599609375,1006993
2024-12-02 18:30:00,2435.0494613734018,2446.291879693493,2421.303214414036,2437.847900390625,1641588
2024-12-03 18:30:00,2436.12953900783,2447.8137526509245,2412.024465943355,2419.830322265625,1321495
2024-12-04 18:30:00,2420.9106401262025,2469.415160108524,2405.642438807475,2449.385009765625,2071795
2024-12-05 18:30:00,2449.7774666798377,2450.5630144118554,2430.1399719569536,2438.780517578125,1308086
2024-12-08 18:30:00,2420.32129343532,2432.054648922866,2340.1021731538126,2357.23583984375,3385021
2024-12-09 18:30:00,2365.041840500616,2369.2639501866997,2345.0116899782884,2353.897705078125,2063838
2024-12-10 18:30:00,2361.4086980082207,2365.6799489199275,2341.77120363809,2357.824951171875,1718225
2024-12-11 18:30:00,2341.82054101358,2356.450379655681,2295.6232837042285,2302.447265625,3231056
2024-12-12 18:30:00,2302.4470222060845,2351.148103051197,2291.1554631934337,2346.77880859375,2260902
2024-12-15 18:30:00,2346.9751128385005,2349.6261265509324,2320.1698859339126,2323.2626953125,1247552
2024-12-16 18:30:00,2310.695063102716,2336.861929579234,2310.695063102716,2320.41552734375,2131569
2024-12-17 18:30:00,2307.454663175832,2339.807386268207,2307.454663175832,2316.438720703125,988403
2024-12-18 18:30:00,2304.4602052401287,2343.686056401983,2293.6595822074737,2317.077392578125,1655915
2024-12-19 18:30:00,2309.467724557705,2330.479748587135,2282.515070557055,2291.597412109375,2069691
2024-12-22 18:30:00,2294.641369734494,2309.124022795506,2273.285593186901,2296.5068359375,1066199
2024-12-23 18:30:00,2288.848234775878,2314.229552226785,2288.848234775878,2293.217529296875,683646
2024-12-25 18:30:00,2289.9773243568984,2299.403417590653,2282.564122249837,2290.46826171875,1033769
2024-12-26 18:30:00,2300.5324897599107,2303.134361905232,2286.049837508968,2298.814208984375,556816
2024-12-29 18:30:00,2299.05968803339,2316.389681190017,2282.8587549338595,2301.0234375,924180
2024-12-30 18:30:00,2297.586849677959,2310.007469026126,2281.140448083042,2284.67529296875,1878762
2024-12-31 18:30:00,2282.8588155253287,2294.7884979654154,2278.1949104183414,2280.011474609375,559893
2025-01-01 18:30:00,2287.767981935654,2336.517963432763,2273.530799215453,2327.04296875,1650744
2025-01-02 18:30:00,2338.678339641274,2370.834735922727,2321.9373281379058,2362.635986328125,1274239
2025-01-05 18:30:00,2374.1730256557257,2375.10575867804,2318.8442903999216,2333.130615234375,900419
2025-01-06 18:30:00,2334.063573808319,2358.708727057057,2332.198107583421,2347.46630859375,922768
2025-01-07 18:30:00,2347.662453978323,2365.3361989267164,2325.0793354331527,2357.481201171875,953351
2025-01-08 18:30:00,2361.457814796113,2428.8142759463803,2343.1457076596816,2391.257568359375,2425267
2025-01-09 18:30:00,2391.2577424018345,2411.484458748228,2370.049390991343,2397.787353515625,1651911
2025-01-12 18:30:00,2373.2405929574184,2415.903006147045,2365.385594359908,2406.5751953125,2595013
2025-01-13 18:30:00,2420.3212661598373,2423.2668904188554,2321.2501994677364,2325.0302734375,2052741
2025-01-14 18:30:00,2330.87260514862,2341.673228473689,2307.50417554499,2329.989013671875,1215150
2025-01-15 18:30:00,2333.867188879549,2336.861954874067,2283.8898589241226,2302.496337890625,2762596
2025-01-16 18:30:00,2307.405752799424,2336.1747320433897,2300.532629280447,2311.333251953125,1333005
2025-01-19 18:30:00,2313.738717944333,2325.079419305078,2293.315675101929,2302.692626953125,1382273
2025-01-20 18:30:00,2310.8422527675875,2334.2109200503423,2290.173741080801,2298.077880859375,1842885
2025-01-21 18:30:00,2300.0907444235577,2319.1881603751613,2289.928244871017,2300.4833984375,2658047
2025-01-22 18:30:00,2273.0398957567777,2298.86324791517,2212.9983546557087,2279.618408203125,3408925
2025-01-23 18:30:00,2290.5666487972244,2337.647495987577,2280.895086444603,2325.177734375,1688664
2025-01-26 18:30:00,2322.133697251149,2366.023448998165,2318.353383718259,2349.47900390625,2477358
2025-01-27 18:30:00,2357.48119559763,2363.3724438998315,2336.321747502455,2345.551513671875,1892156
2025-01-28 18:30:00,2341.918436117832,2352.5718729143537,2321.151881289454,2340.740234375,699576
2025-01-29 18:30:00,2340.7894200830306,2381.0462851096263,2340.7894200830306,2365.0908203125,1419960
2025-01-30 18:30:00,2357.9722699945264,2434.0675649870627,2357.9722699945264,2424.052490234375,2116148
2025-01-31 18:30:00,2430.139939176491,2554.838028984739,2391.0121355827387,2460.627197265625,2970999
2025-02-02 18:30:00,2459.5962149229367,2474.3243359703797,2372.7003007430244,2397.68896484375,2528480
2025-02-03 18:30:00,2405.5929736608914,2405.5929736608914,2359.297678237658,2393.859619140625,1992474
2025-02-04 18:30:00,2408.538762766955,2408.538762766955,2343.735029239593,2347.711669921875,1357416
2025-02-05 18:30:00,2356.499319499281,2365.2870502684787,2317.518941198998,2329.694091796875,1132113
2025-02-06 18:30:00,2336.8618194174337,2338.7764271667124,2293.757615357239,2321.004638671875,855602
2025-02-09 18:30:00,2327.9268622556306,2354.535765162653,2309.418666146116,2318.648193359375,1326354
2025-02-10 18:30:00,2328.025164964299,2334.849146922713,2254.924633602642,2273.28564453125,1389260
2025-02-11 18:30:00,2283.5458605845,2297.4884328852386,2263.3193863135825,2290.22265625,1341909
2025-02-12 18:30:00,2287.8665825033304,2303.085642004024,2271.420179494517,2279.42236328125,1334967
2025-02-13 18:30:00,2279.9130925334366,2323.1155800749834,2271.4688740822958,2276.329345703125,1135380
2025-02-16 18:30:00,2276.329430823597,2293.659424337889,2258.311933209394,2287.178955078125,1409168
2025-02-17 18:30:00,2287.17904363718,2296.1633418095184,2246.5295231516766,2254.384521484375,1035705
2025-02-18 18:30:00,2257.084579856575,2263.9085614208143,2207.254436331737,2209.61083984375,1521343
2025-02-19 18:30:00,2209.61072851207,2213.587368989304,2186.1440190733874,2207.303466796875,2206196
2025-02-20 18:30:00,2207.3036737471143,2212.703985102254,2186.045940674385,2201.01953125,1781509
2025-02-23 18:30:00,2189.580580676636,2210.1999493735907,2178.5836319813607,2200.822998046875,1627949
2025-02-24 18:30:00,2202.345003448744,2228.4629669638985,2197.386488155033,2218.349609375,1988040
2025-02-26 18:30:00,2228.511778209468,2228.511778209468,2192.62445032104,2204.259521484375,1699658
2025-02-27 18:30:00,2204.3580562349134,2208.8256344948168,2146.2311163198974,2150.55126953125,3683249
2025-03-02 18:30:00,2159.142471752544,2159.142471752544,2119.376546283704,2137.39404296875,1306470
2025-03-03 18:30:00,2140.437783808497,2140.4869254884225,2097.284437084069,2118.24755859375,1800330
2025-03-04 18:30:00,2112.99456534149,2152.171273896323,2111.030815745448,2131.110107421875,1145673
2025-03-05 18:30:00,2135.57760914812,2189.3843940941274,2124.5315180663188,2178.73095703125,1856868
2025-03-06 18:30:00,2186.340470972133,2186.340470972133,2149.5201676266797,2164.592041015625,1738356
2025-03-09 18:30:00,2167.979510760761,2226.0573080183467,2154.871386582588,2207.009033203125,1242387
2025-03-10 18:30:00,2199.399349846657,2221.44238913751,2171.170451941259,2176.76708984375,1325891
2025-03-11 18:30:00,2177.160105947309,2189.531584156364,2145.39636141498,2153.153076171875,1526212
2025-03-12 18:30:00,2145.3964226012604,2169.894150742321,2125.2188476629813,2135.38134765625,1845629
2025-03-16 18:30:00,2121.831291828584,2155.656828338742,2117.412855542962,2131.8955078125,1111886
2025-03-17 18:30:00,2131.8955078125,2131.8955078125,2131.8955078125,2131.8955078125,0
2025-03-18 18:30:00,2166.99756552946,2172.7416286827006,2153.6931147712576,2160.173583984375,1341405
2025-03-19 18:30:00,2163.9536812276774,2208.138045295977,2148.783764173998,2201.755859375,1426689
2025-03-20 18:30:00,2204.308858765917,2214.32393347734,2185.45691112403,2205.487060546875,2152415
2025-03-23 18:30:00,2209.4635575040347,2224.928084125828,2200.3812164721885,2215.3056640625,1454404
2025-03-24 18:30:00,2209.9547487462705,2250.4570850278583,2202.688970972272,2230.13232421875,2229340
2025-03-25 18:30:00,2230.81933919465,2238.576053510754,2197.239272084734,2205.241455078125,1416907
2025-03-26 18:30:00,2203.5232921909783,2219.920552767721,2160.124475668381,2203.965087890625,3752627
2025-03-27 18:30:00,2206.272404009836,2254.3842632873084,2199.6938916027498,2217.90771484375,2280152
2025-03-31 18:30:00,2218.055138936704,2243.240131281449,2179.7620223282347,2193.361083984375,2495962
2025-04-01 18:30:00,2203.032323824425,2203.032323824425,2150.3548394880845,2197.33740234375,1351493
2025-04-02 18:30:00,2185.1130403838,2212.0654534146915,2180.3510918370066,2203.866943359375,1310088
2025-04-03 18:30:00,2189.580618287982,2225.959124485599,2181.725620554213,2203.866943359375,1120226
2025-04-06 18:30:00,2111.030654660281,2220.6079696442,2111.030654660281,2208.62890625,3435185
2025-04-07 18:30:00,2227.186607277835,2264.399565484465,2211.525752509045,2247.7568359375,2774874
2025-04-08 18:30:00,2252.3713933540657,2311.480201648499,2248.0020989340924,2307.405517578125,2989089
2025-04-10 18:30:00,2351.1972219367067,2351.442690608515,2301.8580189031986,2323.2626953125,3836083
2025-04-14 18:30:00,2356.4994442091893,2356.4994442091893,2302.692658956642,2318.697265625,3042779
2025-04-15 18:30:00,2308.3874922964587,2332.934360568433,2308.3874922964587,2323.704833984375,1131979
2025-04-16 18:30:00,2314.377173785059,2336.7637273251385,2300.6309266633484,2331.95263671875,1962402
2025-04-20 18:30:00,2325.177604656988,2329.3994741521456,2306.2273747455256,2308.387451171875,1478430
2025-04-21 18:30:00,2327.0433844016457,2362.390878848253,2312.4135450863487,2355.22314453125,2352346
2025-04-22 18:30:00,2366.3182440167266,2393.810738138083,2350.0190266157124,2379.8681640625,2226066
2025-04-23 18:30:00,2379.867979637484,2442.315067615988,2275.1019956011355,2283.1533203125,7065430
2025-04-24 18:30:00,2289.633612290894,2299.4523596993467,2252.813309509196,2289.92822265625,2859858
2025-04-27 18:30:00,2302.496349368105,2306.4238484715047,2273.0401060926065,2276.574951171875,1555660
2025-04-28 18:30:00,2285.8042666616752,2290.22270274414,2270.6834923989963,2279.618408203125,1896387
2025-04-29 18:30:00,2277.949398128391,2309.860327197,2274.0218991661004,2299.64892578125,2083807
2025-05-01 18:30:00,2291.794010197549,2302.496349368105,2268.130732213357,2276.574951171875,1424284
2025-05-04 18:30:00,2281.9750758183536,2312.2166246689503,2277.0657023405943,2306.031005859375,2074103
2025-05-05 18:30:00,2297.78306799766,2346.778758141565,2297.78306799766,2338.629150390625,1888125
2025-05-06 18:30:00,2326.061434813229,2343.636898100996,2312.609797801949,2327.828857421875,1610400
2025-05-07 18:30:00,2318.8935932451186,2328.9086679425363,2298.5688334765755,2312.216796875,2323073
2025-05-08 18:30:00,2287.768137663965,2300.2378988832365,2260.57025538677,2290.615478515625,1805685
2025-05-11 18:30:00,2317.224467963012,2343.735086876148,2303.576504482828,2339.316650390625,1274873
2025-05-12 18:30:00,2332.541706924671,2354.5356050135724,2310.1549151140503,2317.224365234375,1929665
2025-05-13 18:30:00,2327.0430410418,2327.0430410418,2296.1139879646616,2307.896484375,1568111
2025-05-14 18:30:00,2308.976625401022,2326.944740521852,2297.586783068839,2312.51123046875,3236681
2025-05-15 18:30:00,2317.224305310505,2343.734922362786,2306.4236835484644,2338.236328125,1473000
2025-05-18 18:30:00,2331.95255175475,2361.408794513757,2331.95255175475,2339.512939453125,936655
2025-05-19 18:30:00,2351.19753918304,2351.19753918304,2296.1142659106454,2298.667236328125,1617408
2025-05-20 18:30:00,2303.478005860862,2332.6396359970754,2302.496131178057,2321.053466796875,1570754
2025-05-21 18:30:00,2312.3151721769136,2320.268454005645,2271.174713619723,2288.45556640625,2423653
2025-05-22 18:30:00,2294.542867173041,2321.642704503221,2287.375373708448,2316.438720703125,844118
2025-05-25 18:30:00,2325.07927344993,2353.8482499032,2321.250058032729,2350.706298828125,892618
2025-05-26 18:30:00,2350.706553150472,2365.8273291751543,2317.5191369873537,2337.058349609375,1865258
2025-05-27 18:30:00,2344.7169767245714,2344.7169767245714,2309.3694846131457,2319.188232421875,897517
2025-05-28 18:30:00,2326.0613384377957,2332.9344618523432,2312.8060289954524,2323.802978515625,1111275
2025-05-29 18:30:00,2317.2244591411445,2331.854297340192,2301.0235254225727,2305.736572265625,3288892
2025-06-01 18:30:00,2305.343634416857,2340.789408851528,2301.121764755519,2328.6142578125,1178205
2025-06-02 18:30:00,2322.2321074614806,2336.3710082209477,2300.139925202615,2309.6640625,1643913
2025-06-03 18:30:00,2316.733448566607,2324.686729845221,2299.648923980229,2321.642822265625,3287896
2025-06-04 18:30:00,2321.642934355921,2336.861993557662,2306.3255917892498,2333.3271484375,1787978
2025-06-05 18:30:00,2330.283441283188,2353.0628880206928,2327.1414899600004,2346.484375,997488
2025-06-08 18:30:00,2350.608057477307,2355.517431030935,2335.1926724620143,2349.822509765625,1293622
2025-06-09 18:30:00,2350.0189544422137,2356.695750752591,2335.2908330438154,2351.786376953125,1778782
2025-06-10 18:30:00,2351.786442380136,2359.346830298541,2328.319730852048,2333.3271484375,1977707
2025-06-11 18:30:00,2343.636753147556,2344.7169112625684,2281.9752104026784,2290.419189453125,3339584
2025-06-12 18:30:00,2263.221282893185,2282.760494395082,2260.2756586638234,2276.967529296875,1740682
2025-06-15 18:30:00,2277.94931097458,2294.248526930686,2271.1744714100378,2285.215087890625,1105297
2025-06-16 18:30:00,2277.949336261707,2290.8119909000766,2271.1744966219585,2286.3935546875,1119284
2025-06-17 18:30:00,2285.5097848886408,2289.1426734843863,2244.0747187940665,2255.660888671875,2056563
2025-06-18 18:30:00,2258.410148058999,2265.9705354890243,2248.7877278228257,2252.616943359375,1214549
2025-06-19 18:30:00,2253.402708180384,2271.0764549112105,2250.849737766385,2264.399658203125,2685864
2025-06-22 18:30:00,2265.590049100476,2268.169866753373,2241.082750343553,2257.35498046875,842856
2025-06-23 18:30:00,2277.099825042089,2283.053027199062,2242.67052101488,2245.44873046875,2440747
2025-06-24 18:30:00,2261.224466347496,2272.6347697099336,2253.683647230803,2260.9267578125,1047270
2025-06-25 18:30:00,2271.047175154068,2273.130892683563,2253.8823037125367,2263.010498046875,1874722
2025-06-26 18:30:00,2263.0104562105053,2292.4787561982344,2261.5221557844948,2288.90673828125,1050745
2025-06-29 18:30:00,2291.8833514974594,2298.928070446473,2270.1542620550413,2276.702880859375,1403754
2025-06-30 18:30:00,2282.060604307341,2284.6404218850275,2268.7652176811503,2277.595703125,759914
2025-07-01 18:30:00,2277.099747912196,2290.990552474624,2269.7575623951902,2289.10546875,1128034
2025-07-02 18:30:00,2291.9828168641297,2308.750905945756,2286.029614742405,2295.356201171875,1060039
2025-07-03 18:30:00,2299.920284481797,2323.1376744970185,2292.2803906553454,2321.05419921875,1242346
2025-07-06 18:30:00,2322.7410024796927,2396.858319639088,2322.7410024796927,2391.599609375,2701583
2025-07-07 18:30:00,2386.6384929568344,2399.6364137173014,2367.3899041263103,2374.03759765625,1471046
2025-07-08 18:30:00,2380.2884570863957,2420.670959786851,2378.4033734605428,2404.498046875,1741690
2025-07-09 18:30:00,2404.4982396768783,2415.0156603181044,2378.8996643467794,2389.615234375,1053695
2025-07-10 18:30:00,2480.50077507572,2510.2667843766285,2441.804962984538,2499.947998046875,7242235
2025-07-13 18:30:00,2480.5008132523167,2512.7473238245966,2470.5788099993074,2496.971435546875,2427712
2025-07-14 18:30:00,2501.039324367612,2510.167518959921,2490.422829279717,2507.19091796875,1700294
2025-07-15 18:30:00,2506.595717385392,2513.144094156912,2487.9423029182253,2497.963623046875,1284379
2025-07-16 18:30:00,2493.399357752,2505.702544596446,2486.652347254296,2490.224365234375,807474
2025-07-17 18:30:00,2495.2843577635995,2495.2843577635995,2462.144965698126,2470.181884765625,771112
2025-07-20 18:30:00,2471.471769802211,2474.150904552474,2436.248657165117,2445.674560546875,1169960
2025-07-21 18:30:00,2450.734836023488,2465.617841100553,2433.470647028656,2460.359130859375,861632
2025-07-22 18:30:00,2461.6490247227266,2467.6022267172198,2422.953211758524,2431.28759765625,1320795
2025-07-23 18:30:00,2436.744568380519,2446.7658880933027,2402.116875536856,2418.785888671875,693984
2025-07-24 18:30:00,2407.1772840475533,2409.657784838074,2386.638543712917,2396.560546875,769388
2025-07-27 18:30:00,2396.5605543297306,2429.204090176368,2393.4848786817606,2422.556396484375,987995
2025-07-28 18:30:00,2425.7314790440246,2438.3323751192297,2410.7491567723278,2434.462890625,732282
2025-07-29 18:30:00,2422.953134293376,2433.768020676373,2379.7924212132107,2418.388916015625,1224146
2025-07-30 18:30:00,2401.224093298107,2529.1186177565537,2401.224093298107,2501.535400390625,5505507
2025-07-31 18:30:00,2530.110889578397,2706.22645150003,2517.112968113841,2533.781982421875,4259653
2025-08-03 18:30:00,2527.1341727297117,2563.0517752650835,2515.327086013953,2523.85986328125,1293028
2025-08-04 18:30:00,2517.7083852053106,2533.0874906124764,2497.665986605836,2514.93017578125,756361
2025-08-05 18:30:00,2518.898917854651,2543.1087511382634,2506.893439258159,2515.8232421875,885487
2025-08-06 18:30:00,2515.922254843745,2524.1575657894737,2475.539751039598,2497.8642578125,847151
2025-08-07 18:30:00,2496.3760050794067,2510.16749263262,2467.205412566444,2479.11181640625,839794
2025-08-10 18:30:00,2470.678006035155,2504.8095986608714,2459.168385930271,2498.757080078125,992436
2025-08-11 18:30:00,2498.3604491802103,2516.815472347512,2460.756153293229,2464.42724609375,1406211
2025-08-12 18:30:00,2465.6178398482184,2481.989145424676,2454.108219033236,2475.63916015625,969803
2025-08-13 18:30:00,2479.409269233492,2489.430589305409,2453.909769595819,2461.252197265625,1104362
2025-08-17 18:30:00,2519.1966970429903,2576.744317534717,2501.634799236764,2548.06982421875,3089136
2025-08-18 18:30:00,2552.13757165593,2594.603793083701,2538.445159023351,2584.4833984375,1400717
2025-08-19 18:30:00,2578.728728752345,2659.096957697686,2568.3106250001715,2648.9765625,3156954
2025-08-20 18:30:00,2646.297558468229,2646.297558468229,2606.807937462502,2627.346435546875,2235686
2025-08-21 18:30:00,2626.3541730605166,2637.76447641911,2598.5725648830726,2609.387451171875,1223445
2025-08-24 18:30:00,2622.385449660888,2622.385449660888,2594.8022322765755,2611.074462890625,667598
2025-08-25 18:30:00,2604.1290122069813,2683.901819675416,2604.1290122069813,2671.5986328125,4348648
2025-08-27 18:30:00,2726.566583600232,2726.566583600232,2626.1559558246827,2633.696533203125,3198743
2025-08-28 18:30:00,2644.0154449288766,2701.7614547505946,2620.797812241766,2639.054443359375,1972773
2025-08-31 18:30:00,2639.054428419475,2652.4491325813005,2618.714322099665,2628.834716796875,1096729
2025-09-01 18:30:00,2628.338751273143,2671.400149963799,2624.469266767194,2656.120361328125,1525106
2025-09-02 18:30:00,2660.0889285014373,2665.942813210072,2637.566030780501,2643.916015625,1010692
2025-09-03 18:30:00,2728.550924824722,2728.550924824722,2634.787993044382,2645.801513671875,2494678
2025-09-04 18:30:00,2646.793550617698,2652.0520182863465,2603.335130123233,2612.860107421875,944879
2025-09-07 18:30:00,2609.486845026385,2623.9730666119685,2598.3742498750744,2603.434326171875,903410
2025-09-08 18:30:00,2616.43230882366,2625.560503547093,2590.9328084136164,2621.393310546875,1610956
2025-09-09 18:30:00,2621.393291290843,2632.2081780734443,2598.572683531688,2622.881591796875,1031486
2025-09-10 18:30:00,2623.1793324727764,2636.9708204363524,2593.611713610197,2601.54931640625,1212707
2025-09-11 18:30:00,2604.5257148528326,2608.395199020342,2548.9624996026387,2560.372802734375,1368380
2025-09-14 18:30:00,2560.37279634945,2573.1720829359647,2548.3670761897,2560.868896484375,752745
2025-09-15 18:30:00,2568.01288636171,2569.7988954313,2552.534706310226,2560.769775390625,1040928
2025-09-16 18:30:00,2566.8220955202946,2570.8902135171456,2546.481990008828,2549.656982421875,970247
2025-09-17 18:30:00,2550.847649216938,2589.5434608386845,2550.847649216938,2566.623779296875,1550153
2025-09-18 18:30:00,2579.7207815780857,2584.384074543658,2534.8733764379317,2539.635986328125,2214708
2025-09-21 18:30:00,2548.962702635441,2567.0207005828506,2540.231291096219,2552.1376953125,1174161
2025-09-22 18:30:00,2548.8632941880032,2555.213521550528,2498.558786627699,2502.527587890625,1430474
2025-09-23 18:30:00,2502.527628586512,2555.908054888213,2490.4228329850216,2529.61474609375,1882881
2025-09-24 18:30:00,2526.142091514596,2547.474399043097,2512.0528949895665,2518.502197265625,1624258
2025-09-25 18:30:00,2515.2277385461766,2525.54652468155,2479.905311279923,2492.208740234375,885612
2025-09-28 18:30:00,2475.5397082588324,2497.7648977229896,2423.945293497526,2478.4169921875,2403556
2025-09-29 18:30:00,2478.4170251763394,2506.5956589551924,2472.166357093869,2494.788330078125,1678088
2025-09-30 18:30:00,2495.780641485965,2530.110870187784,2478.4171355140884,2516.41845703125,1483899
2025-10-02 18:30:00,2516.4184426371576,2528.721872140129,2488.7361501691885,2525.050537109375,1242611
2025-10-05 18:30:00,2515.426234426769,2529.714064556161,2500.5432294397424,2521.974853515625,818923
2025-10-06 18:30:00,2520.188866616989,2539.437456341468,2488.736164248618,2497.566650390625,1291750
2025-10-07 18:30:00,2491.414984165673,2505.305788537764,2466.70929328416,2480.60009765625,1225128
2025-10-08 18:30:00,2481.493000836882,2503.3214078814285,2478.814108419605,2497.963623046875,1259173
2025-10-09 18:30:00,2490.422803810714,2515.12849489021,2486.9501026898624,2509.17529296875,1018875
2025-10-12 18:30:00,2499.5509243788547,2511.854353327809,2466.014506099277,2473.35693359375,1114750
2025-10-13 18:30:00,2473.555447376003,2489.6290444351357,2462.9389521863327,2482.782958984375,1461017
2025-10-14 18:30:00,2483.080551145378,2512.0527512652384,2483.080551145378,2499.3525390625,881070
2025-10-15 18:30:00,2498.1618926654496,2548.466397996017,2487.545398204978,2541.52099609375,1446646
2025-10-16 18:30:00,2545.4898430859407,2594.603757423401,2540.0327414928897,2583.391845703125,2050690
2025-10-19 18:30:00,2588.650527606881,2604.228023538072,2565.433137975568,2574.164306640625,1011485
2025-10-20 18:30:00,2573.7677049527942,2586.3686009360827,2564.9372187424715,2571.485595703125,82020
2025-10-22 18:30:00,2580.712932545832,2646.396542743126,2575.8512480603545,2581.308349609375,3386744
2025-10-23 18:30:00,2563.845541367595,2563.845541367595,2455.1996099512826,2496.772705078125,3110800
2025-10-26 18:30:00,2496.7727162326983,2505.3057356327795,2486.453930097325,2492.208740234375,2127832
2025-10-27 18:30:00,2499.3526254379835,2506.298027731777,2462.541896386315,2477.62353515625,2294976
2025-10-28 18:30:00,2493.002510276694,2493.994710552656,2464.6254854896224,2468.693603515625,1870143
2025-10-29 18:30:00,2471.5708795685664,2477.5240812054235,2435.752352825584,2450.337890625,1195631
2025-10-30 18:30:00,2449.742476349403,2460.160579225737,2433.7679550444664,2446.269775390625,1401937
2025-11-02 18:30:00,2436.943259855451,2455.596431753257,2421.2664466287306,2440.812744140625,1049185
2025-11-03 18:30:00,2440.812780562824,2444.0870900572017,2422.2586830765586,2426.624267578125,1251588
2025-11-05 18:30:00,2444.682292267998,2444.682292267998,2413.6266157779787,2417.0,1329256
2025-11-06 18:30:00,2417.0,2425.0,2400.60009765625,2414.0,817896
2025-11-09 18:30:00,2405.0,2429.300048828125,2404.0,2408.800048828125,780558
2025-11-10 18:30:00,2422.199951171875,2433.699951171875,2403.10009765625,2427.5,1422399
2025-11-11 18:30:00,2430.60009765625,2434.800048828125,2416.199951171875,2424.5,1680827
2025-11-12 18:30:00,2429.0,2431.0,2405.0,2407.60009765625,1256059
2025-11-13 18:30:00,2405.10009765625,2430.199951171875,2392.0,2427.699951171875,975973
2025-11-16 18:30:00,2431.39990234375,2438.39990234375,2416.0,2425.0,920038
2025-11-17 18:30:00,2415.800048828125,2422.89990234375,2401.89990234375,2404.0,1229034
2025-11-18 18:30:00,2412.0,2450.699951171875,2411.0,2441.60009765625,1465143
2025-11-19 18:30:00,2445.10009765625,2459.0,2425.0,2428.39990234375,1396929
2025-11-20 18:30:00,2436.199951171875,2443.199951171875,2413.0,2433.699951171875,1840712
2025-11-23 18:30:00,2441.89990234375,2444.89990234375,2413.0,2424.199951171875,4092327
2025-11-24 18:30:00,2422.0,2424.199951171875,2406.0,2414.10009765625,1240672
2025-11-25 18:30:00,2412.0,2427.699951171875,2409.0,2425.199951171875,1242683
2025-11-26 18:30:00,2426.10009765625,2459.699951171875,2425.0,2451.699951171875,1872248
2025-11-27 18:30:00,2450.0,2470.0,2447.199951171875,2466.60009765625,973225
2025-11-30 18:30:00,2466.60009765625,2488.0,2458.800048828125,2464.5,1924828
2025-12-01 18:30:00,2471.0,2484.39990234375,2460.0,2477.800048828125,2179406
2025-12-02 18:30:00,2478.199951171875,2484.89990234375,2403.10009765625,2448.0,3535932
2025-12-03 18:30:00,2440.0,2483.0,2423.199951171875,2462.199951171875,2587753
2025-12-04 18:30:00,2422.0,2422.0,2286.699951171875,2338.60009765625,4008271
2025-12-07 18:30:00,2350.10009765625,2355.10009765625,2302.0,2314.0,1898154
2025-12-08 18:30:00,2318.0,2330.39990234375,2298.10009765625,2306.5,1471488
2025-12-09 18:30:00,2306.5,2316.89990234375,2295.0,2301.699951171875,2857290
2025-12-10 18:30:00,2296.300048828125,2313.0,2292.0,2305.60009765625,1108032
2025-12-11 18:30:00,2306.89990234375,2309.0,2244.699951171875,2260.60009765625,3203114
2025-12-14 18:30:00,2260.60009765625,2299.0,2252.0,2293.5,1274115
2025-12-15 18:30:00,2293.39990234375,2302.699951171875,2276.0,2281.10009765625,1256042
2025-12-16 18:30:00,2281.199951171875,2286.199951171875,2268.300048828125,2275.60009765625,808100
2025-12-17 18:30:00,2270.0,2278.300048828125,2255.300048828125,2265.5,1057295
2025-12-18 18:30:00,2263.699951171875,2284.800048828125,2263.699951171875,2280.0,1237214
2025-12-21 18:30:00,2280.0,2295.0,2280.0,2289.5,790773
2025-12-22 18:30:00,2289.300048828125,2310.0,2280.699951171875,2302.60009765625,1128801
2025-12-23 18:30:00,2302.60009765625,2305.0,2278.10009765625,2282.199951171875,519380
2025-12-25 18:30:00,2282.300048828125,2290.0,2275.0,2285.39990234375,533626
2025-12-28 18:30:00,2288.89990234375,2298.699951171875,2280.0,2293.300048828125,1086695
2025-12-29 18:30:00,2293.300048828125,2298.0,2283.0,2290.199951171875,1556717
2025-12-30 18:30:00,2290.0,2325.5,2286.800048828125,2315.89990234375,1324220
2025-12-31 18:30:00,2322.0,2326.0,2300.0,2323.0,758866
2026-01-01 18:30:00,2326.0,2357.699951171875,2322.0,2348.0,973413
2026-01-04 18:30:00,2341.5,2394.0,2336.39990234375,2384.10009765625,1344113
2026-01-05 18:30:00,2398.800048828125,2428.10009765625,2367.800048828125,2424.699951171875,1584720
2026-01-06 18:30:00,2416.0,2421.89990234375,2382.0,2399.39990234375,892690
2026-01-07 18:30:00,2389.0,2418.10009765625,2368.10009765625,2386.699951171875,1163828
2026-01-08 18:30:00,2382.0,2386.0,2361.0,2372.60009765625,1189464
2026-01-11 18:30:00,2362.0,2413.89990234375,2361.0,2406.199951171875,1057665
2026-01-12 18:30:00,2415.10009765625,2422.199951171875,2365.0,2389.5,1519683
2026-01-13 18:30:00,2398.89990234375,2398.89990234375,2341.0,2353.5,1027639
2026-01-14 18:30:00,2353.5,2353.5,2353.5,2353.5,0
2026-01-15 18:30:00,2370.0,2372.89990234375,2348.89990234375,2360.39990234375,1367606
2026-01-18 18:30:00,2353.0,2425.39990234375,2353.0,2413.89990234375,1505238
2026-01-19 18:30:00,2423.0,2439.0,2368.5,2379.10009765625,1460806
2026-01-20 18:30:00,2379.10009765625,2400.5,2360.0,2368.0,1020245
2026-01-21 18:30:00,2368.89990234375,2402.0,2365.699951171875,2390.60009765625,1745964
2026-01-22 18:30:00,2400.0,2434.300048828125,2376.800048828125,2409.5,1378097
2026-01-26 18:30:00,2412.0,2421.60009765625,2380.5,2400.89990234375,2060117
2026-01-27 18:30:00,2403.10009765625,2420.199951171875,2340.60009765625,2378.39990234375,1797593
2026-01-28 18:30:00,2370.5,2374.699951171875,2312.0,2352.60009765625,1478536
2026-01-29 18:30:00,2341.0,2385.0,2340.0,2373.0,2090462
2026-02-01 18:30:00,2356.10009765625,2360.0,2303.0,2357.300048828125,1375089
2026-02-02 18:30:00,2390.0,2399.89990234375,2343.300048828125,2368.60009765625,1553270
2026-02-03 18:30:00,2360.60009765625,2393.5,2356.800048828125,2371.0,1232755
2026-02-04 18:30:00,2362.5,2423.0,2351.60009765625,2354.39990234375,1962066
2026-02-05 18:30:00,2354.39990234375,2429.0,2337.5,2424.199951171875,1421995
2026-02-08 18:30:00,2425.0,2439.0,2402.0,2435.0,958484
2026-02-09 18:30:00,2435.0,2458.10009765625,2430.10009765625,2453.60009765625,792532
2026-02-10 18:30:00,2460.0,2470.60009765625,2447.0,2462.89990234375,1137856
2026-02-11 18:30:00,2475.0,2479.60009765625,2350.10009765625,2409.699951171875,4656164
2026-02-12 18:30:00,2400.0,2400.0,2300.300048828125,2305.199951171875,2791519
2026-02-15 18:30:00,2308.10009765625,2327.0,2288.10009765625,2319.0,2036833
2026-02-16 18:30:00,2309.300048828125,2326.0,2303.39990234375,2312.300048828125,1233244
2026-02-17 18:30:00,2312.60009765625,2328.89990234375,2306.0,2323.5,830787
2026-02-18 18:30:00,2336.0,2337.39990234375,2275.60009765625,2279.300048828125,940180
2026-02-19 18:30:00,2285.0,2331.199951171875,2278.300048828125,2314.5,1716316
2026-02-22 18:30:00,2325.0,2350.0,2320.800048828125,2345.39990234375,1300035
2026-02-23 18:30:00,2331.10009765625,2372.0,2330.300048828125,2358.60009765625,1544803
2026-02-24 18:30:00,2368.89990234375,2380.0,2349.0,2374.89990234375,1158620
2026-02-25 18:30:00,2378.0,2387.300048828125,2355.199951171875,2383.300048828125,1470677
2026-02-26 18:30:00,2369.300048828125,2378.89990234375,2330.60009765625,2338.10009765625,3053227
2026-03-01 18:30:00,2303.0,2354.0,2290.199951171875,2320.60009765625,2273224
2026-03-03 18:30:00,2292.89990234375,2311.60009765625,2252.10009765625,2261.300048828125,2648737
2026-03-04 18:30:00,2275.5,2277.800048828125,2228.39990234375,2255.0,1751288
2026-03-05 18:30:00,2245.10009765625,2250.0,2219.5,2225.699951171875,1674258
2026-03-08 18:30:00,2199.0,2200.0,2170.39990234375,2194.60009765625,1512817
2026-03-09 18:30:00,2224.0,2224.0,2175.0,2190.199951171875,1084986
2026-03-10 18:30:00,2190.199951171875,2195.0,2156.0,2161.39990234375,1313256
2026-03-11 18:30:00,2165.10009765625,2165.10009765625,2109.300048828125,2136.89990234375,1791973
2026-03-12 18:30:00,2136.0,2191.89990234375,2120.300048828125,2160.0,2298875
2026-03-15 18:30:00,2169.60009765625,2186.699951171875,2154.0,2175.699951171875,1981511
2026-03-16 18:30:00,2172.800048828125,2184.800048828125,2145.5,2158.199951171875,1705956
2026-03-17 18:30:00,2165.0,2175.0,2129.699951171875,2135.300048828125,2441148
2026-03-18 18:30:00,2112.0,2133.60009765625,2070.10009765625,2077.300048828125,2098905
2026-03-19 18:30:00,2099.699951171875,2099.800048828125,2069.0,2082.699951171875,2429744
2026-03-22 18:30:00,2062.300048828125,2097.0,2033.300048828125,2052.199951171875,2599535
2026-03-23 18:30:00,2070.0,2115.0,2066.0,2085.0,1702418
2026-03-24 18:30:00,2098.0,2154.699951171875,2086.0,2134.800048828125,2069217
2026-03-26 18:30:00,2123.300048828125,2127.0,2069.5,2074.39990234375,2789151
2026-03-29 18:30:00,2064.0,2082.39990234375,2046.199951171875,2055.199951171875,2482193
2026-03-31 18:30:00,2119.89990234375,2119.89990234375,2052.0,2064.699951171875,2028470
2026-04-01 18:30:00,2055.0,2069.89990234375,2022.5,2065.300048828125,1431905
2026-04-05 18:30:00,2065.300048828125,2092.800048828125,2041.9000244140625,2084.800048828125,1661298
2026-04-06 18:30:00,2064.699951171875,2119.5,2050.800048828125,2110.60009765625,2709707
2026-04-07 18:30:00,2130.0,2192.800048828125,2130.0,2145.60009765625,3794437
2026-04-08 18:30:00,2145.5,2162.89990234375,2115.0,2133.199951171875,2506245
2026-04-09 18:30:00,2133.199951171875,2170.0,2121.39990234375,2155.300048828125,2144484
2026-04-12 18:30:00,2131.0,2140.699951171875,2113.5,2127.199951171875,1994541
2026-04-14 18:30:00,2140.89990234375,2168.0,2140.89990234375,2157.60009765625,1552971
2026-04-15 18:30:00,2158.0,2163.699951171875,2129.10009765625,2139.10009765625,1845734
2026-04-16 18:30:00,2142.0,2245.0,2133.0,2240.800048828125,4882697
2026-04-19 18:30:00,2240.800048828125,2253.39990234375,2223.199951171875,2231.5,1460822
2026-04-20 18:30:00,2238.699951171875,2335.699951171875,2227.199951171875,2310.699951171875,3217281
2026-04-21 18:30:00,2310.39990234375,2408.0,2310.39990234375,2368.800048828125,5558325
2026-04-22 18:30:00,2336.0,2400.0,2336.0,2366.39990234375,2063531
2026-04-23 18:30:00,2388.60009765625,2388.60009765625,2299.0,2327.300048828125,1676706
2026-04-26 18:30:00,2334.89990234375,2362.800048828125,2325.0,2328.300048828125,1099681
2026-04-27 18:30:00,2321.0,2334.39990234375,2281.10009765625,2289.5,1629120
2026-04-28 18:30:00,2305.0,2349.699951171875,2291.0,2314.39990234375,1778765
2026-04-29 18:30:00,2312.0,2368.800048828125,2211.60009765625,2250.89990234375,4434979
2026-04-30 18:30:00,2250.89990234375,2250.89990234375,2250.89990234375,2250.89990234375,0
2026-05-03 18:30:00,2268.800048828125,2365.800048828125,2268.800048828125,2309.300048828125,2554255
2026-05-04 18:30:00,2301.5,2324.60009765625,2288.10009765625,2305.199951171875,416938
