Date,Open,High,Low,Close,Volume
2021-05-04 18:30:00,1180.597435377813,1183.0623749987185,1168.8892408309257,1180.9495849609375,3939788
2021-05-05 18:30:00,1184.0307481639024,1201.3730142790157,1177.340335688776,1198.64404296875,4810090
2021-05-06 18:30:00,1201.9012065218649,1208.723688040517,1187.1117842454348,1190.6771240234375,4991435
2021-05-09 18:30:00,1188.300266312331,1190.9852860554715,1175.2715911070898,1179.2330322265625,7195348
2021-05-10 18:30:00,1176.900195068442,1180.5094866973957,1166.512372857335,1171.398193359375,6420988
2021-05-11 18:30:00,1170.8261418863624,1170.8261418863624,1157.1811755711456,1168.1851806640625,5241898
2021-05-13 18:30:00,1168.0529416338368,1168.0529416338368,1154.3640257610134,1158.8536376953125,4824609
2021-05-16 18:30:00,1162.2869581655425,1175.18356484798,1162.2869581655425,1170.2978515625,5017129
2021-05-17 18:30:00,1177.868631755772,1183.6787245906223,1170.3859087588182,1179.6292724609375,5620150
2021-05-18 18:30:00,1181.389637846508,1194.9905411398668,1173.6868365565251,1176.988037109375,4435878
2021-05-19 18:30:00,1187.0240779378437,1187.6402592485474,1175.2277627966014,1179.01318359375,4490092
2021-05-20 18:30:00,1186.2314355342578,1195.034637282193,1185.2190458410537,1192.3936767578125,4969733
2021-05-23 18:30:00,1194.2866762296803,1199.8766892029555,1184.1189327608447,1186.7159423828125,4225371
2021-05-24 18:30:00,1195.4749115290554,1204.2781141176345,1192.349731625722,1198.64404296875,4099340
2021-05-25 18:30:00,1204.1900880483613,1232.4483465009394,1199.040236092676,1230.0274658203125,6850024
2021-05-26 18:30:00,1236.1459031408324,1246.753807292305,1225.1418977807944,1234.4293212890625,15365391
2021-05-27 18:30:00,1241.0316277474617,1244.7729892781776,1229.015233338966,1236.8941650390625,4261312
2021-05-30 18:30:00,1247.0825051236686,1247.0825051236686,1230.6208380920684,1240.1864013671875,4429904
2021-05-31 18:30:00,1245.7478927646762,1246.6377126880795,1226.750259124134,1234.358154296875,4791325
2021-06-01 18:30:00,1228.6187219765782,1238.584660557052,1214.6040597487086,1226.7501220703125,9272276
2021-06-02 18:30:00,1235.1589437566838,1244.858002094692,1225.3264993342227,1236.5382080078125,5115645
2021-06-03 18:30:00,1240.3641985269894,1242.98923196493,1225.8602017572302,1232.978759765625,4194328
2021-06-06 18:30:00,1237.7394431120204,1238.6292629848542,1225.5489543024312,1236.5382080078125,5154576
2021-06-07 18:30:00,1242.1884714890496,1265.1013319051262,1241.7880960173904,1257.2708740234375,7360630
2021-06-08 18:30:00,1257.6713811300513,1267.9932695298262,1249.8409231050714,1259.362060546875,5394317
2021-06-09 18:30:00,1267.103493989389,1271.552593336262,1262.6543946425163,1267.3704833984375,3496575
2021-06-10 18:30:00,1272.5312092843928,1291.6623340076171,1271.9528047198082,1287.480224609375,6140828
2021-06-13 18:30:00,1308.9249463009223,1314.2638651845425,1293.3085651180995,1300.7386474609375,7132294
2021-06-14 18:30:00,1302.6962549617203,1313.3740931171444,1301.806435115435,1311.5054931640625,5403104
2021-06-15 18:30:00,1310.43768641987,1325.3421693256153,1305.810666518263,1317.46728515625,7661710
2021-06-16 18:30:00,1312.5730616381588,1337.0876386411503,1312.5730616381588,1330.5474853515625,7677951
2021-06-17 18:30:00,1342.738189598177,1348.7890081884066,1323.518102047729,1337.666259765625,13533974
2021-06-20 18:30:00,1328.500976041739,1339.8907130555006,1320.6705182672051,1334.9967041015625,5454052
2021-06-21 18:30:00,1343.361157343842,1353.8165419297245,1336.5985473358169,1345.2742919921875,6427862
2021-06-22 18:30:00,1356.975256632698,1356.975256632698,1333.528525561883,1337.53271484375,5529809
2021-06-23 18:30:00,1349.8566304803442,1395.904804921582,1344.6956322155097,1387.406982421875,10785137
2021-06-24 18:30:00,1398.796834267407,1404.1357534821675,1372.992058062728,1400.75439453125,9780240
2021-06-27 18:30:00,1399.5973101370007,1406.0485024194047,1388.6524852993186,1398.6185302734375,5019178
2021-06-28 18:30:00,1389.0087116988348,1400.2649539245465,1387.4069926061063,1390.8328857421875,5913567
2021-06-29 18:30:00,1398.8412739382577,1415.7033158675802,1398.8412739382577,1406.627197265625,6058722
2021-06-30 18:30:00,1403.112099230323,1403.112099230323,1387.2733745666026,1388.474609375,4814317
2021-07-01 18:30:00,1387.184456554028,1396.5275639340105,1372.6359253578846,1395.0594482421875,5166064
2021-07-04 18:30:00,1396.2609093070173,1410.3645329120188,1389.0533898850238,1404.9810791015625,4058338
2021-07-05 18:30:00,1400.309343479352,1411.921535049465,1385.5383568645227,1390.076416015625,4089574
2021-07-06 18:30:00,1393.502462197475,1397.506651645048,1374.4602951004547,1392.212158203125,4797120
2021-07-07 18:30:00,1395.2374484422553,1402.356006852675,1378.3308722175086,1388.7862548828125,3326813
2021-07-08 18:30:00,1384.5595626807103,1396.928079212835,1380.110463828909,1390.6993408203125,3436594
2021-07-11 18:30:00,1397.5065927215103,1404.1357070791948,1364.7611791715558,1377.3076171875,4588982
2021-07-12 18:30:00,1384.9156755957686,1384.9156755957686,1367.0303178269412,1374.7271728515625,4456160
2021-07-13 18:30:00,1382.7799652654269,1408.4068188807405,1368.631808761568,1403.1568603515625,5657716
2021-07-14 18:30:00,1386.2503019190274,1420.9087400251894,1384.5596225581112,1406.627197265625,10021355
2021-07-15 18:30:00,1400.3539365234356,1401.1547960825774,1378.8647662261394,1384.0701904296875,6265593
2021-07-18 18:30:00,1374.5045422926073,1381.801129510059,1368.1424178936406,1371.8350830078125,5669162
2021-07-19 18:30:00,1368.8098758786696,1386.072293532128,1368.5428864837877,1379.2652587890625,5069939
2021-07-21 18:30:00,1389.3648289179616,1417.349621633581,1389.3648289179616,1414.9915771484375,7854575
2021-07-22 18:30:00,1413.5231745278556,1422.3768373867888,1410.408805475085,1415.2137451171875,4179719
2021-07-25 18:30:00,1418.4617292994851,1434.0781103240706,1418.4617292994851,1427.1820068359375,4586710
2021-07-26 18:30:00,1428.1609723882148,1431.9872414945648,1421.8432726768472,1425.98095703125,5892859
2021-07-27 18:30:00,1428.249792231935,1430.4743418144471,1410.8093452291575,1428.6947021484375,4686788
2021-07-28 18:30:00,1423.8006466353795,1441.5080824588358,1423.8006466353795,1438.838623046875,4660873
2021-07-29 18:30:00,1432.610021695999,1444.5336299360963,1429.1842368464966,1433.054931640625,6234257
2021-08-01 18:30:00,1448.13717442387,1454.632902341957,1440.7961611531427,1451.7855224609375,5553389
2021-08-02 18:30:00,1465.5333543568822,1475.89977776786,1455.3893859177251,1472.829833984375,5513668
2021-08-03 18:30:00,1485.1981793032803,1494.8082764158198,1458.4591599744758,1467.5352783203125,6740391
2021-08-04 18:30:00,1467.7580021736494,1482.4400312951198,1465.5779867523374,1471.36181640625,5420536
2021-08-05 18:30:00,1474.4315559978156,1477.6794203166185,1462.8638974414057,1468.3807373046875,3754855
2021-08-08 18:30:00,1477.990602575094,1483.7298965059183,1464.9992559683262,1480.0372314453125,5018477
2021-08-09 18:30:00,1484.2196053109628,1494.897444198092,1478.035400403738,1492.450439453125,6846517
2021-08-10 18:30:00,1490.2702806468778,1498.456579557271,1484.2194624118335,1492.71728515625,4899639
2021-08-11 18:30:00,1494.1411226602154,1509.5794763648796,1489.5585284024803,1503.439697265625,5659579
2021-08-12 18:30:00,1510.0242207840076,1532.714625987303,1504.9522913044452,1523.5494384765625,5612790
2021-08-15 18:30:00,1519.5452268822864,1530.4455194170107,1503.8844201483496,1516.60888671875,4564109
2021-08-16 18:30:00,1516.1639420394988,1556.205832064848,1500.7255906093967,1549.754638671875,9510390
2021-08-17 18:30:00,1538.4984751157394,1562.078700442846,1536.7188354684106,1542.4581298828125,6686090
2021-08-19 18:30:00,1527.0196207594406,1552.7354327450637,1527.0196207594406,1542.0130615234375,6206972
2021-08-22 18:30:00,1544.5046130467626,1559.987498240279,1541.1677890231847,1547.174072265625,6189051
2021-08-23 18:30:00,1557.184606052704,1563.413344476915,1523.9942850011782,1531.246337890625,7602939
2021-08-24 18:30:00,1528.7102806052148,1554.4260922650049,1528.7102806052148,1544.32666015625,6153253
2021-08-25 18:30:00,1542.9475831744894,1553.6254211203336,1530.4901055710045,1537.3416748046875,5302248
2021-08-26 18:30:00,1534.939084501257,1537.341554402681,1517.3206098222297,1520.5240478515625,6698514
2021-08-29 18:30:00,1515.4077173505289,1529.2888850881866,1504.151474684652,1510.9586181640625,6559667
2021-08-30 18:30:00,1512.8271837232185,1526.0409862826573,1500.1027168908208,1518.4329833984375,12255438
2021-08-31 18:30:00,1521.1467953441645,1521.1467953441645,1488.8018705864065,1492.89501953125,7801974
2021-09-01 18:30:00,1492.5392460722514,1507.6217571200289,1479.4589382302909,1502.99462890625,6830050
2021-09-02 18:30:00,1509.1788235490428,1517.987952137385,1498.812401784732,1513.27197265625,5339139
2021-09-05 18:30:00,1517.2763118836374,1541.1679527057966,1512.1153133974738,1539.7442626953125,4876026
2021-09-06 18:30:00,1539.3879847451628,1543.748122726646,1516.252673991767,1518.6107177734375,3520341
2021-09-07 18:30:00,1513.450109310874,1513.450109310874,1497.522311859604,1506.6875,4584896
2021-09-08 18:30:00,1500.1473085786038,1508.15568723789,1496.8104841372344,1505.21923828125,3331674
2021-09-12 18:30:00,1497.5667877701696,1514.0284547777442,1490.6261495836063,1505.4862060546875,4662374
2021-09-13 18:30:00,1509.089797491508,1509.089797491508,1493.6514461855788,1500.36962890625,4945167
2021-09-14 18:30:00,1506.6876444255638,1526.1301887907389,1503.9736501044472,1522.88232421875,4062344
2021-09-15 18:30:00,1526.2190470936926,1529.8228611323534,1505.0858244955284,1514.6959228515625,3246568
2021-09-16 18:30:00,1510.0243223989958,1528.7105397062314,1498.8570395600073,1504.952392578125,7454864
2021-09-19 18:30:00,1499.3464813829482,1519.545348989545,1493.073207849401,1501.8824462890625,5660743
2021-09-20 18:30:00,1512.6935867071113,1536.4962652038262,1499.034875163018,1529.1107177734375,4672222
2021-09-21 18:30:00,1527.8205276346805,1547.3076020991566,1524.3057830315674,1527.7315673828125,4553892
2021-09-22 18:30:00,1541.1680209485553,1552.7356793044048,1531.4689626029945,1550.5556640625,3826090
2021-09-23 18:30:00,1564.3032427719263,1590.9978373584784,1559.3646993251812,1569.5086669921875,8280446
2021-09-26 18:30:00,1573.868704627012,1574.0911595675952,1528.7993119407154,1531.5133056640625,5045337
2021-09-27 18:30:00,1521.5921084591596,1521.5921084591596,1490.4484103328025,1501.2152099609375,6557197
2021-09-28 18:30:00,1476.4334333399793,1513.9393578607076,1472.6516993687906,1505.7974853515625,7792548
2021-09-29 18:30:00,1515.3631327387895,1515.3631327387895,1486.088039336983,1490.6260986328125,6914031
2021-09-30 18:30:00,1481.638937241155,1493.9629198300945,1478.2131527121835,1481.6834716796875,5733906
2021-10-03 18:30:00,1488.223660262414,1502.0158675772525,1481.905961216508,1493.7850341796875,2947154
2021-10-04 18:30:00,1486.8891133879429,1515.3188169012506,1479.7705538983537,1506.2872314453125,4373310
2021-10-05 18:30:00,1514.562248918571,1520.702027218349,1485.9990552689544,1489.157958984375,4271698
2021-10-06 18:30:00,1501.1260234848555,1516.4308808095564,1491.9164101508402,1504.685302734375,5476108
2021-10-07 18:30:00,1517.3651456732186,1540.7229143721906,1511.2699020416023,1533.915771484375,4738376
2021-10-10 18:30:00,1496.6770247342995,1539.3883785911644,1480.393277628134,1504.640869140625,8840633
2021-10-11 18:30:00,1492.227805300915,1502.9056429059303,1478.8805082946456,1499.4798583984375,7439300
2021-10-12 18:30:00,1509.0901344228937,1524.8400130616417,1494.9420837987225,1520.8802490234375,7104171
2021-10-13 18:30:00,1560.7437329532002,1587.082373997282,1511.0917509081726,1526.7081298828125,19655776
2021-10-17 18:30:00,1548.2864281776815,1600.7857955699135,1548.2864281776815,1594.6905517578125,13438109
2021-10-18 18:30:00,1614.1332004381577,1632.3745072788313,1585.9259547717893,1621.38525390625,10324260
2021-10-19 18:30:00,1627.8363931036856,1644.3870199570588,1596.3812843324115,1603.7667236328125,5876115
2021-10-20 18:30:00,1614.1332239446729,1614.1332239446729,1554.3817986991194,1560.4326171875,8779629
2021-10-21 18:30:00,1557.095812221997,1568.9303513205284,1518.92251807525,1530.312255859375,7369809
2021-10-24 18:30:00,1532.3142525237072,1539.1658216360158,1501.303945142191,1519.411865234375,5905209
2021-10-25 18:30:00,1535.121906435582,1549.978872249672,1522.4193469581496,1529.42138671875,5871709
2021-10-26 18:30:00,1534.2689409244713,1556.7565147555208,1527.1322237405088,1552.08837890625,5090259
2021-10-27 18:30:00,1543.4704630848398,1548.318096377301,1518.9631602126,1529.6009521484375,5329972
2021-10-28 18:30:00,1525.2018604167058,1537.4106350284148,1491.1339757021285,1497.1485595703125,5875091
2021-10-31 18:30:00,1505.9015864006187,1532.5634067199912,1504.5550276050294,1526.1448974609375,3636806
2021-11-01 18:30:00,1521.611109181932,1531.8897952602304,1513.8459332272816,1524.2144775390625,3471772
2021-11-02 18:30:00,1534.179081342924,1541.7646508726257,1525.2020241086177,1528.343994140625,3530713
2021-11-03 18:30:00,1539.565380166842,1541.3607916889025,1530.5883225565397,1533.9097900390625,483407
2021-11-07 18:30:00,1553.0308790467627,1562.9056418615107,1528.792824865108,1559.763671875,5245903
2021-11-08 18:30:00,1557.294978023841,1570.9849900802546,1549.4400530734397,1564.252197265625,4016134
2021-11-09 18:30:00,1549.4401417745487,1571.83785665347,1545.8043896132256,1562.1427001953125,4780368
2021-11-10 18:30:00,1555.679123526493,1561.7835664122908,1534.179114814545,1555.993408203125,4731349
2021-11-11 18:30:00,1564.7012131877632,1600.474767487717,1560.2576133002974,1598.0958251953125,5069009
2021-11-14 18:30:00,1599.801502761789,1615.8704586842389,1593.8766663299257,1604.3349609375,4354074
2021-11-15 18:30:00,1606.8932408206165,1623.9047204027208,1595.2230664459416,1608.9580078125,6034233
2021-11-16 18:30:00,1609.1826354637128,1617.665911755888,1598.5447336715406,1604.604248046875,4732492
2021-11-17 18:30:00,1599.352349985509,1606.3993173590736,1579.0642243914922,1597.37744140625,4326924
2021-11-21 18:30:00,1601.5070006566984,1602.7638105783417,1572.017389741743,1579.4234619140625,6621839
2021-11-22 18:30:00,1557.609061572099,1568.5162072074827,1535.0766715265677,1559.2249755859375,8436160
2021-11-23 18:30:00,1562.00808830981,1562.4569412087494,1515.3273868200913,1522.509033203125,7333061
2021-11-24 18:30:00,1526.0997437189671,1549.6195900535836,1523.3616974043014,1546.2083740234375,4476260
2021-11-25 18:30:00,1528.3890188200792,1542.5727043871634,1511.7365327759849,1518.60400390625,4494181
2021-11-28 18:30:00,1518.020294608016,1536.8721137604516,1498.4054475493865,1522.822998046875,3942776
2021-11-29 18:30:00,1530.1844157187647,1552.9412350958903,1526.1447397494564,1537.455810546875,14808963
2021-11-30 18:30:00,1539.5654566717308,1563.713764760079,1537.7700450604518,1539.4757080078125,5193264
2021-12-01 18:30:00,1539.5654663452517,1571.4340226456925,1536.2888182174336,1569.4141845703125,5559574
2021-12-02 18:30:00,1589.9265557271913,1603.8859233041185,1555.3200664727906,1558.01318359375,6754012
2021-12-05 18:30:00,1553.030836632009,1556.5767302580853,1518.4691677243022,1521.8804931640625,3991449
2021-12-06 18:30:00,1527.087144429678,1548.4525839240318,1520.7134558760026,1536.5579833984375,4202122
2021-12-07 18:30:00,1555.724140653463,1579.782699760564,1555.3650364192983,1573.992431640625,3029169
2021-12-08 18:30:00,1579.0643354763215,1588.4004967272194,1563.8033384876364,1583.05908203125,2082171
2021-12-09 18:30:00,1579.9619755400029,1583.3283717947045,1567.3940961891165,1579.2886962890625,1823469
2021-12-12 18:30:00,1586.2910039483113,1590.1510729588513,1560.930816277759,1566.182373046875,4040584
2021-12-13 18:30:00,1553.8390344217205,1582.6553694878078,1535.3911358845291,1572.915283203125,4768144
2021-12-14 18:30:00,1566.4965354752162,1569.144723607344,1545.1310947683974,1556.80126953125,3053149
2021-12-15 18:30:00,1582.3411870879927,1595.761845276833,1578.166833104262,1590.3756103515625,4481031
2021-12-16 18:30:00,1633.824496428529,1653.5740233084343,1621.9298950122225,1634.5875244140625,18887243
2021-12-19 18:30:00,1617.3965672413594,1642.4875112060606,1604.4696908187657,1614.883056640625,5773891
2021-12-20 18:30:00,1616.7680325096776,1649.983144782225,1616.7680325096776,1626.28369140625,5353584
2021-12-21 18:30:00,1638.3129346501346,1642.0384352948863,1626.956935405642,1638.0435791015625,4156428
2021-12-22 18:30:00,1643.9237215129017,1671.1690702162794,1640.108471920312,1667.5782470703125,4112933
2021-12-23 18:30:00,1681.357909134367,1683.871529020571,1664.346429323811,1672.8746337890625,3780347
2021-12-26 18:30:00,1669.7328713175557,1682.749606067074,1656.3122127711729,1675.2537841796875,2647733
2021-12-27 18:30:00,1688.3151125796455,1701.960305344771,1686.2504551628035,1694.868408203125,3340933
2021-12-28 18:30:00,1690.828848757635,1700.0752621912457,1684.455159590564,1692.669189453125,3236635
2021-12-29 18:30:00,1691.7264690178984,1714.4384680998746,1682.6147338295473,1699.2222900390625,4584738
2021-12-30 18:30:00,1696.6637587064213,1704.1595793216295,1680.1908811668404,1694.6439208984375,4619420
2022-01-02 18:30:00,1694.6438608427336,1718.253563550426,1694.6438608427336,1704.249267578125,3329616
2022-01-03 18:30:00,1704.2495919258429,1711.610845493857,1685.891551505521,1704.8780517578125,3921999
2022-01-04 18:30:00,1705.6408706210875,1708.244239129732,1651.7785273383165,1655.952880859375,6995719
2022-01-05 18:30:00,1641.0062872454455,1641.0062872454455,1615.8705235458438,1631.8497314453125,6449205
2022-01-06 18:30:00,1629.7399155826886,1648.1878132075997,1621.9748482469563,1628.7076416015625,4834389
2022-01-09 18:30:00,1629.3359737764672,1678.6200425032102,1627.540562235116,1661.428955078125,7857560
2022-01-10 18:30:00,1665.2441133275113,1678.7096991495666,1660.8902624950238,1665.78271484375,5142287
2022-01-11 18:30:00,1677.722386262191,1695.7662508688193,1669.7327827506638,1685.397705078125,5362535
2022-01-12 18:30:00,1710.1294538640775,1716.8622469895265,1675.433104707619,1702.768310546875,14277630
2022-01-13 18:30:00,1689.4824192111032,1735.265417818843,1688.5847133560494,1731.98876953125,7688506
2022-01-16 18:30:00,1740.2474431377093,1754.0272038314308,1733.020868358922,1741.1002197265625,5262464
2022-01-17 18:30:00,1725.48019138657,1746.0376748737065,1715.9196032810285,1724.268310546875,3690315
2022-01-18 18:30:00,1720.0043002642583,1720.0043002642583,1672.2912154253556,1676.0616455078125,5747770
2022-01-19 18:30:00,1655.369343931458,1658.9601668033267,1629.7847309693936,1637.1458740234375,5533463
2022-01-20 18:30:00,1611.3819108977614,1623.0520862970209,1594.3255006988436,1603.033203125,8252758
2022-01-23 18:30:00,1584.450634058544,1587.727281932306,1551.2355216165236,1559.1353759765625,7116712
2022-01-24 18:30:00,1549.9788780052622,1562.00815815135,1526.5487775496383,1545.984130859375,9137653
2022-01-26 18:30:00,1527.895377174073,1534.8076684784055,1494.6802602789844,1506.8890380859375,11231734
2022-01-27 18:30:00,1509.0433996097977,1550.8316470432278,1507.696840954584,1513.71142578125,10998502
2022-01-30 18:30:00,1542.2585996575958,1570.5363330040534,1539.8796573165653,1558.5968017578125,8788872
2022-01-31 18:30:00,1585.4382476367502,1597.9163806155063,1557.2502626013809,1590.7796630859375,5119935
2022-02-01 18:30:00,1605.9954576263822,1609.406783035397,1590.7344611033814,1604.289794921875,4253717
2022-02-02 18:30:00,1597.018450798549,1597.018450798549,1556.6216940329873,1560.706298828125,3832922
2022-02-03 18:30:00,1554.826382864696,1574.530980546349,1535.211533842776,1562.9954833984375,4700077
2022-02-06 18:30:00,1546.0287449587363,1554.8263048355502,1521.9702974467775,1539.5653076171875,4310209
2022-02-07 18:30:00,1535.0768311505972,1548.5424173887602,1522.5089506616448,1541.630126953125,6053401
2022-02-08 18:30:00,1557.519583385622,1564.701229879619,1548.5425252681257,1559.5843505859375,3867244
2022-02-09 18:30:00,1576.0570055996025,1592.4401343281156,1569.8628144650563,1588.5799560546875,4334630
2022-02-10 18:30:00,1562.0081043597472,1567.349410078721,1537.770047567958,1545.265869140625,7551371
2022-02-13 18:30:00,1517.1228769583172,1542.752422647918,1506.5748332871572,1510.1207275390625,7459637
2022-02-14 18:30:00,1525.2021805307736,1568.0676332207938,1517.5267519749757,1560.4371337890625,4669915
2022-02-15 18:30:00,1560.437007797767,1575.8775027443555,1550.2031404107388,1555.993408203125,5350642
2022-02-16 18:30:00,1565.5988215345951,1570.0873502660593,1544.323239180745,1548.3629150390625,3937950
2022-02-17 18:30:00,1535.076791414694,1546.2981129893628,1529.2417041958663,1532.3387451171875,5602215
2022-02-20 18:30:00,1526.997484746324,1559.5842473898958,1518.469280099005,1553.6593017578125,5120890
2022-02-21 18:30:00,1526.0101141230716,1571.8828586701875,1518.0654396952104,1556.93603515625,8878515
2022-02-22 18:30:00,1570.9850241223437,1578.3910963789203,1556.083130953027,1564.56640625,5478811
2022-02-23 18:30:00,1517.212402711859,1539.5203677498448,1499.6173926642882,1506.48486328125,13592379
2022-02-24 18:30:00,1539.5652936073436,1551.3701456178271,1505.4524766061313,1521.2520751953125,9737281
2022-02-27 18:30:00,1510.1206091390077,1551.2805065421107,1494.6801136600138,1540.10400390625,15076542
2022-03-01 18:30:00,1535.0768409224868,1539.0267681608032,1518.0204315789038,1528.6134033203125,6771489
2022-03-02 18:30:00,1544.233485910162,1556.532121220316,1531.0821834995784,1544.8170166015625,7344147
2022-03-03 18:30:00,1521.835787472142,1558.417299543807,1509.0434795697809,1547.0164794921875,9074499
2022-03-06 18:30:00,1523.4067415003497,1571.882854665358,1522.5090357009976,1561.8734130859375,9742588
2022-03-07 18:30:00,1542.6626112791396,1615.8705689443286,1542.6626112791396,1596.300537109375,10984500
2022-03-08 18:30:00,1607.7910342826165,1644.2378666327916,1607.7910342826165,1627.854736328125,10193515
2022-03-09 18:30:00,1656.042703365668,1656.042703365668,1625.026925475578,1639.1209716796875,6547182
2022-03-10 18:30:00,1628.4383485963656,1644.0584516957992,1625.7452311510574,1635.6199951171875,4758657
2022-03-13 18:30:00,1644.192910047784,1701.1522925808597,1644.192910047784,1697.2921142578125,10289724
2022-03-14 18:30:00,1695.1827962011812,1695.1827962011812,1642.8016825035745,1651.150390625,7140443
2022-03-15 18:30:00,1674.221322699722,1700.2098618649063,1659.8580298508234,1696.1253662109375,5233979
2022-03-16 18:30:00,1726.5574586044008,1726.5574586044008,1645.5395172103945,1664.885009765625,17731459
2022-03-20 18:30:00,1670.6302464936855,1693.8808451885045,1652.7658818015334,1663.4935302734375,8362085
2022-03-21 18:30:00,1660.755737075012,1696.663969227985,1650.880973232944,1694.3299560546875,5709382
2022-03-22 18:30:00,1702.947797209164,1705.6409144424942,1667.0395674314273,1680.8642578125,6192824
2022-03-23 18:30:00,1666.2764506640567,1700.7931908651096,1666.2764506640567,1693.7012939453125,3784303
2022-03-24 18:30:00,1698.459354369675,1700.2547659493473,1667.937357515252,1684.58984375,3438588
2022-03-27 18:30:00,1675.118918136154,1688.4947556370578,1663.1345683715988,1682.2108154296875,4008555
2022-03-28 18:30:00,1682.210901973696,1696.1253417201522,1670.226551592587,1693.0731201171875,3917785
2022-03-29 18:30:00,1714.617808577691,1722.6971595081618,1701.152223693573,1709.1866455078125,7795839
2022-03-30 18:30:00,1705.640898756571,1717.3110733270107,1700.4341616533943,1711.7901611328125,5399145
2022-03-31 18:30:00,1693.8361285877645,1714.887394872627,1686.1608099209134,1708.827880859375,6171518
2022-04-03 18:30:00,1696.4396487587849,1699.3571928034817,1681.4030756053469,1690.335205078125,7364074
2022-04-04 18:30:00,1691.0982019168066,1696.3048297207963,1667.17432082566,1670.72021484375,5472024
2022-04-05 18:30:00,1665.2443165066952,1667.4885810841974,1635.7547018749617,1641.769287109375,5407453
2022-04-06 18:30:00,1634.7671038301394,1641.140792753932,1622.6480761757875,1625.7451171875,5797544
2022-04-07 18:30:00,1636.5178020105077,1649.9833900687397,1623.052213952275,1628.97705078125,5131446
2022-04-10 18:30:00,1628.4380071060668,1628.4380071060668,1582.251096437912,1585.8419189453125,8248407
2022-04-11 18:30:00,1577.7179133258371,1577.7179133258371,1551.011166286609,1564.2073974609375,6456184
2022-04-12 18:30:00,1575.4285784375936,1577.7177718117732,1554.8262764028398,1569.683349609375,6257693
2022-04-17 18:30:00,1441.26661743651,1481.2145243041057,1427.3521779657744,1455.5401611328125,30523965
2022-04-18 18:30:00,1469.2300612636093,1469.2300612636093,1391.4438401538494,1402.21630859375,17044923
2022-04-19 18:30:00,1413.886655593176,1433.007833244966,1403.1141858362755,1425.2874755859375,10678747
2022-04-20 18:30:00,1431.8407351214555,1460.7468177276078,1426.678926828698,1453.2061767578125,7766514
2022-04-21 18:30:00,1440.2342392008811,1445.9346489594298,1420.5296412592909,1423.267578125,8134245
2022-04-24 18:30:00,1411.9115474766672,1411.9115474766672,1395.1243853901856,1401.4083251953125,7000570
2022-04-25 18:30:00,1415.861379600755,1429.1474677320523,1406.3009016069334,1419.272705078125,5345435
2022-04-26 18:30:00,1411.866581606061,1411.866581606061,1391.7579528364697,1393.9573974609375,8819356
2022-04-27 18:30:00,1409.3980358449844,1437.9451226972992,1398.131784782489,1420.7091064453125,9245177
2022-04-28 18:30:00,1427.352057451814,1433.9053528696272,1401.1390949469912,1407.1986083984375,9831395
2022-05-01 18:30:00,1392.2519332715767,1393.9126670683922,1374.3875661128377,1383.3646240234375,7072627
2022-05-03 18:30:00,1388.9751588651002,1409.3979637538907,1373.6244131510482,1378.4720458984375,6220959
2022-05-04 18:30:00,1400.465778478004,1426.8134180541488,1398.1316560624994,1422.9981689453125,6144870
2022-05-05 18:30:00,1391.443763827706,1402.0815539119403,1378.0231081324582,1385.025146484375,6171472
2022-05-08 18:30:00,1382.466691754169,1424.4793597264752,1366.4426679254784,1409.7120361328125,6832202
2022-05-09 18:30:00,1398.6254914253664,1408.6349319744825,1387.8979520606213,1394.136962890625,6212545
2022-05-10 18:30:00,1391.39899537121,1391.39899537121,1356.9720014786396,1370.572265625,7846080
2022-05-11 18:30:00,1359.1265222178802,1371.24554999195,1350.4188201690602,1354.45849609375,7034979
2022-05-12 18:30:00,1363.8843824412695,1372.8165107722343,1344.852954894135,1350.508544921875,6723761
2022-05-15 18:30:00,1355.5357547320384,1357.196488541389,1327.3926998865318,1336.773681640625,6145331
2022-05-16 18:30:00,1341.9803117228057,1369.0012321589384,1329.4124315587237,1363.1212158203125,6516378
2022-05-17 18:30:00,1366.3081825774632,1391.1745885847754,1351.3165400447583,1354.8175048828125,6594126
2022-05-18 18:30:00,1329.502325378898,1332.8237930944929,1272.6326833436513,1281.160888671875,16561140
2022-05-19 18:30:00,1304.366663341887,1316.7101193783294,1298.7110723791668,1306.2967529296875,10488908
2022-05-22 18:30:00,1306.2516316480803,1335.7861731182122,1301.718283302418,1318.191162109375,5887569
2022-05-23 18:30:00,1318.3705266763216,1319.2234128138036,1288.4320644614268,1293.5938720703125,5693167
2022-05-24 18:30:00,1288.2077880074494,1294.9405813245614,1256.114806529215,1266.1690673828125,9630092
2022-05-25 18:30:00,1272.946780445226,1283.7192496732532,1263.1169461079403,1278.2880859375,13040065
2022-05-26 18:30:00,1296.2419611437558,1316.9341191186077,1290.3620551961817,1311.862060546875,8284860
2022-05-29 18:30:00,1334.888454697668,1373.4898020762826,1333.093043191686,1370.6171875,10904213
2022-05-30 18:30:00,1370.5265167448365,1377.1492153718643,1350.0689318033246,1364.0853271484375,16033857
2022-05-31 18:30:00,1372.613057886202,1374.2006803920185,1335.50802974436,1341.359619140625,8738508
2022-06-01 18:30:00,1346.303797066686,1373.3840770354834,1338.6831873873698,1368.076904296875,7205840
2022-06-02 18:30:00,1383.4090071722164,1410.7160939809075,1377.1492158604617,1380.505859375,9395707
2022-06-05 18:30:00,1375.334669946235,1394.0232323627165,1354.4687745578683,1388.0810546875,6624883
2022-06-06 18:30:00,1378.827331227114,1378.827331227114,1363.1779106621018,1366.8974609375,4904592
2022-06-07 18:30:00,1379.1448683164317,1379.1448683164317,1353.5615113932292,1360.8192138671875,4697608
2022-06-08 18:30:00,1347.2111042891397,1376.196511023312,1344.0358592621958,1374.427490234375,4361061
2022-06-09 18:30:00,1348.209108500367,1355.3307078276891,1336.8689469142598,1339.7720947265625,6516436
2022-06-12 18:30:00,1309.6524503470807,1309.6524503470807,1280.712338233923,1292.32470703125,6987685
2022-06-13 18:30:00,1279.1702210306837,1314.4608258731198,1272.9558346588265,1306.8856201171875,6090247
2022-06-14 18:30:00,1306.567744365499,1312.192529801962,1287.1987745076133,1290.2379150390625,4651958
2022-06-15 18:30:00,1304.5721931646565,1309.7886675114553,1262.8403983902654,1267.557861328125,6641772
2022-06-16 18:30:00,1261.9785865626236,1267.3310542375973,1240.2961754557912,1258.5765380859375,9692047
2022-06-19 18:30:00,1261.0712513196502,1290.374159577052,1253.7681436672126,1282.93505859375,4595194
2022-06-20 18:30:00,1291.8710851982405,1320.9018961015715,1290.737069147329,1315.367919921875,6270787
2022-06-21 18:30:00,1302.8031124644206,1324.167909536378,1301.850494634257,1303.8917236328125,6253366
2022-06-22 18:30:00,1306.2051203282867,1322.7163500853471,1300.036028581826,1317.6812744140625,6254281
2022-06-23 18:30:00,1322.716318533469,1331.334840499222,1296.3164470818606,1307.3843994140625,6114340
2022-06-26 18:30:00,1331.8338234573516,1346.3038236253658,1329.202884133053,1337.7760009765625,4511097
2022-06-27 18:30:00,1332.6957115355226,1350.159559355168,1318.180305555558,1342.8111572265625,4412178
2022-06-28 18:30:00,1328.794540235472,1339.9533019425137,1321.8090459920393,1327.4791259765625,5060038
2022-06-29 18:30:00,1329.1121369570396,1344.489349388375,1319.994604156603,1326.25439453125,9165177
2022-06-30 18:30:00,1319.0875083390094,1347.2111072100613,1308.5184562919433,1342.1307373046875,4651635
2022-07-03 18:30:00,1342.901839574178,1353.7883939230314,1326.345204835297,1349.9327392578125,4800224
2022-07-04 18:30:00,1359.7306341867263,1369.8459686483452,1335.4172860401247,1339.000732421875,7379669
2022-07-05 18:30:00,1344.6709122978723,1360.8193461699268,1333.6029592465284,1353.244140625,5209162
2022-07-06 18:30:00,1363.5863571826133,1373.4748889332016,1356.9182539508968,1359.639892578125,3323472
2022-07-07 18:30:00,1374.4276002803076,1376.1966212108844,1360.7740012737456,1373.9285888671875,3652582
2022-07-10 18:30:00,1356.2831490104652,1360.7285139218584,1330.3368848303196,1336.4605712890625,4702638
2022-07-11 18:30:00,1326.163860792882,1332.3328420632538,1302.7577236881664,1305.116455078125,4710356
2022-07-12 18:30:00,1315.458659703502,1324.5307883911123,1305.116410850875,1310.423583984375,5264025
2022-07-13 18:30:00,1316.3659058640824,1318.134926705403,1282.799028870994,1296.2711181640625,6157606
2022-07-14 18:30:00,1311.8298621361157,1311.8298621361157,1279.7599080562986,1297.6319580078125,5620018
2022-07-17 18:30:00,1315.458440421717,1355.0128927573733,1313.6894199200246,1351.65625,5835171
2022-07-18 18:30:00,1335.0090819172656,1348.8893717454062,1333.6935568698457,1346.43994140625,3418540
2022-07-19 18:30:00,1361.953321902618,1384.225442171951,1360.8193058144393,1374.69970703125,5079392
2022-07-20 18:30:00,1376.2419192424743,1392.9799523411634,1363.6316382423909,1390.6666259765625,5008061
2022-07-21 18:30:00,1391.6644179192049,1397.107694651614,1353.6975848594027,1366.53466796875,7020642
2022-07-24 18:30:00,1342.7658234849073,1376.3781065370429,1342.7658234849073,1364.0853271484375,7859626
2022-07-25 18:30:00,1357.780012018213,1357.780012018213,1310.9224503800992,1316.5018310546875,7268273
2022-07-26 18:30:00,1316.3658795792028,1336.3245627981846,1310.9226023376625,1334.5555419921875,4517285
2022-07-27 18:30:00,1357.5533877504583,1383.000642812574,1351.6110990365607,1376.6048583984375,6636841
2022-07-28 18:30:00,1390.5759062138168,1411.35099196503,1386.2212402192902,1405.90771484375,7009465
2022-07-31 18:30:00,1418.8810538349696,1418.8810538349696,1395.2028179881397,1407.1326904296875,2983249
2022-08-01 18:30:00,1403.050123738897,1403.4583252373577,1386.538782878084,1400.373779296875,4374635
2022-08-02 18:30:00,1405.2725725439927,1424.3240406030138,1397.0169585338326,1420.785888671875,6011955
2022-08-03 18:30:00,1440.2004889831908,1455.033397854832,1428.814922709787,1451.449951171875,7402209
2022-08-04 18:30:00,1459.161245553542,1474.8559622239864,1453.6272690310873,1466.645751953125,5361971
2022-08-07 18:30:00,1466.9630480641483,1471.499111910976,1447.9115799074712,1469.140380859375,3763409
2022-08-09 18:30:00,1470.7733009905926,1470.7733009905926,1440.7445803999908,1453.7630615234375,4423829
2022-08-10 18:30:00,1478.756814861088,1479.9815299516408,1466.05583608314,1469.6392822265625,3462090
2022-08-11 18:30:00,1463.6064179821378,1464.241422628778,1442.6044200379383,1446.1878662109375,3562286
2022-08-15 18:30:00,1459.7055121386732,1459.7055121386732,1443.4663795689878,1448.3199462890625,3004430
2022-08-16 18:30:00,1448.319962808223,1462.4271674367703,1437.9324195950876,1457.210693359375,4067324
2022-08-17 18:30:00,1446.187955002789,1449.9075054695088,1427.952999207405,1436.072509765625,4635706
2022-08-18 18:30:00,1438.20474360334,1455.9860953941527,1438.0232345658587,1448.9097900390625,4739884
2022-08-21 18:30:00,1438.8394591610838,1450.6332252197813,1427.9529058761325,1429.4498291015625,3950555
2022-08-22 18:30:00,1404.3655261856406,1410.262409855025,1390.7573331024466,1399.28515625,5551574
2022-08-23 18:30:00,1392.5715677400915,1402.5509079649391,1388.942716749238,1394.839599609375,2888426
2022-08-24 18:30:00,1404.3654366095143,1405.0004412820567,1373.2933977181217,1377.28515625,4331088
2022-08-25 18:30:00,1392.707700379583,1401.598319043365,1376.6499679693022,1380.36962890625,3079136
2022-08-28 18:30:00,1332.2873773574215,1332.2873773574215,1315.4585359278797,1326.1182861328125,8079050
2022-08-29 18:30:00,1336.4151874553734,1357.281082385042,1329.9739985606177,1354.42333984375,6725875
2022-08-31 18:30:00,1324.576097843867,1331.8790944646682,1316.4111826136234,1328.3409423828125,8140604
2022-09-01 18:30:00,1340.8604953920767,1340.8604953920767,1313.644111859085,1318.18017578125,5175653
2022-09-04 18:30:00,1316.3658682629728,1330.8812741156314,1312.1473062882924,1325.710205078125,3669352
2022-09-05 18:30:00,1325.7102355622496,1333.6029433786189,1311.330822713805,1320.08544921875,3428442
2022-09-06 18:30:00,1306.3865957059622,1329.7473282333433,1304.617574821783,1322.39892578125,3600574
2022-09-07 18:30:00,1338.13893063629,1343.6729067769502,1327.7966821761806,1338.9554443359375,4061475
2022-09-08 18:30:00,1349.9326999442883,1378.9635106957787,1342.674997256416,1371.3883056640625,4816910
2022-09-11 18:30:00,1384.2254749088493,1402.4604318892673,1380.006912812304,1393.660400390625,5494819
2022-09-12 18:30:00,1407.903706776797,1408.9016188074963,1398.287272287198,1401.5985107421875,4947158
2022-09-13 18:30:00,1358.097606026967,1359.8666267473366,1335.4172852850338,1338.5018310546875,14332197
2022-09-14 18:30:00,1338.1388265199278,1338.320224775178,1296.4524443234664,1299.8544921875,12784100
2022-09-15 18:30:00,1292.7785291531784,1292.7785291531784,1241.3848903893163,1249.2777099609375,20464045
2022-09-18 18:30:00,1262.8401910629043,1275.5411699960084,1252.4979432114849,1261.2979736328125,6595241
2022-09-19 18:30:00,1277.3101661666406,1282.390646237612,1256.580376667884,1259.7103271484375,7219797
2022-09-20 18:30:00,1251.8629984379054,1259.9372147231684,1241.430050958142,1249.4588623046875,7917054
2022-09-21 18:30:00,1239.570454012486,1255.5373805814374,1233.809673640932,1241.02197265625,9168498
2022-09-22 18:30:00,1240.6136148834153,1265.3805708345333,1235.623944037449,1238.7537841796875,10426200
2022-09-25 18:30:00,1233.8093614155043,1269.5988607267132,1229.273297586771,1252.180419921875,9414587
2022-09-26 18:30:00,1264.1557721461727,1275.9949447974686,1250.13937712827,1264.24658203125,8561254
2022-09-27 18:30:00,1251.046475907764,1275.4051179200892,1249.2320502719297,1265.2896728515625,7022098
2022-09-28 18:30:00,1274.5432487847852,1279.0339077201488,1263.74739462168,1268.8731689453125,6119965
2022-09-29 18:30:00,1260.0732124836215,1287.6072103937954,1248.3248506647649,1282.2999267578125,8120130
2022-10-02 18:30:00,1280.9846139293722,1280.9846139293722,1257.3970785454037,1264.427978515625,4943169
2022-10-03 18:30:00,1287.9701100239968,1299.3556762181945,1282.7990407907328,1296.7701416015625,6631341
2022-10-05 18:30:00,1310.922626390357,1324.3494214633474,1310.106112640393,1320.130859375,6180672
2022-10-06 18:30:00,1312.1472810452483,1322.580228801138,1306.5226056830536,1316.5472412109375,3994466
2022-10-09 18:30:00,1294.003064795037,1329.0668646353636,1294.003064795037,1326.9349365234375,5274677
2022-10-10 18:30:00,1326.9350196624216,1342.357639535756,1288.3330650348933,1291.6898193359375,12824774
2022-10-11 18:30:00,1303.664798259727,1307.3843486042715,1282.3907023211864,1296.1348876953125,5481467
2022-10-12 18:30:00,1298.2216523105023,1304.5267376311374,1283.7062459953604,1288.151611328125,4821514
2022-10-13 18:30:00,1347.2110338811046,1355.37594923796,1331.1080063717516,1337.45849609375,14990688
2022-10-16 18:30:00,1339.8625996229894,1356.2831290703418,1338.5924795607286,1351.70166015625,4286396
2022-10-17 18:30:00,1369.8913885102745,1370.753196410842,1358.3244247993434,1364.1759033203125,4692004
2022-10-18 18:30:00,1364.448228692281,1365.310036666888,1343.8545397508806,1347.619384765625,3553171
2022-10-19 18:30:00,1338.138908026621,1364.448079777653,1337.4130934739194,1361.6357421875,4583939
2022-10-20 18:30:00,1361.0914288831727,1366.26249762449,1352.9718077531638,1361.2728271484375,3594485
2022-10-23 18:30:00,1377.6028941726734,1380.5967412695034,1370.798796901488,1377.01318359375,982837
2022-10-24 18:30:00,1386.3118716885508,1390.6665374705217,1379.9160878294856,1384.678955078125,3914341
2022-10-26 18:30:00,1403.9385396052237,1407.698739208656,1387.1550649469032,1397.6561279296875,6760137
2022-10-27 18:30:00,1399.5363917556376,1401.3247453776469,1382.1109714126776,1387.843017578125,3053981
2022-10-30 18:30:00,1403.4341822194212,1418.245811891941,1403.4341822194212,1410.220947265625,4542336
2022-10-31 18:30:00,1424.3447111160303,1444.4756121674843,1418.887736075427,1442.641357421875,4542692
2022-11-01 18:30:00,1441.7242114783023,1442.4120569990462,1416.9617727315378,1424.573974609375,2938906
2022-11-02 18:30:00,1411.2297190433037,1415.9529473175023,1395.546863646527,1403.8927001953125,3174027
2022-11-03 18:30:00,1394.446310738257,1394.446310738257,1376.7458190882635,1388.5308837890625,4509682
2022-11-06 18:30:00,1395.3175530956448,1401.2788807869697,1367.528549999092,1382.5235595703125,4898592
2022-11-08 18:30:00,1402.2878032270442,1402.2878032270442,1376.6999262188187,1385.962890625,3334755
2022-11-09 18:30:00,1361.9341064114733,1386.6965447098637,1361.9341064114733,1377.4793701171875,3435763
2022-11-10 18:30:00,1418.4750969869554,1443.0999449630117,1418.4750969869554,1439.981689453125,7214098
2022-11-13 18:30:00,1444.613253594111,1459.516573917289,1438.468432811522,1453.922119140625,4908813
2022-11-14 18:30:00,1447.0893718318237,1465.4319188955194,1442.4120447213857,1461.9010009765625,3497614
2022-11-15 18:30:00,1464.7901313371106,1475.658069244969,1461.4425937488245,1469.971923828125,4497697
2022-11-16 18:30:00,1464.8359264182825,1469.9719297297695,1451.7668601838732,1455.84814453125,3469515
2022-11-17 18:30:00,1459.7916463166098,1465.5695937519367,1444.9342271315247,1461.350830078125,3126064
2022-11-20 18:30:00,1450.9872289206992,1456.260711440793,1434.4331466169938,1438.2391357421875,3071764
2022-11-21 18:30:00,1438.9728102933216,1456.3982299208378,1432.552918851605,1453.6927490234375,3399329
2022-11-22 18:30:00,1457.2238001205214,1460.0668727709146,1448.4193991579357,1451.9503173828125,3245067
2022-11-23 18:30:00,1457.3154109383324,1500.420397920146,1453.4176195623174,1494.7342529296875,5282215
2022-11-24 18:30:00,1496.2015740155414,1507.7573561793968,1480.0601551236466,1500.099365234375,4563255
2022-11-27 18:30:00,1493.0833876173003,1516.4701360105687,1485.7463685135297,1488.8646240234375,3825766
2022-11-28 18:30:00,1486.846847301808,1502.9424774251793,1481.2066035401367,1494.04638671875,3131710
2022-11-29 18:30:00,1485.7006074148594,1509.3625410366662,1479.4642077611848,1499.45751953125,11868134
2022-11-30 18:30:00,1518.9462914993808,1533.9872026204164,1515.369584352362,1519.771728515625,5407928
2022-12-01 18:30:00,1518.7630705374709,1524.0824545757985,1498.5403653057654,1502.1630859375,4283343
2022-12-04 18:30:00,1502.2546462279884,1508.5369463809327,1488.77291854345,1503.859619140625,3824966
2022-12-05 18:30:00,1490.3319598752034,1491.2490872351268,1474.328132226153,1479.2347412109375,4822398
2022-12-06 18:30:00,1474.740816480458,1489.2314737623112,1464.3772323790536,1472.447998046875,4898087
2022-12-07 18:30:00,1472.4479729502166,1489.3231387245678,1466.0280814456066,1485.8839111328125,4206837
2022-12-08 18:30:00,1493.083379473675,1493.083379473675,1431.7275351622377,1439.248046875,8880658
2022-12-11 18:30:00,1421.5473714407533,1436.1755076749384,1403.2507258609144,1418.9793701171875,8037679
2022-12-12 18:30:00,1418.9794213639211,1446.7684254424607,1413.4308679506453,1441.86181640625,6135067
2022-12-13 18:30:00,1450.895617363601,1456.8569457535275,1442.641470362165,1448.5111083984375,4976020
2022-12-14 18:30:00,1439.24815424885,1439.8900986832095,1408.019919747387,1412.8348388671875,6443866
2022-12-15 18:30:00,1398.6193933020268,1421.089016341961,1386.7426373339622,1396.0513916015625,9630453
2022-12-18 18:30:00,1382.9822609021824,1391.1906185589476,1371.151406638808,1382.4320068359375,6222740
2022-12-19 18:30:00,1376.6082828344672,1390.3651943884424,1359.5955240977712,1382.38623046875,7396259
2022-12-20 18:30:00,1389.44800656368,1394.9507709461102,1377.846322599917,1384.44970703125,6236361
2022-12-21 18:30:00,1395.4093535025568,1403.159035330933,1386.467361260263,1395.913818359375,6302640
2022-12-22 18:30:00,1383.670273272256,1384.7708934914551,1369.2714156919428,1373.0316162109375,6283822
2022-12-25 18:30:00,1376.149647483791,1384.7706673330083,1372.3435464278352,1377.8922119140625,4115459
2022-12-26 18:30:00,1384.8164781367202,1395.363443276997,1373.3982867447278,1389.3104248046875,4860076
2022-12-27 18:30:00,1380.368461733021,1398.5734186856855,1374.3154431330508,1385.0,5029860
2022-12-28 18:30:00,1379.3595010203696,1395.2258485730229,1376.6081190369514,1391.78662109375,4624745
2022-12-29 18:30:00,1401.370592109832,1403.5717201426935,1379.4054368384104,1383.21142578125,5060544
2023-01-01 18:30:00,1388.5308744976214,1399.9949669224698,1379.4055017090532,1397.7021484375,3801140
2023-01-02 18:30:00,1393.8960033950495,1405.6352784494222,1389.5396484110163,1396.372314453125,4551130
2023-01-03 18:30:00,1394.9508128847058,1394.9508128847058,1367.5286804970206,1370.922119140625,7059590
2023-01-04 18:30:00,1381.1021672768188,1381.1021672768188,1347.489425840876,1352.9462890625,9868404
2023-01-05 18:30:00,1348.1772226656883,1352.7628594774767,1326.6247296502847,1328.458984375,6443714
2023-01-08 18:30:00,1328.1839392343245,1365.9237565030876,1328.1839392343245,1361.4298095703125,11498717
2023-01-09 18:30:00,1359.182808712685,1360.9253731659428,1333.5491426282238,1347.947998046875,7158624
2023-01-10 18:30:00,1348.177199215431,1370.1882555291525,1342.674435137001,1349.3236083984375,6173092
2023-01-11 18:30:00,1359.136903308,1361.9341866547943,1334.4203647021725,1357.8988037109375,6591385
2023-01-12 18:30:00,1360.558315130151,1393.4832067580094,1346.3428423397786,1379.0384521484375,11610426
2023-01-15 18:30:00,1384.8624058326163,1401.370699412078,1377.8005694719036,1399.077880859375,6073063
2023-01-16 18:30:00,1400.453510280707,1414.393801685257,1397.7021281387017,1411.9176025390625,5922644
2023-01-17 18:30:00,1416.732580138559,1423.24416242099,1412.0093515411083,1417.3287353515625,5843098
2023-01-18 18:30:00,1412.284436925683,1421.1347382958118,1399.6739357893398,1411.3673095703125,6165284
2023-01-19 18:30:00,1410.5419708855652,1416.9618628206752,1397.7021870153455,1399.123779296875,6496429
2023-01-22 18:30:00,1407.7906002862817,1424.574076980102,1401.4623986498889,1419.7132568359375,4855020
2023-01-23 18:30:00,1430.7187486357643,1438.7895145635266,1421.3181927553053,1423.2900390625,5200802
2023-01-24 18:30:00,1418.7960730383943,1427.0502195525155,1411.2297720671163,1415.1275634765625,4158617
2023-01-26 18:30:00,1417.8791235943916,1422.4188599652923,1382.478024270618,1393.2542724609375,6209955
2023-01-29 18:30:00,1402.104482387963,1416.0447747672706,1394.0337160921315,1411.2757568359375,6964719
2023-01-30 18:30:00,1420.53866769089,1420.53866769089,1387.6137712822178,1406.6441650390625,9448126
2023-01-31 18:30:00,1414.393818239772,1426.1789947825198,1401.4165552146444,1422.5562744140625,6194199
2023-02-01 18:30:00,1423.3816939621152,1455.4352511160564,1423.3816939621152,1452.50048828125,6916834
2023-02-02 18:30:00,1465.110829332441,1471.668311773151,1442.6412109796115,1466.8533935546875,7040194
2023-02-05 18:30:00,1465.5697246336003,1465.5697246336003,1432.186261706708,1439.7525634765625,4570612
2023-02-06 18:30:00,1438.9728179482734,1445.438610573436,1426.224725341101,1432.9197998046875,4336238
2023-02-07 18:30:00,1435.7629765999538,1470.1552548640857,1435.7629765999538,1458.691162109375,7983338
2023-02-08 18:30:00,1463.9187005529932,1485.5170954490195,1454.6099470732718,1482.9949951171875,6904911
2023-02-09 18:30:00,1479.2806324268656,1482.3530988577234,1464.1480299444947,1475.245361328125,4786762
2023-02-12 18:30:00,1464.652428439592,1464.652428439592,1436.2214796095184,1437.55126953125,4001199
2023-02-13 18:30:00,1453.3716512253498,1463.7352349511611,1447.3645343194853,1461.213134765625,5043736
2023-02-14 18:30:00,1452.7296857900087,1466.4865956933231,1445.3926671749075,1464.6982421875,3465747
2023-02-15 18:30:00,1467.4039353614166,1480.656382371035,1465.4320889324677,1469.0548095703125,4290289
2023-02-16 18:30:00,1461.901041196995,1462.8181685754123,1444.934184696277,1452.54638671875,2857734
2023-02-19 18:30:00,1453.6009151504752,1470.1551082186377,1451.3539979762904,1460.4793701171875,2417716
2023-02-20 18:30:00,1466.2115851689005,1468.9171782738615,1445.3928371814657,1448.602783203125,2723288
2023-02-21 18:30:00,1433.47013701294,1444.4756658959568,1426.4083007612826,1432.36962890625,3656244
2023-02-22 18:30:00,1439.7524657040512,1439.7524657040512,1419.850845363736,1422.189453125,4766854
2023-02-23 18:30:00,1430.7187958678808,1438.9729427671186,1416.9618843691512,1422.1436767578125,2790986
2023-02-26 18:30:00,1412.3762259804244,1412.3762259804244,1377.5253840406476,1384.220458984375,4920268
2023-02-27 18:30:00,1389.998182009159,1397.702074099726,1358.5407812408764,1364.2728271484375,9679811
2023-02-28 18:30:00,1368.7210658416525,1376.4707482224333,1358.7243539750916,1372.068603515625,5125043
2023-03-01 18:30:00,1361.9342350192826,1365.235871380038,1345.701124272383,1350.149169921875,4644499
2023-03-02 18:30:00,1363.539219676714,1366.3365031467508,1350.9287173928365,1356.7066650390625,4615015
2023-03-05 18:30:00,1370.6927064845922,1394.400425758518,1369.4087058218104,1382.5235595703125,6561742
2023-03-07 18:30:00,1367.0243593044893,1372.0226591031646,1358.3574377680816,1368.99609375,4137080
2023-03-08 18:30:00,1371.1052454859175,1374.1775993977094,1352.3958271032006,1357.7152099609375,5104656
2023-03-09 18:30:00,1339.0060106489143,1352.1209773156488,1336.850783639018,1349.598876953125,3699580
2023-03-12 18:30:00,1342.8579415523982,1355.7895279106722,1309.6579732857313,1316.1695556640625,8798403
2023-03-13 18:30:00,1321.5805984711983,1328.321462547265,1294.066776157433,1302.3209228515625,7402784
2023-03-14 18:30:00,1318.829266229014,1323.2773119475332,1299.4319983717653,1302.0,7556182
2023-03-15 18:30:00,1300.3032376058477,1300.3032376058477,1282.786015172728,1287.738525390625,7323117
2023-03-16 18:30:00,1311.4922204768466,1323.3231866747517,1294.4336727271848,1302.962890625,9090018
2023-03-19 18:30:00,1302.0456322126888,1302.0456322126888,1270.0837669911443,1287.3258056640625,8221829
2023-03-20 18:30:00,1283.0611764780233,1288.5639406373286,1274.8070302390654,1275.448974609375,8536755
2023-03-21 18:30:00,1286.7298879439784,1290.6276798354693,1267.6078018788835,1274.119384765625,8356487
2023-03-22 18:30:00,1269.258481654683,1269.258481654683,1256.464598589347,1260.6375732421875,7607718
2023-03-23 18:30:00,1272.972797414035,1283.015297395886,1263.3429599696206,1266.23193359375,7559127
2023-03-26 18:30:00,1271.3676732322765,1280.080382264346,1260.22455455309,1273.8438720703125,4170193
2023-03-27 18:30:00,1276.7329164174637,1282.1439899820111,1261.8295975067283,1263.4345703125,6633366
2023-03-28 18:30:00,1264.7186272999518,1274.715337897841,1251.466181751986,1268.8916015625,8813966
2023-03-30 18:30:00,1287.6469035198686,1311.4463153951938,1278.3839389266643,1309.612060546875,8711975
2023-04-02 18:30:00,1316.0777246615953,1316.0777246615953,1288.7014961247696,1293.9290771484375,5242764
2023-04-04 18:30:00,1283.9785067762718,1309.1995131593774,1283.9785067762718,1305.576904296875,7506334
2023-04-05 18:30:00,1298.6522809308383,1310.0246820529576,1293.4704891987503,1304.0633544921875,6948465
2023-04-09 18:30:00,1305.9434783219242,1315.160653204444,1297.7352331131715,1309.291015625,4993788
2023-04-10 18:30:00,1310.483299665465,1314.5644716127188,1273.8898958181142,1289.61865234375,6942255
2023-04-11 18:30:00,1295.9467919023184,1312.8677460127374,1283.9782357092786,1309.9329833984375,5831169
2023-04-12 18:30:00,1292.9203774786415,1294.1126879036103,1268.3872190480308,1274.0733642578125,11267238
2023-04-16 18:30:00,1146.684222382017,1156.635030453476,1087.0709523316075,1154.021240234375,53171705
2023-04-17 18:30:00,1164.7060261991676,1164.7060261991676,1149.2524501837186,1154.9844970703125,12430884
2023-04-18 18:30:00,1150.3986208573567,1150.3986208573567,1127.5163392156835,1130.084228515625,11307230
2023-04-19 18:30:00,1128.7086346529145,1135.266117885482,1120.1794170940875,1122.013671875,8621249
2023-04-20 18:30:00,1126.3243202709632,1131.0475495380106,1118.895609516621,1125.636474609375,8691352
2023-04-23 18:30:00,1126.2325338323783,1128.0667887734735,1117.0612591269032,1124.6734619140625,8313774
2023-04-24 18:30:00,1124.3521987449235,1133.1108094759409,1114.3096993227584,1123.3892822265625,6808576
2023-04-25 18:30:00,1126.232364666585,1130.818001330537,1119.3998108189048,1125.8197021484375,5680192
2023-04-26 18:30:00,1128.0667716038745,1144.3916851127638,1123.848007694374,1142.9700927734375,8020704
2023-04-27 18:30:00,1151.6368776414,1154.6634429645403,1141.7777576955154,1148.931396484375,10118277
2023-05-01 18:30:00,1150.5821028387063,1173.6936660942754,1150.5821028387063,1171.584228515625,8886401
2023-05-02 18:30:00,1161.0833162689144,1167.044644512001,1157.506496932256,1163.9722900390625,5549783
2023-05-03 18:30:00,1163.788693033167,1170.0711048738815,1157.8732664731897,1168.007568359375,4505401
2023-05-04 18:30:00,1173.0058612365624,1173.0058612365624,1150.3069596997327,1154.7550048828125,5373791
2023-05-07 18:30:00,1157.827335157907,1165.026874150822,1151.1781621177383,1160.71630859375,5260842
2023-05-08 18:30:00,1161.083344621019,1166.5861092874693,1156.2225243840412,1165.393798828125,4969897
2023-05-09 18:30:00,1170.6212812654812,1170.6212812654812,1154.8008357032843,1158.56103515625,6515734
2023-05-10 18:30:00,1164.9810367298412,1170.1628287388498,1149.2064908153254,1152.003662109375,6888461
2023-05-11 18:30:00,1149.4816913442992,1151.9121015289377,1136.366835704728,1142.007080078125,8292212
2023-05-14 18:30:00,1146.317457613311,1163.742876662217,1142.4196665102663,1154.067138671875,5534710
2023-05-15 18:30:00,1160.1662364323145,1168.3744824143912,1158.1026996481462,1159.5242919921875,5236469
2023-05-16 18:30:00,1156.1306391276796,1156.4516112883057,1139.4847564270556,1143.5660400390625,10465667
2023-05-17 18:30:00,1154.2965053260136,1155.2595338626716,1139.4848756551935,1142.74072265625,6948732
2023-05-18 18:30:00,1151.9578558336234,1167.7783026634847,1148.9771919381424,1163.742919921875,11094136
2023-05-21 18:30:00,1167.457405166064,1188.2303654109237,1164.9812057001773,1185.6624755859375,7625947
2023-05-22 18:30:00,1191.5318755827825,1205.2429974114864,1189.560141232225,1192.3115234375,7436031
2023-05-23 18:30:00,1188.8724826187242,1196.8514474870192,1184.2868448888887,1191.0277099609375,4824077
2023-05-24 18:30:00,1187.2214442639772,1198.6855370050357,1182.4065253127328,1196.255126953125,4334121
2023-05-25 18:30:00,1197.7682245623137,1213.7720507750516,1197.7682245623137,1208.269287109375,5521606
2023-05-28 18:30:00,1222.255654468869,1222.255654468869,1201.2993155421436,1205.4722900390625,4419365
2023-05-29 18:30:00,1206.0223620534443,1216.477635339615,1200.6571899058342,1214.138916015625,6274719
2023-05-30 18:30:00,1210.4705525350664,1220.7882355808035,1205.24297124017,1209.049072265625,17800782
2023-05-31 18:30:00,1212.9466969743737,1219.3206866207606,1208.8654135135414,1210.1494140625,4277841
2023-06-01 18:30:00,1216.655749596294,1220.2806442692772,1204.619361093427,1207.3612060546875,10909311
2023-06-04 18:30:00,1212.008539400872,1217.0740205048828,1205.7812402951347,1212.4732666015625,5002553
2023-06-05 18:30:00,1197.6949566393228,1197.6949566393228,1183.195490212996,1188.772216796875,10008100
2023-06-06 18:30:00,1199.460719013535,1202.713808913998,1192.025084955334,1198.02001953125,5397578
2023-06-07 18:30:00,1195.464131149108,1200.8550117245732,1190.72393668932,1192.3040771484375,5034942
2023-06-08 18:30:00,1192.0250915515326,1192.0250915515326,1174.830187696793,1176.642578125,5339073
2023-06-11 18:30:00,1183.6602050671725,1204.2940478285252,1183.1954778567024,1200.80859375,4785588
2023-06-12 18:30:00,1208.1977083560882,1214.3320842529808,1205.548786202746,1212.7984619140625,4846587
2023-06-13 18:30:00,1214.1926836588375,1214.5179699939283,1201.970336101225,1208.6624755859375,3457981
2023-06-14 18:30:00,1202.6674808789603,1202.6674808789603,1192.1647141872293,1196.02197265625,6161155
2023-06-15 18:30:00,1196.2077995523568,1209.6848882031022,1190.677591317118,1200.52978515625,8536287
2023-06-18 18:30:00,1202.714111328125,1207.826111028515,1196.2544479993342,1202.714111328125,4451787
2023-06-19 18:30:00,1202.7140333935445,1212.93803213182,1200.018592852604,1211.450927734375,4009180
2023-06-20 18:30:00,1208.2441733725773,1211.8226634951286,1203.6434195847064,1207.6865234375,4041529
2023-06-21 18:30:00,1198.4384055285493,1198.4384055285493,1183.6600593630037,1191.1422119140625,6676607
2023-06-22 18:30:00,1186.402095840736,1189.0975364568558,1174.2262651500378,1175.7598876953125,7239467
2023-06-25 18:30:00,1180.6394991230177,1184.1249532633135,1173.2038636237187,1180.732421875,3403244
2023-06-26 18:30:00,1189.701634643748,1191.560543447879,1184.3107537282526,1188.91162109375,3240024
2023-06-27 18:30:00,1198.996091881142,1205.2233905407331,1191.0028072936905,1202.1097412109375,5662358
2023-06-29 18:30:00,1215.9121063481953,1244.4464222893582,1212.426652618648,1241.2862548828125,12821692
2023-07-02 18:30:00,1236.174345371954,1251.0456156922185,1234.7336456761632,1239.61328125,7732412
2023-07-03 18:30:00,1249.4654796889213,1251.0455066392035,1237.4754963466114,1250.2554931640625,5797775
2023-07-04 18:30:00,1262.059704711734,1262.152627465157,1246.3984198903297,1252.2540283203125,5414936
2023-07-05 18:30:00,1247.8390092927943,1252.3932449368162,1242.819933005186,1249.09375,5963897
2023-07-06 18:30:00,1239.8922016871068,1250.8598092744526,1231.8523982272873,1236.3602294921875,6295647
2023-07-09 18:30:00,1242.26226225529,1247.2348203575657,1226.229174648363,1235.38427734375,3940315
2023-07-10 18:30:00,1239.3807809101422,1255.599826389003,1233.3858461072232,1253.4620361328125,6126128
2023-07-11 18:30:00,1255.6929980734994,1256.5295297943237,1233.386090631779,1239.24169921875,8102770
2023-07-12 18:30:00,1240.728739413603,1279.67290266319,1236.9644035943056,1268.7982177734375,9977644
2023-07-13 18:30:00,1283.251252109647,1329.1198044888868,1283.251252109647,1325.35546875,12833381
2023-07-16 18:30:00,1325.3553796402884,1356.027373066275,1314.5273272735951,1322.5670166015625,11569884
2023-07-17 18:30:00,1332.8376271158952,1373.6871031492155,1328.1903550548216,1371.131103515625,16743977
2023-07-18 18:30:00,1381.169320827392,1393.0663832409173,1357.6540777205,1370.8988037109375,13687062
2023-07-19 18:30:00,1367.2274100444115,1367.2274100444115,1339.0648965954,1347.244140625,8347221
2023-07-20 18:30:00,1227.0655747810806,1254.7633595078023,1212.9379141908755,1237.661376953125,45548305
2023-07-23 18:30:00,1246.398337830829,1254.670504599167,1240.1245206940966,1242.3087158203125,8859789
2023-07-24 18:30:00,1242.6805423705,1248.1178279606174,1230.829998679233,1240.4498291015625,6801982
2023-07-25 18:30:00,1248.2572943766568,1254.7634753600048,1244.9112811341215,1253.694580078125,5528885
2023-07-26 18:30:00,1262.756642875828,1267.5898735162018,1252.0215133305276,1257.691162109375,9191861
2023-07-27 18:30:00,1258.3417870049511,1267.6363307852569,1241.7510490488623,1245.93359375,6122735
2023-07-30 18:30:00,1253.6016166280715,1261.7343425932213,1239.1950734898064,1260.061279296875,7902180
2023-07-31 18:30:00,1265.9169045571427,1272.4230854175687,1261.2696325139816,1268.89111328125,6064652
2023-08-01 18:30:00,1272.7021482029206,1275.165111969193,1253.3229302586433,1261.13037109375,7419145
2023-08-02 18:30:00,1254.7634441524986,1270.145959906921,1253.8339897494227,1268.0546875,6503741
2023-08-03 18:30:00,1272.3301049407662,1288.13082917061,1265.9168471204257,1281.1134033203125,5712345
2023-08-06 18:30:00,1289.989907339258,1296.589011516147,1279.85883072239,1294.7301025390625,3729093
2023-08-07 18:30:00,1294.5905182197114,1295.2412043648678,1286.73667404534,1292.12744140625,4161877
2023-08-08 18:30:00,1286.3650226189875,1297.518476572331,1284.9708408748195,1296.0313720703125,4090828
2023-08-09 18:30:00,1293.428738571801,1297.332515182076,1287.8520120932285,1291.1051025390625,3873025
2023-08-10 18:30:00,1293.8004268479058,1298.3082576548654,1270.610586707097,1275.0718994140625,5783517
2023-08-13 18:30:00,1275.071982593474,1296.5888744198694,1269.2628926543166,1295.2412109375,4304135
2023-08-15 18:30:00,1311.274398380743,1319.7788159280838,1306.2553216018096,1318.43115234375,7735313
2023-08-16 18:30:00,1319.825280033983,1319.825280033983,1306.812918118155,1311.971435546875,5618346
2023-08-17 18:30:00,1304.6750735005544,1309.3223454207798,1288.3632171358356,1290.8262939453125,5134103
2023-08-20 18:30:00,1291.709264831686,1307.742353385992,1289.2927060601864,1306.2552490234375,3032722
2023-08-21 18:30:00,1305.6046160284368,1306.8594702986447,1298.1225758070195,1304.7216796875,2890714
2023-08-22 18:30:00,1316.1073972557133,1316.665047189912,1306.4875671497327,1308.625244140625,2559125
2023-08-23 18:30:00,1321.219189314543,1324.5187972179706,1314.6664916027432,1323.1710205078125,5171963
2023-08-24 18:30:00,1313.3191091316864,1322.1489262136051,1311.832004735964,1319.918212890625,4307172
2023-08-27 18:30:00,1319.9181310643205,1324.286634688253,1311.8319234109513,1315.7821044921875,3133464
2023-08-28 18:30:00,1323.5432489172626,1323.915053420517,1315.4570399007985,1317.6412353515625,3074444
2023-08-29 18:30:00,1326.3314181496944,1335.30067572943,1323.5430549720843,1333.906494140625,3070887
2023-08-30 18:30:00,1333.906412438649,1342.9685922108208,1327.8649592572012,1334.1851806640625,9792735
2023-08-31 18:30:00,1330.002812639452,1343.991147630047,1327.4468128773617,1341.9927978515625,3582133
2023-09-03 18:30:00,1341.2027322887438,1366.2980017078678,1333.4882151949037,1361.74365234375,4609014
2023-09-04 18:30:00,1361.6505092095856,1375.63884139419,1353.7501478933525,1374.5699462890625,5496840
2023-09-05 18:30:00,1377.3584299899496,1378.2878843440208,1360.070601695981,1373.2222900390625,5075786
2023-09-06 18:30:00,1366.8557356852762,1369.458253612965,1358.908967956038,1362.76611328125,4411743
2023-09-07 18:30:00,1360.25649837947,1370.7128602563196,1357.1892535120792,1365.9261474609375,3125838
2023-09-10 18:30:00,1365.9262284990148,1373.7801866277496,1361.1860335253727,1372.29296875,4182226
2023-09-11 18:30:00,1377.916150314902,1397.8994199484737,1372.8970738547118,1395.2039794921875,6793161
2023-09-12 18:30:00,1398.8288435447748,1398.8288435447748,1383.632287105664,1392.64794921875,4804686
2023-09-13 18:30:00,1398.8289666028186,1405.8463931809229,1393.3916806868526,1400.641357421875,6444213
2023-09-14 18:30:00,1410.9119103107828,1411.2837147970909,1402.546819933446,1404.96337890625,8657816
2023-09-17 18:30:00,1398.7358880088802,1398.7358880088802,1383.0280866448795,1386.56005859375,3991916
2023-09-19 18:30:00,1372.0605053905272,1389.6272158004997,1372.0605053905272,1385.119384765625,4169337
2023-09-20 18:30:00,1381.680565209184,1398.4107453961012,1371.8747753272223,1395.8082275390625,6779195
2023-09-21 18:30:00,1386.6529684238076,1400.641188325793,1380.4255561991947,1390.6031494140625,5455613
2023-09-24 18:30:00,1384.7476626343905,1384.7476626343905,1367.7387146063886,1370.1552734375,4217863
2023-09-25 18:30:00,1374.8023261196104,1375.4994168322296,1356.0737996154826,1357.607421875,3996528
2023-09-26 18:30:00,1353.2857660190866,1365.9263246582736,1347.755557070318,1363.509765625,3863586
2023-09-27 18:30:00,1364.3462461230529,1368.714636770685,1333.7671712132335,1337.9031982421875,5814602
2023-09-28 18:30:00,1331.0715313315343,1344.734578140231,1316.107339220012,1334.1851806640625,6068968
2023-10-02 18:30:00,1334.7429511957962,1335.625887435849,1320.1040453314158,1332.8375244140625,4181867
2023-10-03 18:30:00,1324.4723576469637,1347.662196700851,1318.1520231181903,1342.457275390625,4510406
2023-10-04 18:30:00,1349.5677537176623,1371.5493723980028,1347.8946904576385,1360.2099609375,7384621
2023-10-05 18:30:00,1365.8333416160965,1379.775158645182,1360.07076929426,1374.38427734375,3598672
2023-10-08 18:30:00,1361.5577278028998,1385.8164641413844,1359.0481329313968,1371.3634033203125,3567552
2023-10-09 18:30:00,1379.217465679009,1391.393296146582,1365.4614945887647,1389.673828125,5688951
2023-10-10 18:30:00,1391.3932433298958,1411.144149422588,1376.940181958551,1388.9766845703125,7220129
2023-10-11 18:30:00,1386.6529740945282,1398.2711535251433,1349.567722660248,1362.1153564453125,11081662
2023-10-12 18:30:00,1305.8834648401426,1336.555460811477,1301.2361927232737,1330.188720703125,17973439
2023-10-15 18:30:00,1331.0716238772634,1341.7603494799057,1329.1197923285388,1332.97705078125,4850745
2023-10-16 18:30:00,1338.6467739103207,1350.8226045344618,1336.6020195003289,1340.6915283203125,3923764
2023-10-17 18:30:00,1340.2732005613768,1351.426652993233,1336.8806694215968,1338.925537109375,4264837
2023-10-18 18:30:00,1325.49490296724,1338.0890555260446,1325.49490296724,1332.5123291015625,6795691
2023-10-19 18:30:00,1329.1198424704962,1337.0202051704955,1324.7049339028497,1326.5638427734375,3928622
2023-10-22 18:30:00,1325.030331666136,1331.3041496318458,1306.1159550094235,1309.276123046875,2636516
2023-10-24 18:30:00,1317.137163082653,1320.4794799105882,1281.6432340369931,1289.8812255859375,6940777
2023-10-25 18:30:00,1275.7591696776635,1293.600262701033,1273.923205151914,1279.901611328125,6357656
2023-10-26 18:30:00,1283.8557413785777,1303.956418417084,1283.8557413785777,1299.5784912109375,4634358
2023-10-29 18:30:00,1299.578632909673,1299.578632909673,1283.3380187073392,1296.4718017578125,2667696
2023-10-30 18:30:00,1299.2020849293924,1300.3319358033273,1283.24396131538,1288.3280029296875,3451595
2023-10-31 18:30:00,1292.7057061877338,1296.8481472235055,1272.5579091746342,1274.91162109375,3090672
2023-11-01 18:30:00,1289.834096100156,1295.765495943668,1281.972721492604,1289.975341796875,3758060
2023-11-02 18:30:00,1299.2962891749294,1310.5469878192453,1297.1308279223888,1307.7696533203125,3349045
2023-11-05 18:30:00,1312.335688818848,1324.9044879431974,1309.4171089173929,1321.1856689453125,2736381
2023-11-06 18:30:00,1318.0788882083543,1323.633672222704,1313.2302178841162,1322.1273193359375,2272209
2023-11-07 18:30:00,1322.7861337778295,1322.7861337778295,1305.3215449018542,1309.6053466796875,3550635
2023-11-08 18:30:00,1314.2187005328617,1315.725053279232,1289.8813406007866,1294.3533935546875,5498051
2023-11-09 18:30:00,1289.7870751538298,1292.7998955154703,1281.3608320382564,1288.75146484375,2943649
2023-11-12 18:30:00,1299.1079216804326,1301.5557594451382,1290.6345575452056,1293.1766357421875,3462092
2023-11-14 18:30:00,1317.1372799012984,1331.2595523805833,1311.4883709095843,1327.96435546875,8551860
2023-11-15 18:30:00,1333.2366316222942,1368.3540614057245,1328.058465108388,1360.3514404296875,6673907
2023-11-16 18:30:00,1356.726715350655,1366.0944431282535,1351.0778065575678,1353.4315185546875,4901251
2023-11-19 18:30:00,1357.6211505386314,1367.0359990167078,1349.7597750449072,1352.537109375,3584210
2023-11-20 18:30:00,1357.621085267004,1365.152963687348,1352.6782900536532,1354.796630859375,3793135
2023-11-21 18:30:00,1352.1604184890853,1373.5791976051314,1352.1604184890853,1372.49658203125,3108786
2023-11-22 18:30:00,1382.0057382429595,1382.0057382429595,1362.9876738861756,1364.447021484375,3186928
2023-11-23 18:30:00,1360.9635301203575,1367.6480498608116,1349.948087939533,1353.2904052734375,2973195
2023-11-27 18:30:00,1359.504127646951,1360.445612499892,1343.5460053605395,1358.2801513671875,3755373
2023-11-28 18:30:00,1366.1887841970392,1375.2270167066754,1364.964922721827,1374.19140625,3875778
2023-11-29 18:30:00,1368.21286477539,1375.179875684024,1364.729416784748,1370.001708984375,10120867
2023-11-30 18:30:00,1374.4738659652146,1374.4738659652146,1361.5284482373077,1367.318603515625,3489187
2023-12-03 18:30:00,1374.991394397921,1385.7714640337217,1364.493931093046,1378.6632080078125,5511948
2023-12-04 18:30:00,1380.0286364435226,1381.064246866101,1357.6212494620409,1368.8719482421875,5123039
2023-12-05 18:30:00,1371.5081438440814,1390.5732132882845,1366.1417258233223,1388.03125,5269178
2023-12-06 18:30:00,1386.6659544767813,1386.6659544767813,1376.262615719604,1380.1226806640625,4424453
2023-12-07 18:30:00,1384.359451550866,1407.237466186765,1380.4522661411922,1403.895263671875,6323433
2023-12-10 18:30:00,1402.8124958995527,1410.3443750721678,1395.2806167269378,1401.4002685546875,3862018
2023-12-11 18:30:00,1391.0436957618062,1402.8122549476082,1381.7700941088613,1389.6785888671875,6103494
2023-12-12 18:30:00,1389.6316388053183,1389.6787590187653,1349.2890359623275,1364.2115478515625,8549258
2023-12-13 18:30:00,1377.7689770027378,1422.5836336750658,1375.838887054938,1413.5924072265625,12489858
2023-12-14 18:30:00,1433.9285107001283,1495.5957668241963,1431.9984208352305,1486.0396728515625,18395389
2023-12-17 18:30:00,1476.2010899731836,1499.7853308836295,1468.9988229814394,1472.811767578125,6467243
2023-12-18 18:30:00,1478.2254196692145,1481.8501135515992,1452.9465730697686,1467.115966796875,4221721
2023-12-19 18:30:00,1473.471002139645,1490.8413527319508,1440.471910123072,1446.4974365234375,6592367
2023-12-20 18:30:00,1432.2338260213533,1456.1475641627426,1432.2338260213533,1446.1207275390625,5319038
2023-12-21 18:30:00,1445.1320854708788,1474.3652352440706,1433.8813877884545,1471.4466552734375,6741060
2023-12-25 18:30:00,1445.1792254261095,1457.4185283124546,1433.8814073771755,1453.60546875,6878067
2023-12-26 18:30:00,1453.6526019531718,1478.131207944611,1453.6526019531718,1475.40087890625,4225849
2023-12-27 18:30:00,1477.1425892283842,1477.1425892283842,1464.0089217215004,1471.2113037109375,5702253
2023-12-28 18:30:00,1450.8752194379208,1468.1984480838207,1449.886614411702,1452.616943359375,4388990
2023-12-31 18:30:00,1448.9451947683858,1465.8919221925776,1445.4146265550123,1460.572509765625,2808451
2024-01-01 18:30:00,1455.5355811804557,1458.5012814497022,1433.8814295846275,1444.6143798828125,5396313
2024-01-02 18:30:00,1431.0098022399532,1431.0098022399532,1400.9294082948825,1402.8123779296875,7550363
2024-01-03 18:30:00,1416.8875744672805,1430.821596173285,1405.5427510177758,1424.18408203125,7056038
2024-01-04 18:30:00,1418.582205079393,1449.6040828896844,1418.1114626851406,1442.87255859375,8895403
2024-01-07 18:30:00,1439.483154876404,1446.1206687605984,1424.701889324203,1433.693115234375,4440136
2024-01-08 18:30:00,1451.6755526579025,1462.1260117914826,1436.5646744337396,1439.8128662109375,4412074
2024-01-09 18:30:00,1435.7173203076957,1445.6029115375234,1416.9347429419645,1430.962890625,4096845
2024-01-10 18:30:00,1435.6702550988025,1435.7643805973064,1399.6113397659765,1406.7666015625,11296088
2024-01-11 18:30:00,1470.5992842073904,1523.3224339613043,1464.385507400434,1518.379638671875,26754401
2024-01-14 18:30:00,1548.6954842465418,1567.525181565214,1540.2692406673768,1555.4271240234375,13228305
2024-01-15 18:30:00,1548.5542635934448,1552.0377114243083,1529.9128183588118,1536.07958984375,6500917
2024-01-16 18:30:00,1525.4408120839046,1551.0962739751476,1525.4408120839046,1544.223388671875,9209876
2024-01-17 18:30:00,1546.5302745152717,1552.5086809561617,1532.9728682637174,1546.483154296875,6375464
2024-01-18 18:30:00,1554.9564321078524,1568.043095154959,1547.9424155997167,1562.1116943359375,4522736
2024-01-22 18:30:00,1553.5442072103745,1576.7047127157934,1541.8697714896578,1546.0594482421875,9401255
2024-01-23 18:30:00,1562.7707540892902,1581.6945769350064,1548.7426065821935,1577.36376953125,8999681
2024-01-24 18:30:00,1575.0570668097866,1582.2124437614616,1560.9819139785684,1571.432373046875,8865304
2024-01-28 18:30:00,1567.7135599982494,1581.0825992301918,1551.1904544983925,1559.663818359375,4253785
2024-01-29 18:30:00,1565.171396519599,1591.1093493392334,1551.8023580167996,1554.8150634765625,4995943
2024-01-30 18:30:00,1551.8024734029086,1569.690686352798,1542.2463787626282,1563.7122802734375,6763779
2024-01-31 18:30:00,1562.4412365507558,1578.8701012939357,1553.7795069313138,1560.0875244140625,5760011
2024-02-01 18:30:00,1568.5608388941694,1617.941672001784,1567.5722338568344,1594.2633056640625,7858483
2024-02-04 18:30:00,1595.5815235195898,1601.230432881512,1583.4363454059862,1588.4732666015625,3634135
2024-02-05 18:30:00,1588.0496182360184,1631.5932938509086,1575.998565824632,1628.2509765625,7694265
2024-02-06 18:30:00,1627.8272320398985,1627.8272320398985,1588.143624421415,1594.639892578125,4613877
2024-02-07 18:30:00,1598.6412091518755,1606.50258433862,1584.3306859949523,1593.08642578125,5919715
2024-02-08 18:30:00,1586.1194941932167,1593.8397389846994,1562.6766131725003,1571.667724609375,4600004
2024-02-11 18:30:00,1572.6092188693096,1593.8867538003944,1572.6092188693096,1581.7886962890625,3555808
2024-02-12 18:30:00,1584.5190460262058,1590.262080783314,1566.1600909474707,1585.9783935546875,2696481
2024-02-13 18:30:00,1563.0531172122069,1571.7618521594686,1539.7984871618105,1568.7020263671875,3768579
2024-02-14 18:30:00,1578.870044759722,1588.9910065851047,1564.3711555313787,1578.258056640625,4834391
2024-02-15 18:30:00,1590.1678309849335,1608.997527029752,1589.1792259716428,1602.07763671875,4880654
2024-02-18 18:30:00,1605.2316136506747,1611.3512649637123,1588.943880338882,1600.288818359375,3690993
2024-02-19 18:30:00,1586.401957891193,1595.1106926748687,1571.1028292171682,1586.6373291015625,3706389
2024-02-20 18:30:00,1576.0457659509111,1576.0457659509111,1549.0251945486225,1558.6754150390625,4300508
2024-02-21 18:30:00,1567.5722005233338,1586.0252797181995,1548.1776365233488,1582.9654541015625,5841277
2024-02-22 18:30:00,1597.6998249586602,1599.064932049705,1574.0685776987198,1578.7288818359375,5373072
2024-02-25 18:30:00,1576.939887241313,1576.939887241313,1548.74246403424,1563.0059814453125,2782438
2024-02-26 18:30:00,1563.8063128021718,1573.315286661556,1556.0861831168934,1566.254150390625,5159088
2024-02-27 18:30:00,1572.2796869156691,1589.0381630824766,1564.7949283890164,1573.45654296875,3188916
2024-02-28 18:30:00,1567.5722998042163,1583.812913721107,1556.5569728576138,1575.9515380859375,7814722
2024-02-29 18:30:00,1571.3382798848747,1574.115614336737,1554.391551881323,1557.875,6387291
2024-03-03 18:30:00,1560.8406106080845,1567.0543875331723,1538.0567235736469,1541.39892578125,4445156
2024-03-04 18:30:00,1538.386193843857,1541.5401450012134,1508.2586796437324,1512.495361328125,4596579
2024-03-05 18:30:00,1509.0119027331225,1525.3466412368125,1483.7800637991031,1522.8988037109375,6420684
2024-03-06 18:30:00,1522.004404894455,1533.16097752347,1510.3299696204092,1521.8631591796875,6348359
2024-03-10 18:30:00,1514.048807986973,1519.3682201060792,1495.0778662328694,1506.9405517578125,6752895
2024-03-11 18:30:00,1506.375688833194,1529.9128089712128,1504.1632225256892,1518.56787109375,4614222
2024-03-12 18:30:00,1518.5209919740516,1529.442193639996,1505.0107068778148,1517.1087646484375,5688997
2024-03-13 18:30:00,1519.9331026141767,1560.746446205705,1513.9075768353332,1556.556884765625,8803799
2024-03-14 18:30:00,1545.0706272548478,1549.4956746136215,1523.6518488178438,1538.3861083984375,11809997
2024-03-17 18:30:00,1534.620439520146,1537.1153975760035,1505.2931608959914,1508.870849609375,4958904
2024-03-18 18:30:00,1499.173324716635,1505.4342217324486,1466.833344252129,1470.0814208984375,6870411
2024-03-19 18:30:00,1471.540913554951,1482.7916122525826,1461.5140762832607,1463.9619140625,4759059
2024-03-20 18:30:00,1472.4822954464405,1484.6744782005846,1453.087730653012,1463.7264404296875,11062497
2024-03-21 18:30:00,1431.9985126005026,1439.4362661905388,1410.5326112138532,1420.5594482421875,14673890
2024-03-25 18:30:00,1404.6952628966692,1419.2411564778474,1400.8351983634532,1405.3072509765625,8351081
2024-03-26 18:30:00,1408.4612802603947,1411.2857346994197,1394.8568706833632,1397.022216796875,6857402
2024-03-27 18:30:00,1400.129150066849,1423.3367734843898,1400.129150066849,1410.391357421875,12499530
2024-03-31 18:30:00,1435.7644049013911,1440.4247089660323,1405.4486385196594,1407.9434814453125,6580002
2024-04-01 18:30:00,1397.963902513809,1405.7782735557334,1394.197962720566,1396.0809326171875,7279400
2024-04-02 18:30:00,1392.4559266118883,1407.6138078985316,1388.6899876622956,1394.0093994140625,8736248
2024-04-03 18:30:00,1403.3302528566012,1408.1318024819914,1382.0997240670574,1399.7054443359375,11186915
2024-04-04 18:30:00,1393.4446504316754,1399.7054325276108,1389.678711160811,1392.5501708984375,5072482
2024-04-07 18:30:00,1396.2221726052949,1403.7069319426523,1387.842933614302,1390.290771484375,6610887
2024-04-08 18:30:00,1402.812483387176,1425.2198696967855,1400.2705201600338,1407.378662109375,9423230
2024-04-09 18:30:00,1412.5567483925915,1421.5008543199365,1397.6813569645744,1418.62939453125,6744595
2024-04-11 18:30:00,1415.993212241118,1418.6294157880386,1392.926833451286,1397.86962890625,12275616
2024-04-14 18:30:00,1393.397662027,1404.6483606920183,1375.5565690145563,1382.2410888671875,8531224
2024-04-15 18:30:00,1366.094545486242,1370.001730679685,1330.3652406637968,1331.6832275390625,16173541
2024-04-17 18:30:00,1337.9439943607726,1360.163012124985,1325.1398243718486,1336.2022705078125,22107945
2024-04-18 18:30:00,1303.9564344137511,1343.3575498977525,1298.0721544750609,1328.67041015625,20603621
2024-04-21 18:30:00,1336.8142967644503,1352.772418228229,1330.3651488397245,1348.912353515625,5859087
2024-04-22 18:30:00,1358.5627927933492,1362.187486891906,1349.147943224442,1357.9979248046875,4856174
2024-04-23 18:30:00,1359.7865843478146,1359.7865843478146,1343.54597104933,1347.0294189453125,4268213
2024-04-24 18:30:00,1336.9084594402714,1360.351454707475,1336.9084594402714,1354.27880859375,9089398
2024-04-25 18:30:00,1355.455578865194,1360.8221110164066,1343.498768244188,1346.55859375,8062444
2024-04-28 18:30:00,1346.2763584949014,1355.5500771957609,1344.6758800505927,1350.7955322265625,5055957
2024-04-29 18:30:00,1350.7481874189334,1352.4900262289832,1334.601815150425,1337.42626953125,6936588
2024-05-01 18:30:00,1330.3181204493865,1340.6744540126867,1329.2353898641163,1331.6832275390625,10076354
2024-05-02 18:30:00,1338.8855920418562,1341.4276701119534,1321.0915052605797,1333.425048828125,8842345
2024-05-05 18:30:00,1336.9085948576374,1361.104711483765,1334.1782655868928,1342.46337890625,6445422
2024-05-06 18:30:00,1341.568931255247,1358.892277291326,1332.7660699731557,1356.6326904296875,6080661
2024-05-07 18:30:00,1351.2660079049356,1355.502689344108,1342.1806569443534,1343.78125,6234983
2024-05-08 18:30:00,1344.0167568835536,1365.1059257902891,1341.4746788069972,1355.3145751953125,6088406
2024-05-09 18:30:00,1351.0779452607514,1351.925189724819,1330.3181573439954,1341.5218505859375,8777481
2024-05-12 18:30:00,1341.6159637564915,1341.6159637564915,1328.623426347066,1340.1566162109375,3735954
2024-05-13 18:30:00,1342.933967170194,1349.8538575959403,1335.0725919265954,1341.3333740234375,3463230
2024-05-14 18:30:00,1342.5573572737128,1348.0180152167325,1335.5433413149956,1336.861328125,4327544
2024-05-15 18:30:00,1350.0421774524657,1370.566593499511,1343.4989036055658,1368.3070068359375,9249145
2024-05-16 18:30:00,1371.7433096292284,1371.7433096292284,1355.0319549649053,1359.7864990234375,7542860
2024-05-20 18:30:00,1346.3234055041823,1360.1631875478636,1344.8170526513272,1350.2305908203125,6752663
2024-05-21 18:30:00,1345.1465142625411,1374.520796372084,1344.4404006067602,1369.6722412109375,7173285
2024-05-22 18:30:00,1369.5778382448275,1391.6557248851932,1365.1529058313445,1386.2421875,8641428
2024-05-23 18:30:00,1382.3350849297278,1389.160849864678,1374.5678351761635,1379.369384765625,5277938
2024-05-26 18:30:00,1385.7244045177397,1393.0209118473929,1374.8032036291474,1385.253662109375,5821844
2024-05-27 18:30:00,1389.1609456307224,1389.6316880724814,1374.8504213721912,1381.2054443359375,6186922
2024-05-28 18:30:00,1379.652011269009,1379.7461367746178,1365.1531206572472,1366.0474853515625,7401634
2024-05-29 18:30:00,1358.3744929324191,1365.011892683433,1338.3679383178287,1343.922607421875,9663150
2024-05-30 18:30:00,1353.8619835736356,1379.742614221291,1344.4507812144127,1351.0770263671875,37113815
2024-06-02 18:30:00,1382.8636553906256,1382.8636553906256,1348.29206400586,1350.11669921875,10589244
2024-06-03 18:30:00,1353.09357909204,1358.8555105856897,1304.4532506211224,1338.3526611328125,13736134
2024-06-04 18:30:00,1344.594729280313,1380.9428896837226,1344.594729280313,1373.3563232421875,9233424
2024-06-05 18:30:00,1387.6171483700416,1415.8026912541518,1380.4627967662166,1413.833984375,12660930
2024-06-06 18:30:00,1422.2368434730788,1478.607696455328,1418.6356360706318,1472.749755859375,24075302
2024-06-09 18:30:00,1464.7790697698574,1469.1005184048513,1437.8900560410068,1440.2427978515625,6810606
2024-06-10 18:30:00,1440.530920339611,1446.6768867495505,1434.67286293827,1436.4014892578125,4853054
2024-06-11 18:30:00,1447.205207418443,1448.8857708643502,1423.9173996680136,1426.2701416015625,9564320
2024-06-12 18:30:00,1435.6813586014816,1445.284578391458,1430.2555159747842,1434.6729736328125,7307565
2024-06-13 18:30:00,1444.0360586769375,1444.0360586769375,1427.0864701658527,1429.8233642578125,4237727
2024-06-17 18:30:00,1437.6019330325926,1447.2051523581276,1436.0654413858667,1438.7542724609375,5420939
2024-06-18 18:30:00,1445.2845473689924,1455.51199967115,1437.313828223679,1451.382568359375,5493456
2024-06-19 18:30:00,1456.1361637531038,1457.2885031581282,1439.618556511379,1455.2718505859375,7927010
2024-06-20 18:30:00,1483.6975056622882,1495.94161129154,1463.2425999556383,1471.885498046875,17301941
2024-06-23 18:30:00,1464.0588504809766,1468.428244941943,1455.271881344855,1466.5556640625,5564989
2024-06-24 18:30:00,1465.4513439015984,1482.641130817365,1460.0255012602715,1480.7684326171875,4551525
2024-06-25 18:30:00,1479.8561366420593,1487.3946405637594,1474.0942048965353,1479.5679931640625,4851004
2024-06-26 18:30:00,1477.4072265440695,1515.7721579895249,1471.261259972567,1510.9224853515625,14757754
2024-06-27 18:30:00,1510.1542645475977,1525.4713521019703,1502.1835458139797,1504.5843505859375,8197544
2024-06-30 18:30:00,1497.6220524294586,1536.4190819140294,1497.6220524294586,1527.68017578125,6801771
2024-07-01 18:30:00,1532.86600586883,1568.9742086490014,1523.550928895523,1556.7301025390625,10493173
2024-07-02 18:30:00,1560.5232067482063,1571.086748455425,1542.2770892539197,1562.8280029296875,7269965
2024-07-03 18:30:00,1563.5962185483268,1594.13450474685,1563.4042010408868,1585.155517578125,8008311
2024-07-04 18:30:00,1585.9236853770542,1599.7523453204356,1568.5418810019864,1582.0823974609375,7065022
2024-07-07 18:30:00,1577.904975049744,1599.8963711842514,1574.9280004454815,1595.718994140625,5880533
2024-07-08 18:30:00,1594.0384684368903,1600.61665051487,1585.491579421059,1591.3975830078125,5191182
2024-07-09 18:30:00,1591.2535253565572,1607.5789990626895,1572.575309683498,1582.8507080078125,9852770
2024-07-10 18:30:00,1590.2932550444575,1598.9361531696993,1576.896809841057,1587.1241455078125,8857679
2024-07-11 18:30:00,1613.3409533828683,1651.5137527263023,1600.5206781808122,1643.8311767578125,17078316
2024-07-14 18:30:00,1657.7076984616265,1659.4363248574064,1635.092186939841,1639.317626953125,6942230
2024-07-15 18:30:00,1650.4092519603355,1668.943512173137,1632.547287437264,1657.563720703125,6886281
2024-07-17 18:30:00,1650.7934479826547,1695.3524103380762,1650.7934479826547,1688.2940673828125,11248896
2024-07-18 18:30:00,1770.8336868455729,1770.8336868455729,1715.5671113876276,1721.8092041015625,29819116
2024-07-21 18:30:00,1728.7235038558324,1750.6668359793866,1721.8091157912577,1738.9989013671875,8462126
2024-07-22 18:30:00,1738.1828177182376,1766.9444146897588,1712.4942042519597,1764.0155029296875,7113056
2024-07-23 18:30:00,1764.5915628208677,1769.249100779416,1747.4017766683005,1761.182373046875,6002845
2024-07-24 18:30:00,1747.7859434479678,1758.2534761150766,1740.1033678723722,1752.4434814453125,5815599
2024-07-25 18:30:00,1752.923709894062,1808.2862957121283,1752.923709894062,1804.3489990234373,11369047
2024-07-28 18:30:00,1818.4656425678857,1827.4926924499405,1790.040135957272,1796.8583984375,4635931
2024-07-29 18:30:00,1796.8583403917328,1805.357166029777,1786.1987904104494,1802.6683349609373,2721265
2024-07-30 18:30:00,1802.524276915124,1810.350924152097,1791.048476651269,1794.1214599609375,5004209
2024-07-31 18:30:00,1782.4535340253058,1793.785379837503,1771.889992657827,1779.0924072265625,7475014
2024-08-01 18:30:00,1769.8734206834515,1785.7187334567975,1744.0887987976405,1748.9383544921875,7400938
2024-08-04 18:30:00,1714.1266318965754,1726.178719359178,1650.3613476722037,1682.3880615234375,10736703
2024-08-05 18:30:00,1690.3586573166167,1725.6504891423297,1675.6177387613052,1681.6197509765625,7690163
2024-08-06 18:30:00,1724.7382902879888,1726.5629255103806,1692.183351452448,1720.5609130859375,5094329
2024-08-07 18:30:00,1709.3251315403352,1709.3251315403352,1658.572136260406,1673.9853515625,6227910
2024-08-08 18:30:00,1700.9702732851492,1710.0933319139192,1686.325363381071,1700.4901123046875,4258524
2024-08-11 18:30:00,1702.698946723047,1731.9407043499043,1697.9452825491308,1726.082763671875,4315329
2024-08-12 18:30:00,1738.1827024097588,1738.1827024097588,1718.0640047615366,1726.130615234375,4176918
2024-08-13 18:30:00,1730.5002617824882,1752.5876680094568,1726.130749746865,1750.9071044921875,7450718
2024-08-15 18:30:00,1776.5955951852964,1787.9753867685558,1756.908995346757,1785.1904296875,7335657
2024-08-18 18:30:00,1786.1988792940135,1793.449357119504,1775.827355039649,1790.8084716796875,2585989
2024-08-19 18:30:00,1805.405353385153,1810.879141874375,1794.0735069359491,1797.914794921875,3870333
2024-08-20 18:30:00,1800.6995713961778,1804.444850251852,1793.0169961955314,1798.394775390625,1966902
2024-08-21 18:30:00,1809.2465931329775,1818.513723597305,1795.51394205871,1805.6453857421875,4300287
2024-08-22 18:30:00,1803.67673695606,1807.902177209496,1783.3179574078772,1788.215576171875,5015935
2024-08-25 18:30:00,1795.8021261828926,1813.8081635443525,1790.0401942272256,1801.7081298828125,3728589
2024-08-26 18:30:00,1801.7079786991785,1827.2525181137996,1799.5472543971127,1824.7076416015625,3830679
2024-08-27 18:30:00,1831.237958279541,1873.588133022963,1822.1148997127973,1862.1602783203125,6514531
2024-08-28 18:30:00,1856.3023384955795,1873.1079727033768,1844.6824662886909,1856.638427734375,7228284
2024-08-29 18:30:00,1861.1039704725115,1872.6278340667684,1851.5007508106305,1866.5777587890625,13466759
2024-09-01 18:30:00,1866.241657337013,1897.356112283312,1865.713550595146,1886.552490234375,5573739
2024-09-02 18:30:00,1888.9533893572925,1888.9533893572925,1859.6155051280512,1864.22509765625,4694322
2024-09-03 18:30:00,1844.8744872415468,1850.7324277310104,1824.6597803927025,1846.1708984375,4778310
2024-09-04 18:30:00,1849.8201661965988,1863.0245930805456,1833.8307821972223,1856.4464111328125,4081810
2024-09-05 18:30:00,1845.7388167038996,1859.6634851962024,1821.5866958391305,1826.3883056640625,5848106
2024-09-08 18:30:00,1815.008600298448,1844.6345108844123,1814.048278287708,1819.47412109375,4772612
2024-09-09 18:30:00,1829.317300201853,1858.2229673598688,1820.7704114285848,1836.4237060546875,6909600
2024-09-10 18:30:00,1838.7284033553788,1849.5800883553493,1829.4133272673623,1834.3590087890625,5312946
2024-09-11 18:30:00,1848.619909793952,1878.774045014654,1834.9833838435984,1873.06005859375,8555092
2024-09-12 18:30:00,1873.05981264334,1880.8864596141436,1858.8471187859725,1866.9617919921875,3843127
2024-09-15 18:30:00,1868.5464710616527,1874.548483367517,1856.3504289468576,1872.867919921875,1570181
2024-09-16 18:30:00,1870.4671897008432,1880.7425882881328,1865.0894099053755,1875.0767822265625,2793127
2024-09-17 18:30:00,1861.8242226231127,1861.8242226231127,1806.6537722399733,1817.0732421875,6385468
2024-09-18 18:30:00,1834.791051102084,1848.5237015550497,1804.2528841458936,1819.041748046875,7976570
2024-09-19 18:30:00,1829.4133034638185,1839.016522904573,1793.3052218119396,1830.133544921875,15242974
2024-09-22 18:30:00,1833.2546020080952,1842.761812755645,1803.9167195535472,1821.2025146484373,3636672
2024-09-23 18:30:00,1813.087822795001,1835.0792186672709,1797.1465020357018,1823.2672119140625,7277616
2024-09-24 18:30:00,1811.503436175212,1826.148347119212,1802.3324311332524,1820.098388671875,4268341
2024-09-25 18:30:00,1822.498942813643,1841.8493352545952,1817.8893508178403,1824.8516845703125,8952803
2024-09-26 18:30:00,1855.438133669678,1896.2518191297415,1827.7809300940016,1831.093994140625,14908931
2024-09-29 18:30:00,1805.40537191387,1825.8122145485347,1796.282312853667,1801.179931640625,6986955
2024-09-30 18:30:00,1800.603757202924,1833.2066423426224,1800.603757202924,1828.7891845703125,4029072
2024-10-02 18:30:00,1814.528280610594,1835.991452228292,1806.3655442331449,1818.2735595703125,7503887
2024-10-03 18:30:00,1814.5764408447044,1876.5651542030091,1811.1672509312864,1842.0416259765625,10001483
2024-10-06 18:30:00,1846.8912352709824,1864.9453358766805,1840.025026708701,1857.5509033203125,6112575
2024-10-07 18:30:00,1861.007899519078,1880.2622839615103,1830.7096956078076,1871.2353515625,5637391
2024-10-08 18:30:00,1875.07665925967,1898.5564839074104,1867.922190438456,1875.2686767578125,4857163
2024-10-09 18:30:00,1880.2143346978123,1886.07227503949,1838.1521871723023,1842.8577880859373,4782119
2024-10-10 18:30:00,1841.8974879353768,1869.7468243014484,1834.310921135121,1858.3189697265625,4709431
2024-10-13 18:30:00,1855.4860705732613,1891.354071794841,1854.477685639696,1881.1746826171875,3751378
2024-10-14 18:30:00,1882.2310163628915,1912.433094709219,1874.3083602991192,1881.558837890625,5353705
2024-10-15 18:30:00,1877.42944464905,1881.7989564876757,1840.312977195666,1843.9141845703125,3111512
2024-10-16 18:30:00,1858.415027332384,1899.516854492198,1853.5654717255,1890.0096435546875,8162822
2024-10-17 18:30:00,1818.657760223304,1859.9995499352583,1795.0818094027522,1805.0211181640625,10526196
2024-10-20 18:30:00,1816.064897246326,1823.459446927408,1765.0718228709857,1779.236572265625,4654601
2024-10-21 18:30:00,1784.470181434696,1803.2925852339904,1773.666559613223,1778.132080078125,4125240
2024-10-22 18:30:00,1772.034052723245,1811.1671716222952,1770.833650303029,1799.067138671875,4311910
2024-10-23 18:30:00,1787.5431906883384,1809.246441971513,1786.1987165960795,1789.415771484375,2906475
2024-10-24 18:30:00,1789.5118373771484,1801.9000136074255,1773.138418954866,1788.16748046875,4689120
2024-10-27 18:30:00,1785.9107053224764,1807.229923208772,1783.3178829165497,1791.3365478515625,7018940
2024-10-28 18:30:00,1792.9391324904534,1798.378144066303,1776.4277753656768,1786.4317626953125,4621252
2024-10-29 18:30:00,1779.3416136488445,1786.1404080241402,1744.7163014394891,1750.301025390625,5919715
2024-10-30 18:30:00,1736.5092654474463,1736.5092654474463,1696.2992285309076,1706.740234375,7395236
2024-10-31 18:30:00,1713.7816813488191,1715.2385657478123,1701.6895882617994,1710.236572265625,371966
2024-11-03 18:30:00,1674.9314693544443,1716.2098616116575,1668.618303479812,1712.9561767578125,7336722
2024-11-04 18:30:00,1709.4110437798347,1717.6181118779048,1694.842199656711,1703.7777099609375,3160880
2024-11-05 18:30:00,1713.296194916247,1774.679548579323,1711.985022561022,1771.2801513671875,10421494
2024-11-06 18:30:00,1760.8390975998177,1773.22261567757,1735.6350435250165,1751.2237548828125,4550965
2024-11-07 18:30:00,1765.7439982122546,1787.694367437014,1761.0334287500186,1777.3504638671875,4210960
2024-11-10 18:30:00,1776.427742360696,1814.306737413767,1770.163186757311,1806.6337890625,3804234
2024-11-11 18:30:00,1817.317558488208,1826.9330191433785,1807.507894006288,1815.083740234375,5012450
2024-11-12 18:30:00,1807.605094015565,1819.3572716489664,1802.943134866599,1814.6953125,4257495
2024-11-13 18:30:00,1811.975680567675,1822.0767695268305,1802.6516440521305,1810.9559326171875,4311431
2024-11-17 18:30:00,1796.047127993138,1796.047127993138,1743.4050832115963,1759.3822021484375,4839244
2024-11-18 18:30:00,1773.0283689800722,1806.24528689049,1768.2206977377823,1772.2999267578125,4669769
2024-11-20 18:30:00,1789.0540816629436,1813.335488851637,1768.26917339711,1781.3326416015625,5436504
2024-11-21 18:30:00,1800.80625185363,1859.0331371970144,1781.2840242640295,1847.572265625,6301486
2024-11-24 18:30:00,1860.927145784527,1864.1323391283015,1827.904430253904,1835.383056640625,12764638
2024-11-25 18:30:00,1850.194581938472,1882.8773790978912,1842.7645663309447,1868.8427734375,6850495
2024-11-26 18:30:00,1874.621750796134,1885.5969943515,1856.7992214996743,1869.1827392578125,4447143
2024-11-27 18:30:00,1859.8586361338637,1859.8586361338637,1798.4266776839895,1803.282958984375,8468790
2024-11-28 18:30:00,1797.8925063282472,1823.0480681141644,1791.9678666332622,1804.448486328125,5244346
2024-12-01 18:30:00,1805.5655210664468,1828.6814691911163,1782.4495729417774,1825.7677001953125,2868263
2024-12-02 18:30:00,1832.760605927078,1845.144123534693,1817.3662175546283,1837.7139892578125,4715792
2024-12-03 18:30:00,1829.8468273930628,1858.935905488834,1821.1055208927776,1834.9459228515625,4705573
2024-12-04 18:30:00,1845.386971128795,1893.8526842407528,1834.654541582606,1879.2352294921875,9050038
2024-12-05 18:30:00,1877.2442779990852,1882.2461532385448,1857.4306251975145,1867.1431884765625,3573331
2024-12-08 18:30:00,1868.8912975545848,1874.7188352688952,1842.6673778401905,1868.357177734375,4274645
2024-12-09 18:30:00,1883.2659588503625,1909.101352624084,1876.4671647750904,1892.54150390625,6174921
2024-12-10 18:30:00,1898.806057875605,1921.1449526741412,1895.8922889888397,1917.4056396484373,5025612
2024-12-11 18:30:00,1918.425358927604,1941.347102009896,1913.9091120699152,1929.88623046875,6462130
2024-12-12 18:30:00,1913.132112410419,1948.777171484316,1897.6406217246504,1942.22119140625,5362693
2024-12-15 18:30:00,1938.0933607570853,1942.1240981650324,1920.756459296608,1923.1361083984373,3119221
2024-12-16 18:30:00,1911.432497419917,1925.0300863243267,1901.7199339167669,1919.7852783203125,5811050
2024-12-17 18:30:00,1910.266971091808,1927.8951783904936,1905.216367108079,1922.261962890625,3064095
2024-12-18 18:30:00,1878.4097533316565,1903.4196039771011,1864.8121646312209,1890.259033203125,5323592
2024-12-19 18:30:00,1918.3768510152893,1923.038809987995,1856.3135514684036,1866.9002685546875,11056720
2024-12-22 18:30:00,1874.5732490554924,1884.2372017118132,1854.1282567360065,1868.988525390625,2781793
2024-12-23 18:30:00,1871.6594932162752,1886.1797274213889,1787.111585198432,1854.1768798828125,2360544
2024-12-25 18:30:00,1854.1769374713,1864.5693327398988,1847.6209572676305,1852.5743408203125,3623321
2024-12-26 18:30:00,1854.5168074679775,1868.8428379280156,1849.1748978049127,1861.655517578125,3937500
2024-12-29 18:30:00,1860.635616070436,1860.927040380296,1832.2749799986575,1851.2144775390625,7789055
2024-12-30 18:30:00,1837.9082915665465,1842.473148621904,1792.0164326986576,1825.9617919921875,3613063
2024-12-31 18:30:00,1820.134335963438,1838.5395957247829,1820.134335963438,1828.3900146484373,1838368
2025-01-01 18:30:00,1832.7607301511275,1906.2362966487788,1831.109641782825,1901.57421875,7083645
2025-01-02 18:30:00,1896.8149857004253,1896.8149857004253,1866.7546499738075,1883.023193359375,6218003
2025-01-05 18:30:00,1895.8923485784164,1916.288731426852,1872.5821967516329,1882.1490478515625,7164403
2025-01-06 18:30:00,1889.093520205408,1902.254090611412,1868.357221729347,1875.3502197265625,4294832
2025-01-07 18:30:00,1874.5246254427705,1882.8774057609292,1834.460303784991,1877.5841064453125,5482050
2025-01-08 18:30:00,1878.4583629543145,1895.74665458795,1855.6338390718156,1862.1898193359373,6833503
2025-01-09 18:30:00,1881.3233976824297,1920.950700979764,1876.709930393327,1910.4124755859373,8036913
2025-01-12 18:30:00,1899.777330605508,1925.8070469770787,1892.9785364775744,1905.799072265625,5804152
2025-01-13 18:30:00,1912.2579998126723,1915.12327712042,1875.5930733895989,1884.285888671875,5792162
2025-01-14 18:30:00,1891.036010381721,1901.7684398888916,1881.420549328485,1893.60986328125,2985439
2025-01-15 18:30:00,1909.4412763032324,1910.41253260361,1861.7526156669912,1873.0191650390625,7533579
2025-01-16 18:30:00,1797.795420989787,1804.5942151264317,1759.9164250856263,1763.2672119140625,16409953
2025-01-19 18:30:00,1770.5517282126625,1775.4080099966866,1741.60835991682,1761.17919921875,4333011
2025-01-20 18:30:00,1766.7638099629812,1779.0016155615642,1741.5111463055791,1748.941162109375,7169109
2025-01-21 18:30:00,1755.448693830049,1812.1700865447272,1753.2633671133483,1803.0887451171875,8373913
2025-01-22 18:30:00,1804.5941442893445,1825.5247642701756,1799.446438649042,1811.8299560546875,5907471
2025-01-23 18:30:00,1811.8786496612856,1840.4336089404928,1810.6645792715367,1821.5426025390625,4887027
2025-01-26 18:30:00,1795.6101350752897,1809.450537739156,1759.9164650474238,1769.6290283203125,7652371
2025-01-27 18:30:00,1777.3990640797924,1809.9361507719636,1772.4456805643415,1777.15625,6999495
2025-01-28 18:30:00,1791.9678626583263,1834.36322360914,1787.5972093347696,1827.1759033203125,5145155
2025-01-29 18:30:00,1819.3086909049005,1832.954770249272,1790.9965471548646,1806.488037109375,7336056
2025-01-30 18:30:00,1817.2205970496625,1842.910279604707,1817.2205970496625,1825.7677001953125,5820470
2025-01-31 18:30:00,1826.2533177597816,1836.2571867836969,1792.9391783431893,1798.1353759765625,1701402
2025-02-02 18:30:00,1783.2265984737835,1822.6110895629577,1779.7300994439906,1809.741943359375,4823228
2025-02-03 18:30:00,1834.703198206104,1856.2650411997824,1821.1056096540208,1844.2215576171875,7334787
2025-02-04 18:30:00,1851.214424585252,1864.5205878724964,1839.850773810688,1842.521728515625,4996744
2025-02-05 18:30:00,1861.898330498206,1868.6971246106148,1845.3869733680704,1860.587158203125,4765255
2025-02-06 18:30:00,1864.13219104828,1868.40562375176,1835.140096778848,1848.9320068359373,4126260
2025-02-09 18:30:00,1850.2432794461592,1850.2432794461592,1824.602089026561,1826.2532958984373,3828734
2025-02-10 18:30:00,1828.9727506286144,1848.3007750893653,1816.249316561804,1821.7369384765625,4411601
2025-02-11 18:30:00,1830.8182412610952,1840.142278618334,1793.9104995274497,1809.5963134765625,5633947
2025-02-12 18:30:00,1814.792533979024,1819.648815846776,1782.8867858202054,1790.268310546875,5237744
2025-02-13 18:30:00,1800.7092442878504,1805.856950285683,1775.7964955938853,1803.040283203125,5292961
2025-02-16 18:30:00,1785.703248001718,1799.4950394980904,1769.77462159192,1789.345458984375,4428956
2025-02-17 18:30:00,1789.3456107739096,1808.139397326379,1784.780634818134,1798.7181396484375,4365260
2025-02-18 18:30:00,1794.2989338566194,1796.0471240806544,1753.9917969230971,1758.7509765625,4611411
2025-02-19 18:30:00,1753.65187661327,1778.3703022593725,1753.65187661327,1772.6884765625,2218020
2025-02-20 18:30:00,1769.4347905187403,1777.2533326664163,1754.2830972545896,1762.8302001953125,3379879
2025-02-23 18:30:00,1748.309923055587,1756.0313630959042,1699.9413126430345,1713.3931884765625,7594720
2025-02-24 18:30:00,1694.9880113599872,1727.330776075937,1694.9880113599872,1716.8897705078125,5092963
2025-02-26 18:30:00,1704.748997302386,1724.805463456364,1700.7668702151418,1713.5875244140625,5757079
2025-02-27 18:30:00,1704.603415594686,1704.6519072727174,1634.0901134127998,1639.189208984375,12182167
2025-03-02 18:30:00,1643.6571185043986,1678.9136517994152,1643.6571185043986,1659.488525390625,7504969
2025-03-03 18:30:00,1646.2794646548505,1650.1644899401715,1621.9980566215932,1639.7720947265625,6759673
2025-03-04 18:30:00,1643.8026956375877,1683.1385762213686,1643.8026956375877,1662.30517578125,8180782
2025-03-05 18:30:00,1665.7046071983816,1672.794825837321,1642.4915571816716,1666.5301513671875,10610547
2025-03-06 18:30:00,1654.1465445914585,1655.9919552333556,1627.339895010843,1637.5380859375,8019331
2025-03-09 18:30:00,1637.5380832553346,1669.5895404009018,1628.0197243147556,1652.5439453125,7558981
2025-03-10 18:30:00,1631.7104941166235,1631.7104941166235,1589.9950857541564,1613.83935546875,12671234
2025-03-11 18:30:00,1589.84944650162,1589.84944650162,1518.850635339536,1545.123046875,14870008
2025-03-12 18:30:00,1553.281604513198,1559.886194636392,1525.163782654934,1534.439208984375,7822888
2025-03-16 18:30:00,1500.736758011993,1548.1826065260266,1500.736758011993,1544.34619140625,7526032
2025-03-17 18:30:00,1544.34619140625,1544.34619140625,1544.34619140625,1544.34619140625,0
2025-03-18 18:30:00,1556.9238965430377,1556.9238965430377,1527.5920028100838,1540.94677734375,7387068
2025-03-19 18:30:00,1546.240146235024,1584.9932992405395,1546.240146235024,1569.11328125,7186750
2025-03-20 18:30:00,1532.59385494289,1557.7980274559395,1518.7049607743006,1546.7742919921875,10074677
2025-03-23 18:30:00,1552.0189913058653,1560.9060103586978,1527.4947691913153,1546.968505859375,8857726
2025-03-24 18:30:00,1558.8663000022038,1589.1209562659596,1558.8663000022038,1581.6422119140625,9890140
2025-03-25 18:30:00,1579.2628561729366,1590.6751185099797,1549.153908730525,1553.4759521484375,6651302
2025-03-26 18:30:00,1549.688079270318,1573.3866387891755,1540.4125339270274,1557.4581298828125,9426573
2025-03-27 18:30:00,1544.2975705237486,1552.504639118573,1515.1598805138667,1525.5037841796875,6799047
2025-03-31 18:30:00,1495.0061979771754,1502.92196020728,1474.2212903040318,1482.6226806640625,12680733
2025-04-01 18:30:00,1491.0726643663595,1510.9349273715395,1491.0726643663595,1505.593017578125,6193478
2025-04-02 18:30:00,1490.538435185599,1490.538435185599,1442.3641486583924,1453.4849853515625,10459504
2025-04-03 18:30:00,1418.5197886514006,1429.689235806136,1406.3790852223406,1409.9241943359375,9590254
2025-04-06 18:30:00,1313.1385736419368,1365.489314158466,1269.4320382766357,1356.602294921875,21715252
2025-04-07 18:30:00,1389.8677955834949,1414.634831773138,1374.327694444895,1387.7310791015625,12805001
2025-04-08 18:30:00,1364.663707842691,1368.9371407012395,1342.179100849586,1363.3524169921875,8546854
2025-04-10 18:30:00,1370.6855647660782,1397.4437254302495,1356.893771609889,1368.937255859375,12567440
2025-04-14 18:30:00,1404.0480742507405,1406.087688754894,1368.5001176189407,1385.011474609375,10178530
2025-04-15 18:30:00,1384.0402738742662,1386.4684147056246,1356.6508927211694,1372.4822998046875,12022740
2025-04-16 18:30:00,1357.8162328834976,1388.7022289531085,1338.6825322481727,1378.6982421875,14264227
2025-04-20 18:30:00,1369.4714582615436,1429.4951483248678,1369.4714582615436,1409.29296875,15648970
2025-04-21 18:30:00,1398.6091260339042,1398.6091260339042,1378.5041672717928,1381.903564453125,9399738
2025-04-22 18:30:00,1404.4365301839098,1445.0350886470426,1398.2204665039803,1432.505859375,11136642
2025-04-23 18:30:00,1427.6496829084983,1440.2760150192205,1419.4911061400271,1429.1065673828125,7114292
2025-04-24 18:30:00,1433.08870715148,1458.535575435,1421.4336312546193,1437.653564453125,8329979
2025-04-27 18:30:00,1437.6534907325015,1446.7833234291916,1423.1818670852326,1439.4989013671875,5886253
2025-04-28 18:30:00,1439.4019470928108,1466.4029217301106,1431.7289980215005,1454.4564208984375,8056743
2025-04-29 18:30:00,1453.7764926957282,1465.431568419441,1439.984581952398,1456.9815673828125,7704183
2025-05-01 18:30:00,1456.5930649551544,1479.417588620504,1453.1936678135066,1463.586181640625,7402310
2025-05-04 18:30:00,1471.453369034679,1479.2234198282615,1459.6040889990925,1465.2373046875,4282493
2025-05-05 18:30:00,1462.7119235923028,1472.0359599506996,1456.0102317041706,1468.0538330078125,4270530
2025-05-06 18:30:00,1456.8844481471906,1475.1441139885928,1453.5821530190783,1464.9459228515625,5691799
2025-05-07 18:30:00,1464.654613791716,1472.9102929808605,1458.0500230157727,1467.9569091796875,8424409
2025-05-08 18:30:00,1457.5642989506216,1467.9568126185206,1451.1540310083217,1464.2659912109375,4478653
2025-05-11 18:30:00,1492.8209942326298,1585.0903465111594,1487.96471253376,1580.136962890625,11372857
2025-05-12 18:30:00,1562.7513505672505,1565.859323230766,1519.627548132014,1523.5125732421875,12846210
2025-05-13 18:30:00,1528.75740058924,1549.1537826809642,1524.3867472838704,1546.6285400390625,4870057
2025-05-14 18:30:00,1544.103254657481,1572.0753639006623,1525.8435894847285,1566.6363525390625,11151167
2025-05-15 18:30:00,1566.2479103864578,1566.2479103864578,1536.0418626920532,1544.200439453125,4576751
2025-05-18 18:30:00,1531.185508443418,1539.4411867318856,1510.9833306187809,1514.965576171875,8855798
2025-05-19 18:30:00,1524.8723866170074,1537.9843466293191,1513.2173110505078,1515.7425537109375,7143998
2025-05-20 18:30:00,1522.832797268108,1525.843668126893,1507.4869000940212,1523.41552734375,4157309
2025-05-21 18:30:00,1510.789092948556,1515.936798484799,1495.7346211126817,1503.01904296875,6158990
2025-05-22 18:30:00,1505.447258808557,1541.5779455953386,1505.447258808557,1519.8218994140625,5038421
2025-05-25 18:30:00,1521.5700705826605,1538.275749801986,1517.782147363295,1535.070556640625,3170102
2025-05-26 18:30:00,1534.487964353223,1537.401733466409,1511.6634396332652,1524.9696044921875,7775714
2025-05-27 18:30:00,1535.556238237006,1542.063608140773,1524.8724187426308,1526.6207275390625,3623370
2025-05-28 18:30:00,1543.3263431603168,1562.6543682753302,1531.2827406845122,1540.0240478515625,8609500
2025-05-29 18:30:00,1547.3124739974685,1548.297396005105,1531.652190030095,1539.1375732421875,13148092
2025-06-01 18:30:00,1536.4782943781508,1536.4782943781508,1515.7949327230604,1530.371826171875,4374509
2025-06-02 18:30:00,1535.4933708621093,1543.6682714095227,1512.4461724234918,1519.734619140625,6853403
2025-06-03 18:30:00,1519.7346010168856,1533.8190332918905,1518.158749909477,1527.8109130859375,4548307
2025-06-04 18:30:00,1524.5607331925255,1544.0621159555858,1518.3556767230737,1530.8642578125,6948539
2025-06-05 18:30:00,1531.2581829658582,1545.2441474823067,1519.8331118292815,1540.2210693359375,3960020
2025-06-08 18:30:00,1554.2069160448225,1564.0561360451063,1547.3124620446238,1549.183837890625,2903202
2025-06-09 18:30:00,1560.116482612782,1583.2621501262925,1553.7144894707471,1571.935546875,8591925
2025-06-10 18:30:00,1566.1244242034918,1609.9534525332194,1566.1244242034918,1606.5062255859375,10597410
2025-06-11 18:30:00,1592.6188275892266,1603.452969273507,1574.0037782857437,1584.345458984375,10483574
2025-06-12 18:30:00,1552.2369998927122,1584.7394243828517,1546.5244044661897,1577.844970703125,6968315
2025-06-15 18:30:00,1575.875214344727,1610.15054834862,1573.01891647278,1599.31640625,5591842
2025-06-16 18:30:00,1596.2630097727383,1622.5604988569514,1591.2399317053334,1615.173583984375,7622083
2025-06-17 18:30:00,1596.558578835151,1619.9011823893957,1596.558578835151,1608.2791748046875,5629707
2025-06-18 18:30:00,1599.4148737815738,1605.4228739879738,1587.2018168292147,1593.997802734375,5147760
2025-06-19 18:30:00,1594.58871180959,1606.1122510729597,1584.6410236941556,1598.429931640625,9202821
2025-06-22 18:30:00,1576.8601291540897,1576.8601291540897,1551.6461498856431,1560.116455078125,7943676
2025-06-23 18:30:00,1576.860073737694,1584.739449496533,1552.827953627288,1557.7525634765625,8083992
2025-06-24 18:30:00,1566.025955644839,1595.4751470327865,1561.199813873949,1590.550537109375,7813533
2025-06-25 18:30:00,1584.5425210067874,1599.5132869304996,1582.3756205245834,1591.6339111328125,6519233
2025-06-26 18:30:00,1594.5886581952298,1605.0288069577266,1578.238977654369,1583.7545166015625,8912268
2025-06-29 18:30:00,1590.648993297183,1590.648993297183,1570.064099926214,1577.6480712890625,6294505
2025-06-30 18:30:00,1584.7395342639384,1593.308307768125,1576.367697072364,1582.57275390625,4178937
2025-07-01 18:30:00,1593.6038341220217,1624.1364168524187,1579.2239966239758,1586.2169189453125,8653641
2025-07-02 18:30:00,1594.0962765801005,1607.786716594206,1590.6490495377586,1594.293212890625,5259695
2025-07-03 18:30:00,1600.4981989662078,1618.6207872342948,1587.9897380569496,1615.96142578125,4411273
2025-07-06 18:30:00,1615.272126013176,1619.2118141254034,1598.5284515362102,1602.4681396484375,3294523
2025-07-07 18:30:00,1603.4529602070286,1621.378491891406,1597.0509674297891,1613.9915771484375,4590681
2025-07-08 18:30:00,1613.1052929685202,1613.3022292758048,1599.1193284889714,1609.0670166015625,4580828
2025-07-09 18:30:00,1614.1886858160017,1614.1886858160017,1582.868118202301,1591.43701171875,5330179
2025-07-10 18:30:00,1555.2902357933656,1582.868050545757,1539.433016356687,1570.85205078125,11391755
2025-07-13 18:30:00,1567.7988696310574,1567.7988696310574,1536.2813659941348,1546.623046875,9173426
2025-07-14 18:30:00,1541.5013602388092,1579.4208563061295,1540.4179701114035,1561.6922607421875,7614807
2025-07-15 18:30:00,1555.1918577227598,1587.6942841349517,1554.6993967165145,1583.6561279296875,6223491
2025-07-16 18:30:00,1573.9053927711557,1585.7244570472844,1556.2752645133155,1559.6240234375,7374814
2025-07-17 18:30:00,1568.0942241264431,1575.1857343566385,1556.176692489401,1562.1846923828125,5161833
2025-07-20 18:30:00,1556.1767745731315,1565.041072656143,1543.1758521432762,1560.4119873046875,3682661
2025-07-21 18:30:00,1541.4029254290974,1561.889351060241,1541.4029254290974,1547.2139892578125,8473741
2025-07-22 18:30:00,1552.5325511946266,1567.897309898412,1526.629055261839,1550.7596435546875,8035026
2025-07-23 18:30:00,1556.1767861186595,1558.1466301517212,1524.8562179010848,1529.0914306640625,14169664
2025-07-24 18:30:00,1520.12860228797,1526.1366022975346,1488.512630894258,1492.84619140625,10851259
2025-07-27 18:30:00,1491.0734115180542,1496.392014262957,1460.14683725966,1493.1417236328125,6439855
2025-07-28 18:30:00,1490.0884773327002,1494.3235696797126,1473.5417400906863,1490.8763427734375,7070448
2025-07-29 18:30:00,1496.9830114866083,1498.7557989957106,1483.2925712781332,1496.0965576171875,5719051
2025-07-30 18:30:00,1486.936711768862,1504.0743788045277,1474.428250322285,1486.247314453125,6851407
2025-07-31 18:30:00,1471.374935830292,1476.1024890867666,1443.4031282013243,1447.4412841796875,8702978
2025-08-03 18:30:00,1439.4634841975633,1460.4423706154291,1429.1218033326477,1458.177001953125,8610216
2025-08-04 18:30:00,1456.404084468286,1456.404084468286,1433.0614816224124,1438.2816162109375,10213323
2025-08-05 18:30:00,1430.1067078263495,1434.14486387826,1408.7339490588547,1415.037353515625,10566934
2025-08-06 18:30:00,1408.4383894942564,1420.2574529026,1392.876574581379,1415.234375,9892020
2025-08-07 18:30:00,1403.5138318764698,1411.590144080286,1395.7329241309972,1401.6424560546875,10048009
2025-08-10 18:30:00,1398.4907470266712,1411.7871937906966,1392.6796832838538,1406.66552734375,6625368
2025-08-11 18:30:00,1406.6655976905836,1419.2726477892124,1399.5742071536924,1402.62744140625,9899184
2025-08-12 18:30:00,1403.5138705026145,1412.3781686321047,1400.953097311154,1405.0897216796875,10318063
2025-08-13 18:30:00,1404.6956380205245,1447.835267553816,1404.6956380205245,1425.8714599609375,12902347
2025-08-17 18:30:00,1442.6151494914589,1442.6151494914589,1408.0444126749926,1414.1510009765625,7254561
2025-08-18 18:30:00,1411.0977408332749,1427.5460108318366,1411.0977408332749,1418.2877197265625,3986094
2025-08-19 18:30:00,1418.9770874002822,1476.3980885005717,1418.9770874002822,1473.6402587890625,10413061
2025-08-20 18:30:00,1485.262351237006,1485.262351237006,1461.9197483180794,1473.8372802734375,6565539
2025-08-21 18:30:00,1475.5115598317454,1481.6181481033814,1463.6924963469764,1465.0714111328125,5543397
2025-08-24 18:30:00,1483.981859694785,1515.7948868943363,1483.981859694785,1508.9989013671875,10694531
2025-08-25 18:30:00,1500.03616013844,1515.2039825206518,1495.7024794249892,1506.53662109375,15994798
2025-08-27 18:30:00,1506.5366438633127,1506.5366438633127,1475.413133190423,1477.4814453125,5443364
2025-08-28 18:30:00,1479.254311487481,1479.254311487481,1445.5699084151588,1447.4412841796875,8169075
2025-08-31 18:30:00,1454.4343120627393,1480.7318023736236,1453.941851048263,1476.7921142578125,4546057
2025-09-01 18:30:00,1476.7920565936874,1489.9900353122632,1463.8896025641538,1476.1025390625,5218763
2025-09-02 18:30:00,1477.3829894013984,1479.2543652339205,1450.7900955921732,1456.798095703125,4623483
2025-09-03 18:30:00,1461.6242804276317,1461.6242804276317,1438.0846200594328,1440.94091796875,5787724
2025-09-04 18:30:00,1447.835279098319,1450.4945202945664,1411.3931666312185,1422.8182373046875,5466487
2025-09-07 18:30:00,1429.1218644887508,1436.0163186937275,1406.7641825159365,1411.2947998046875,3811567
2025-09-08 18:30:00,1458.6694341238242,1484.474341584966,1450.297597398603,1481.6181640625,13072640
2025-09-09 18:30:00,1487.330709756259,1511.756823802922,1486.5428442826578,1509.491455078125,7281071
2025-09-10 18:30:00,1500.922609577238,1504.4683046125388,1483.7849433052634,1486.9366455078125,8003662
2025-09-11 18:30:00,1513.8250582606502,1519.636121892633,1498.1647749913177,1502.596923828125,12856963
2025-09-14 18:30:00,1502.5969824151846,1504.4683582651935,1478.5648615170796,1485.6563720703125,6167414
2025-09-15 18:30:00,1485.656397411633,1491.1719366717366,1480.8302554728905,1488.5126953125,8923112
2025-09-16 18:30:00,1494.028241371192,1503.680405062861,1491.1719434573272,1499.4453125,4795698
2025-09-17 18:30:00,1526.6291407021615,1531.5537508334592,1515.302537400178,1517.370849609375,9331945
2025-09-18 18:30:00,1521.3104874589542,1527.9095369547413,1497.179898612735,1516.976806640625,12988129
2025-09-21 18:30:00,1460.3437656419162,1491.8612688721596,1459.6543683506482,1476.8905029296875,15655204
2025-09-22 18:30:00,1470.4885054191882,1490.186944875574,1470.4885054191882,1474.920654296875,9832164
2025-09-23 18:30:00,1464.7758845360097,1474.1326431158675,1460.3437357350242,1472.0643310546875,4937004
2025-09-24 18:30:00,1466.5488557470633,1480.04223903444,1454.2373307659764,1462.4122314453125,9491867
2025-09-25 18:30:00,1452.7599061754568,1456.404069373631,1419.4694954878144,1427.053466796875,8597058
2025-09-28 18:30:00,1437.9860786678707,1442.9106885263222,1414.8404123331482,1420.060546875,10513117
2025-09-29 18:30:00,1421.2424051491353,1430.303639196793,1416.416263441906,1420.060546875,7556305
2025-09-30 18:30:00,1424.197180444367,1427.6444073679877,1405.877655696216,1424.000244140625,6250692
2025-10-02 18:30:00,1417.3027030735375,1426.4625254104503,1411.5901076030302,1424.7880859375,6877533
2025-10-05 18:30:00,1424.7881421800753,1456.5027027407557,1420.5530497148677,1453.744873046875,4630590
2025-10-06 18:30:00,1455.4191203786977,1460.5407866669368,1432.0765182081868,1436.5086669921875,5570320
2025-10-07 18:30:00,1435.0313384295307,1475.4131399913774,1433.061494450904,1472.4583740234375,4657192
2025-10-08 18:30:00,1479.352867871771,1491.171932062491,1464.5790376333712,1486.5428466796875,7028753
2025-10-09 18:30:00,1487.2322078030077,1498.755747016607,1476.2011295853697,1492.058349609375,3738353
2025-10-12 18:30:00,1474.4281763502415,1482.0120273618204,1461.0332617199265,1470.6854248046875,5859355
2025-10-13 18:30:00,1476.3980688327763,1491.5658915845438,1464.0865439092208,1467.435302734375,5600789
2025-10-14 18:30:00,1461.5258266826634,1466.154912139115,1445.373081319078,1452.1690673828125,6986098
2025-10-15 18:30:00,1451.6765810210527,1452.267510183725,1438.478601982591,1449.312744140625,8005748
2025-10-16 18:30:00,1432.9630656678503,1436.410292725158,1412.3781714796953,1419.37109375,16959378
2025-10-19 18:30:00,1431.781048131079,1444.8805586841174,1428.136884861602,1438.87255859375,6994246
2025-10-20 18:30:00,1455.7147580634262,1463.5941342911035,1447.8353818357486,1450.19921875,1698704
2025-10-22 18:30:00,1487.232190432563,1522.6893817276436,1483.292502510887,1505.4532470703125,20358624
2025-10-23 18:30:00,1516.2874003977408,1519.7346273554492,1495.111577657532,1502.4000244140625,8652257
2025-10-26 18:30:00,1510.0,1515.300048828125,1498.0999755859375,1504.5,7273211
2025-10-27 18:30:00,1499.699951171875,1506.5,1490.5,1500.199951171875,8211019
2025-10-28 18:30:00,1500.199951171875,1520.199951171875,1496.9000244140625,1510.4000244140625,4884976
2025-10-29 18:30:00,1507.0,1508.199951171875,1489.0999755859375,1493.800048828125,5608867
2025-10-30 18:30:00,1490.0,1497.0999755859375,1480.699951171875,1482.300048828125,4819814
2025-11-02 18:30:00,1482.300048828125,1491.4000244140625,1474.199951171875,1485.5,5470600
2025-11-03 18:30:00,1479.699951171875,1481.9000244140625,1462.9000244140625,1467.9000244140625,8691330
2025-11-05 18:30:00,1478.5999755859375,1483.0,1461.9000244140625,1466.699951171875,7944752
2025-11-06 18:30:00,1470.0,1480.9000244140625,1449.0999755859375,1476.800048828125,8765759
2025-11-09 18:30:00,1490.0999755859375,1520.0,1490.0,1513.5,9787975
2025-11-10 18:30:00,1525.0,1533.4000244140625,1511.0999755859375,1530.300048828125,13692989
2025-11-11 18:30:00,1540.0,1559.199951171875,1538.0999755859375,1551.699951171875,14635417
2025-11-12 18:30:00,1557.0999755859375,1557.5,1530.300048828125,1541.800048828125,19655689
2025-11-13 18:30:00,1520.0,1530.0,1488.800048828125,1502.800048828125,9739549
2025-11-16 18:30:00,1496.0,1510.199951171875,1492.5,1507.5999755859375,7910354
2025-11-17 18:30:00,1506.0,1506.0,1483.199951171875,1486.4000244140625,7525119
2025-11-18 18:30:00,1490.5,1543.0,1490.5,1541.0999755859375,10981126
2025-11-19 18:30:00,1555.0,1555.0,1534.0,1536.5,7387584
2025-11-20 18:30:00,1531.0,1551.5,1526.300048828125,1545.0,9186302
2025-11-23 18:30:00,1563.5999755859375,1585.0,1541.0,1548.0,19270381
2025-11-24 18:30:00,1549.0,1550.5999755859375,1525.9000244140625,1530.5999755859375,8107952
2025-11-25 18:30:00,1532.0999755859375,1560.300048828125,1532.0999755859375,1557.9000244140625,7575038
2025-11-26 18:30:00,1564.0,1574.300048828125,1552.199951171875,1566.4000244140625,7552252
2025-11-27 18:30:00,1565.0,1568.4000244140625,1557.0,1560.0999755859375,4453221
2025-11-30 18:30:00,1562.5,1574.0,1556.0,1564.0,5341800
2025-12-01 18:30:00,1567.0,1579.9000244140625,1556.0999755859375,1561.0,6335969
2025-12-02 18:30:00,1555.0999755859375,1586.0,1554.0999755859375,1578.699951171875,12895312
2025-12-03 18:30:00,1568.0,1599.0,1568.0,1597.5999755859375,12609619
2025-12-04 18:30:00,1610.0,1631.800048828125,1600.0,1616.199951171875,10344725
2025-12-07 18:30:00,1617.0999755859375,1630.0,1600.199951171875,1610.800048828125,7550413
2025-12-08 18:30:00,1601.199951171875,1606.9000244140625,1582.4000244140625,1599.0,6957599
2025-12-09 18:30:00,1608.0,1608.0,1582.800048828125,1584.800048828125,5116140
2025-12-10 18:30:00,1598.0,1607.4000244140625,1580.5,1598.0,5159319
2025-12-11 18:30:00,1601.4000244140625,1601.800048828125,1582.5999755859375,1598.199951171875,4633912
2025-12-14 18:30:00,1585.0,1610.800048828125,1585.0,1606.800048828125,4190558
2025-12-15 18:30:00,1600.0,1603.0,1585.5999755859375,1592.9000244140625,5499258
2025-12-16 18:30:00,1587.199951171875,1606.9000244140625,1586.0,1602.0,4817628
2025-12-17 18:30:00,1610.5,1630.0,1606.699951171875,1626.800048828125,6577293
2025-12-18 18:30:00,1650.0,1654.9000244140625,1629.800048828125,1638.699951171875,13149023
2025-12-21 18:30:00,1664.0,1693.199951171875,1664.0,1689.5999755859375,23098923
2025-12-22 18:30:00,1679.0,1679.0,1656.4000244140625,1668.300048828125,6593060
2025-12-23 18:30:00,1661.0,1667.5999755859375,1652.5,1663.4000244140625,4271167
2025-12-25 18:30:00,1663.4000244140625,1668.800048828125,1651.699951171875,1656.0999755859375,2006491
2025-12-28 18:30:00,1658.0,1673.0999755859375,1637.0999755859375,1644.699951171875,4062817
2025-12-29 18:30:00,1647.0,1647.9000244140625,1616.800048828125,1621.5999755859375,9395937
2025-12-30 18:30:00,1621.0,1628.5999755859375,1609.199951171875,1615.4000244140625,6538656
2025-12-31 18:30:00,1615.4000244140625,1639.5999755859375,1614.0999755859375,1629.800048828125,3658165
2026-01-01 18:30:00,1635.9000244140625,1643.5,1627.5,1640.4000244140625,2524526
2026-01-04 18:30:00,1637.0,1637.0,1583.0999755859375,1606.4000244140625,5917885
2026-01-05 18:30:00,1600.0999755859375,1619.9000244140625,1599.0,1612.199951171875,4466729
2026-01-06 18:30:00,1615.0,1642.0,1615.0,1639.0,4508079
2026-01-07 18:30:00,1638.9000244140625,1644.300048828125,1608.5999755859375,1613.300048828125,3942131
2026-01-08 18:30:00,1610.0,1631.300048828125,1607.0,1614.0999755859375,6816681
2026-01-11 18:30:00,1610.0999755859375,1613.300048828125,1592.5999755859375,1595.9000244140625,6985362
2026-01-12 18:30:00,1618.0,1618.0,1586.4000244140625,1599.0,8080618
2026-01-13 18:30:00,1588.0,1617.0,1583.0999755859375,1599.800048828125,7557157
2026-01-14 18:30:00,1599.800048828125,1599.800048828125,1599.800048828125,1599.800048828125,0
2026-01-15 18:30:00,1663.699951171875,1694.0,1653.4000244140625,1689.800048828125,19335957
2026-01-18 18:30:00,1685.0,1685.0,1666.5,1681.199951171875,5104958
2026-01-19 18:30:00,1673.0,1680.199951171875,1652.9000244140625,1658.9000244140625,6406503
2026-01-20 18:30:00,1651.0,1657.0,1631.199951171875,1654.4000244140625,6224582
2026-01-21 18:30:00,1666.0,1671.199951171875,1653.800048828125,1663.5,6228892
2026-01-22 18:30:00,1667.199951171875,1675.699951171875,1662.199951171875,1670.800048828125,5869137
2026-01-26 18:30:00,1685.800048828125,1689.4000244140625,1661.0999755859375,1682.699951171875,10673087
2026-01-27 18:30:00,1680.0,1688.800048828125,1650.0,1666.5,8588664
2026-01-28 18:30:00,1658.0,1666.5,1642.0999755859375,1659.5,4749582
2026-01-29 18:30:00,1655.0,1655.0,1618.0999755859375,1641.0,9207926
2026-02-01 18:30:00,1662.0,1662.0,1618.0,1629.4000244140625,6784887
2026-02-02 18:30:00,1727.199951171875,1728.0,1653.0,1656.0,8805868
2026-02-03 18:30:00,1574.0,1584.9000244140625,1510.0999755859375,1535.800048828125,28828622
2026-02-04 18:30:00,1534.0,1551.0,1515.699951171875,1520.199951171875,10628127
2026-02-05 18:30:00,1522.0999755859375,1525.0,1480.0,1507.0999755859375,13900866
2026-02-08 18:30:00,1522.0999755859375,1528.0,1493.0,1497.199951171875,8294615
2026-02-09 18:30:00,1500.0,1515.9000244140625,1491.0,1497.800048828125,8657000
2026-02-10 18:30:00,1501.199951171875,1505.9000244140625,1469.0,1471.9000244140625,7934411
2026-02-11 18:30:00,1428.9000244140625,1435.699951171875,1380.5,1386.0,26048896
2026-02-12 18:30:00,1293.9000244140625,1377.300048828125,1281.5,1369.0999755859375,45785709
2026-02-15 18:30:00,1373.699951171875,1376.0,1338.300048828125,1365.5999755859375,14621891
2026-02-16 18:30:00,1370.0,1431.0,1367.0,1391.199951171875,25347684
2026-02-17 18:30:00,1390.9000244140625,1401.0,1345.300048828125,1373.699951171875,20241373
2026-02-18 18:30:00,1385.0,1402.0,1363.199951171875,1370.5,14574228
2026-02-19 18:30:00,1359.199951171875,1365.0,1338.199951171875,1353.199951171875,12633552
2026-02-22 18:30:00,1352.0,1352.0,1318.0,1327.5,12887826
2026-02-23 18:30:00,1301.0,1303.5999755859375,1264.0999755859375,1275.5,27839061
2026-02-24 18:30:00,1286.199951171875,1323.5999755859375,1286.199951171875,1290.0999755859375,16669618
2026-02-25 18:30:00,1305.5,1314.0,1286.300048828125,1289.0999755859375,11493914
2026-02-26 18:30:00,1326.300048828125,1335.0,1294.199951171875,1300.0999755859375,23141724
2026-03-01 18:30:00,1291.0,1298.800048828125,1273.0,1288.9000244140625,9700361
2026-03-03 18:30:00,1292.0,1317.0,1292.0,1307.4000244140625,15154950
2026-03-04 18:30:00,1320.0,1320.0,1290.0999755859375,1305.800048828125,10362147
2026-03-05 18:30:00,1303.0,1327.199951171875,1303.0,1308.4000244140625,8724291
2026-03-08 18:30:00,1290.0,1318.0,1282.5,1315.0,10068514
2026-03-09 18:30:00,1320.0,1321.0,1284.0999755859375,1295.5999755859375,9600171
2026-03-10 18:30:00,1288.0,1299.5,1271.300048828125,1276.300048828125,7868891
2026-03-11 18:30:00,1272.5,1278.5999755859375,1258.0,1265.800048828125,7599940
2026-03-12 18:30:00,1251.0,1269.5999755859375,1242.5999755859375,1248.300048828125,7366098
2026-03-15 18:30:00,1240.199951171875,1254.300048828125,1224.199951171875,1249.800048828125,12314450
2026-03-16 18:30:00,1245.0,1245.0,1215.0999755859375,1232.9000244140625,11223276
2026-03-17 18:30:00,1238.0,1290.800048828125,1234.9000244140625,1267.0999755859375,12365381
2026-03-18 18:30:00,1244.199951171875,1255.0,1215.0999755859375,1220.800048828125,9156461
2026-03-19 18:30:00,1242.0,1264.800048828125,1229.199951171875,1255.9000244140625,27299975
2026-03-22 18:30:00,1238.199951171875,1261.0999755859375,1227.4000244140625,1256.800048828125,12420293
2026-03-23 18:30:00,1269.0,1297.0,1251.0,1278.300048828125,13613495
2026-03-24 18:30:00,1270.0,1290.5999755859375,1257.0999755859375,1279.0999755859375,10824030
2026-03-26 18:30:00,1285.199951171875,1294.800048828125,1263.199951171875,1269.699951171875,13092541
2026-03-29 18:30:00,1250.0,1265.5,1243.0,1250.5999755859375,14108486
2026-03-31 18:30:00,1290.0,1303.0,1269.5,1275.699951171875,8137156
2026-04-01 18:30:00,1260.0,1305.4000244140625,1259.800048828125,1300.800048828125,12873492
2026-04-05 18:30:00,1301.4000244140625,1320.0,1299.0,1306.199951171875,10208682
2026-04-06 18:30:00,1302.0,1345.0999755859375,1293.5,1339.4000244140625,15355792
2026-04-07 18:30:00,1349.0,1376.9000244140625,1331.0,1346.199951171875,16030133
2026-04-08 18:30:00,1329.9000244140625,1337.5,1314.0,1331.5999755859375,14894607
2026-04-09 18:30:00,1318.0,1318.9000244140625,1283.300048828125,1292.5,19233369
2026-04-12 18:30:00,1272.0,1289.0,1265.699951171875,1276.800048828125,10366082
2026-04-14 18:30:00,1306.300048828125,1322.5,1300.5,1305.300048828125,12098912
2026-04-15 18:30:00,1322.0999755859375,1331.0,1309.0,1319.199951171875,18527029
2026-04-16 18:30:00,1313.0,1328.300048828125,1306.0999755859375,1318.699951171875,12064048
2026-04-19 18:30:00,1320.0,1324.9000244140625,1308.0999755859375,1312.5999755859375,7172300
2026-04-20 18:30:00,1310.0,1325.0,1299.300048828125,1313.199951171875,10057440
2026-04-21 18:30:00,1295.0,1297.699951171875,1255.9000244140625,1268.5999755859375,20088378
2026-04-22 18:30:00,1254.0,1265.699951171875,1226.0,1240.5999755859375,14792854
2026-04-23 18:30:00,1200.0,1223.9000244140625,1152.199951171875,1154.5999755859375,42078914
2026-04-26 18:30:00,1154.5999755859375,1179.9000244140625,1154.5,1170.300048828125,19579883
2026-04-27 18:30:00,1162.699951171875,1169.4000244140625,1149.800048828125,1152.0999755859375,12720276
2026-04-28 18:30:00,1158.5,1178.199951171875,1156.800048828125,1167.5,8303109
2026-04-29 18:30:00,1167.5,1189.800048828125,1159.5999755859375,1181.800048828125,12205669
2026-04-30 18:30:00,1181.800048828125,1181.800048828125,1181.800048828125,1181.800048828125,0
2026-05-03 18:30:00,1195.0,1195.0,1165.199951171875,1168.4000244140625,7735811
2026-05-04 18:30:00,1169.5,1185.199951171875,1160.0999755859375,1171.9000244140625,3399968
